pattern_id,code,pattern,length,density,frequency,found_in
P000,PPPP,X X X X | X X X X | X X X X | X X X X,16,16,1729,"ทยอยนอก สามชั้น, พม่าห้าท่อน หกชั้น, ทะเลบ้า เถา, ทยอยญวน เถา, เขมรราชบุรี สามชั้น, ทยอยใน เถา, ใบ้คลั่ง เถา, ทยอยเขมร สามชั้น …+83"
P001,IILL,- X - X | - X - X | X X - X | X X - X,16,10,996,"ฉิ่งเรื่องพระฉันเช้า (ยิกิน), สาธุการ, แขกโอด สามชั้น, บุหลัน เถา, ตับต้นเพลงฉิ่ง, ระบำสวัสดิรักษา, บังใบ เถา, กลม …+157"
P002,JPJP,- - X X | X X X X | - - X X | X X X X,16,12,760,"เขมรราชบุรี สามชั้น, โอ้ลาว เถา, ทยอยเขมร สามชั้น, ทยอยใน เถา, โหมโรงพม่าวัด, พม่าห้าท่อน สามชั้น, ทะเลบ้า เถา, พม่าห้าท่อน หกชั้น …+73"
P003,NPPP,- X X X | X X X X | X X X X | X X X X,16,15,656,"บุหลัน เถา, โหมโรงพม่าวัด, ทยอยใน เถา, ฉิ่งเรื่องพระฉันเช้า (ยิกิน), เขมรราชบุรี สามชั้น, ทะเลบ้า เถา, สี่บท เถา, ทยอยญวน เถา …+98"
P004,JJJJ,- - X X | - - X X | - - X X | - - X X,16,8,630,"เชิดจีน, ทยอยนอก สามชั้น, พม่าห้าท่อน หกชั้น, ทยอยใน เถา, บุหลัน เถา, โอ้ลาว เถา, ทยอยญวน เถา, แขกลพบุรี สามชั้น …+65"
P005,ILLL,- X - X | X X - X | X X - X | X X - X,16,11,482,"ฉิ่งเรื่องพระฉันเช้า (ยิกิน), ตับต้นเพลงฉิ่ง, แขกมอญ เถา, พม่าเห่ เถา, โหมโรงจีนโล้, สารถี เถา, สุรินทราหู เถา, แขกโอด สามชั้น …+115"
P006,IIII,- X - X | - X - X | - X - X | - X - X,16,8,480,"ฉิ่งเรื่องพระฉันเช้า (ยิกิน), ฉิ่งเรื่องพระฉันเพล (จิ้งจกทอง), ระบำม่านมุ้ยเชียงตา, กราวใน, จีนลั่นถัน เถา, เชิด สองชั้น, ช้าเรื่องขอมดำดิน, เรื่องสีนวล (หลวงบำรุงจิตรเจริญ) …+94"
P007,IJII,- X - X | - - X X | - X - X | - X - X,16,8,427,"ฉิ่งเรื่องพระฉันเช้า (ยิกิน), สี่บท เถา, แขกมอญ เถา, ช้าเรื่องขอมดำดิน, บุหลัน เถา, พม่าห้าท่อน หกชั้น, สุรินทราหู เถา, อกทะเล สามชั้น …+124"
P008,NIII,- X X X | - X - X | - X - X | - X - X,16,9,404,"ฉิ่งเรื่องพระฉันเช้า (ยิกิน), ฉิ่งเรื่องพระฉันเพล (จิ้งจกทอง), เรื่องสีนวล (หลวงบำรุงจิตรเจริญ), สาธุการ, ช้าเรื่องสร้อยสน (พระนคร), ช้าเรื่องขอมดำดิน, เชิดฉาน, พระรามเดินดง …+69"
P009,DDDD,- - - X | - - - X | - - - X | - - - X,16,4,349,"ทะเลบ้า เถา, พม่าห้าท่อน หกชั้น, ระบำเริงอรุณ, ฉิ่งเรื่องพระฉันเพล (จิ้งจกทอง), ทยอยญวน เถา, ระบำชาวนา, เขมรราชบุรี สามชั้น, ช้างประสานงา เถา …+105"
P010,JIII,- - X X | - X - X | - X - X | - X - X,16,8,310,"เทพรัญจวน เถา, พม่าห้าท่อน หกชั้น, ทยอยใน เถา, ระบำสี่บท, สารถี เถา, อาเฮีย เถา, เขมรปี่แก้ว สามชั้น, ระบำม่านมุ้ยเชียงตา …+102"
P011,DIII,- - - X | - X - X | - X - X | - X - X,16,7,300,"ฉิ่งเรื่องพระฉันเพล (จิ้งจกทอง), เหาะ, ฉิ่งเรื่องพระฉันเช้า (ยิกิน), ตับมโหรีนางนาค, จีนล่องหน่าย, เรื่องสีนวล (หลวงบำรุงจิตรเจริญ), ตระย้อนรอย, ระบำสวัสดิรักษา …+106"
P012,DNDN,- - - X | - X X X | - - - X | - X X X,16,8,279,"ตับมโหรีนางนาค, การเวกเล็ก เถา, ทยอยเขมร สามชั้น, บุหลัน เถา, แขกมอญ เถา, อาถรรพ์ เถา, เขมรใหญ่ สามชั้น, ระบำสี่บท …+93"
P013,JPPP,- - X X | X X X X | X X X X | X X X X,16,14,257,"ทยอยญวน เถา, เขมรราชบุรี สามชั้น, เทพบรรทม เถา, สี่บท เถา, ระบำอู่ทอง, บังใบ เถา, แขกขาว เถา, เขมรใหญ่ สามชั้น …+67"
P014,NNNN,- X X X | - X X X | - X X X | - X X X,16,12,224,"บุหลัน เถา, ฉิ่งเรื่องพระฉันเช้า (ยิกิน), ภิรมย์สุรางค์ เถา, แขกขาว เถา, มอญรำดาบ เถา, ทยอยใน เถา, ราตรีประดับดาว เถา, พม่าห้าท่อน หกชั้น …+62"
P015,ODNI,- - - - | - - - X | - X X X | - X - X,16,6,215,"ทยอยนอก สามชั้น, ทะเลบ้า เถา, เขมรราชบุรี สามชั้น, แขกโอด สามชั้น, ทยอยใน เถา, เชิดจีน, โอ้ลาว เถา, บังใบ เถา …+47"
P016,NPPL,- X X X | X X X X | X X X X | X X - X,16,14,180,"เขมรราชบุรี สามชั้น, ฉิ่งเรื่องพระฉันเช้า (ยิกิน), ทะเลบ้า เถา, สี่บท เถา, กลม, บังใบ เถา, ทยอยใน เถา, เรื่องสีนวล (หลวงบำรุงจิตรเจริญ) …+42"
P017,PPPL,X X X X | X X X X | X X X X | X X - X,16,15,166,"พม่าห้าท่อน หกชั้น, โหมโรงกราวนอก, ทยอยนอก สามชั้น, พม่าห้าท่อน สามชั้น, ทยอยใน เถา, ใบ้คลั่ง เถา, ต่อยรูป เถา, แขกลพบุรี สามชั้น …+27"
P018,IINI,- X - X | - X - X | - X X X | - X - X,16,9,136,"ฉิ่งเรื่องพระฉันเช้า (ยิกิน), เรื่องสีนวล (หลวงบำรุงจิตรเจริญ), ฉิ่งเรื่องพระฉันเพล (จิ้งจกทอง), ช้าเรื่องสร้อยสน (พระนคร), ช้าเรื่องขอมดำดิน, พญาเดิน, เหาะ, ช้าเรื่องจีนแส (พระนคร) …+45"
P019,NPNP,- X X X | X X X X | - X X X | X X X X,16,14,125,"ฉิ่งเรื่องพระฉันเช้า (ยิกิน), ช้าเรื่องจีนแส (พระนคร), สี่บท เถา, โสมส่องแสง เถา, โหมโรงแขกมอญทางหลีก, โหมโรงไอยเรศ สามชั้น, ระบำนกเขามะราปี, โหมโรงขวัญเมือง …+40"
P020,OIII,- - - - | - X - X | - X - X | - X - X,16,6,124,"เรื่องสีนวล (หลวงบำรุงจิตรเจริญ), รำวงมาตรฐาน, ฉิ่งเรื่องพระฉันเพล (จิ้งจกทอง), สร้อยลำปาง เถา, ลาวดวงเดือน สองชั้น, ระบำดอกบัว, ระบำไกรลาศสำเริง, ชมดงใน สองชั้น …+39"
P021,NPLL,- X X X | X X X X | X X - X | X X - X,16,13,119,"พม่าห้าท่อน สามชั้น, ตับต้นเพลงฉิ่ง, เทพรัญจวน เถา, จระเข้หางยาว เถา (ทางเสภา), ช้าเรื่องสร้อยสน (พระนคร), แขกมอญ เถา, แขกโอด สามชั้น, ทะเลบ้า เถา …+49"
P022,JIBL,- - X X | - X - X | - X - - | X X - X,16,8,117,"ฉิ่งเรื่องพระฉันเพล (จิ้งจกทอง), โหมโรงพม่าวัด, โหมโรงทะแย, จีนลั่นถัน เถา, ระบำดาวดึงส์, เทพรัญจวน เถา, การเวกเล็ก เถา, นาคราช สองชั้น …+24"
P023,NINI,- X X X | - X - X | - X X X | - X - X,16,10,114,"ฉิ่งเรื่องพระฉันเช้า (ยิกิน), เรื่องสีนวล (หลวงบำรุงจิตรเจริญ), ช้าเรื่องตะนาว (พระนคร), ฉิ่งเรื่องพระฉันเพล (จิ้งจกทอง), พญาเดิน, เข้าม่าน, กราวใน, คุกพาทย์ …+32"
P024,ILIL,- X - X | X X - X | - X - X | X X - X,16,10,113,"ฉิ่งเรื่องพระฉันเช้า (ยิกิน), สาธุการ, โอ้ลาว เถา, ระบำสี่บท, ตระหญ้าปากคอก, เชิด สองชั้น, เขมรโพธิสัตว์ เถา, ตระปลายพระลักษมณ์ …+38"
P025,ININ,- X - X | - X X X | - X - X | - X X X,16,10,112,"ฉิ่งเรื่องพระฉันเช้า (ยิกิน), เชิด สองชั้น, ฉิ่งเรื่องพระฉันเพล (จิ้งจกทอง), กราวใน, ช้าเรื่องสร้อยสน (พระนคร), ทะเลบ้า เถา, อกทะเล เถา, ช้าเรื่องตะนาว (พระนคร) …+25"
P026,NILL,- X X X | - X - X | X X - X | X X - X,16,11,111,"สาธุการ, สารถี เถา, เขมรลออองค์ เถา, มอญรำดาบ สองชั้น, ใบ้คลั่ง เถา, จระเข้หางยาว เถา (ทางเสภา), เหาะ, ทะแยกลองโยน …+47"
P027,OOOO,- - - - | - - - - | - - - - | - - - -,16,0,102,"แขกโอด สามชั้น, แขกลพบุรี สามชั้น, อกทะเล สามชั้น, คุกพาทย์, อาเฮีย เถา, อาหนู เถา, โสมส่องแสง เถา, ลาวเสี่ยงเทียน เถา …+8"
P028,II,- X - X | - X - X,8,4,99,"เชิด ชั้นเดียว, เจดีย์เจ็ดยอด, ปฐม ชั้นเดียว, ฉิ่งเรื่องพระฉันเพล (จิ้งจกทอง), ฉิ่งเรื่องพระฉันเช้า (ยิกิน), จีนล่องหน่าย, พญาเดิน, เรื่องสีนวล (หลวงบำรุงจิตรเจริญ) …+7"
P029,JIIL,- - X X | - X - X | - X - X | X X - X,16,9,99,"พระรามเดินดง, ช้าเรื่องตะนาว (พระนคร), โอ้ลาว เถา, ฉิ่งเรื่องพระฉันเช้า (ยิกิน), เขมรใหญ่ สามชั้น, ปฐม สองชั้น, ทยอย, ฉิ่งเรื่องพระฉันเพล (จิ้งจกทอง) …+19"
P030,IIIL,- X - X | - X - X | - X - X | X X - X,16,9,97,"กลม, เรื่องสีนวล (หลวงบำรุงจิตรเจริญ), ฉิ่งเรื่องพระฉันเช้า (ยิกิน), ฉิ่งเรื่องพระฉันเพล (จิ้งจกทอง), ช้าเรื่องขอมดำดิน, ช้าเรื่องจีนแส (พระนคร), ระบำดาวดึงส์, ฝรั่งรำเท้า …+27"
P031,NPIL,- X X X | X X X X | - X - X | X X - X,16,12,97,"ฉิ่งเรื่องพระฉันเช้า (ยิกิน), ลมพัดชายเขา สองชั้น, เชิดจีน, โอ้ลาว เถา, พม่าห้าท่อน สามชั้น, นาคราช สองชั้น, พระรามเดินดง, เขมรปี่แก้ว สามชั้น …+29"
P032,NPIN,- X X X | X X X X | - X - X | - X X X,16,12,94,"โหมโรงทะแย, พญาโศก สามชั้น, อกทะเล สามชั้น, ทยอยเขมร สามชั้น, ฝรั่งรำเท้า, โหมโรงพม่าวัด, ตับมโหรีนางนาค, อาถรรพ์ เถา …+40"
P033,IPPP,- X - X | X X X X | X X X X | X X X X,16,14,92,"โหมโรงทะแย, ต่อยรูป เถา, แขกมอญ เถา, โหมโรงขวัญเมือง, โหมโรงแขกมอญทางหลีก, แขกมอญบางขุนพรหม เถา, นารายณ์แปลงรูป สามชั้น, ลิงโลด สองชั้น …+40"
P034,NIIL,- X X X | - X - X | - X - X | X X - X,16,10,87,"ฉิ่งเรื่องพระฉันเช้า (ยิกิน), เข้าม่าน, สาธุการ, ช้าเรื่องสร้อยสน (พระนคร), ช้าเรื่องตะนาว (พระนคร), จีนลั่นถัน เถา, เรื่องสีนวล (หลวงบำรุงจิตรเจริญ), เสมอ …+19"
P035,OIOI,- - - - | - X - X | - - - - | - X - X,16,4,86,"พม่าห้าท่อน หกชั้น, แขกขาว เถา, โอ้ลาว เถา, พม่าห้าท่อน สามชั้น, เงี้ยวรำลึก เถา, ระบำสุโขทัย, เขมรลออองค์ เถา, โสมส่องแสง เถา …+26"
P036,ODJL,- - - - | - - - X | - - X X | X X - X,16,6,82,"แขกโอด สามชั้น, ทะเลบ้า เถา, โอ้ลาว เถา, ทยอยนอก สามชั้น, บังใบ เถา, เขมรราชบุรี สามชั้น, แขกลพบุรี สามชั้น, ทยอยใน เถา …+12"
P037,OOII,- - - - | - - - - | - X - X | - X - X,16,4,80,"ระบำนกเขามะราปี, ระบำเทพบันเทิง, ระบำชุมนุมเผ่าไทย, แขกอาหวัง สองชั้น, ลาวเสี่ยงเทียน เถา, แขกลพบุรี สามชั้น, แป๊ะ สามชั้น, โยสลัม สองชั้น …+17"
P038,ODOD,- - - - | - - - X | - - - - | - - - X,16,2,79,"โหมโรงพม่าวัด, ช้างประสานงา เถา, พม่าห้าท่อน สามชั้น, ระบำชุมนุมเผ่าไทย, บังใบ เถา, เชิดจีน, ระบำเริงอรุณ, ระบำม่านมุ้ยเชียงตา …+25"
P039,JPPI,- - X X | X X X X | X X X X | - X - X,16,12,78,"เชิดจีน, ทยอยนอก สามชั้น, เขมรราชบุรี สามชั้น, โอ้ลาว เถา, ทยอยญวน เถา, แขกโอด สามชั้น, แขกลพบุรี สามชั้น, ทยอยใน เถา …+14"
P040,PLPL,X X X X | X X - X | X X X X | X X - X,16,14,78,"โหมโรงกราวนอก, พม่าห้าท่อน หกชั้น, ทยอยเขมร สามชั้น, โหมโรงจีนโล้, เขมรราชบุรี สามชั้น, เทพบรรทม เถา, บังใบ เถา, ทยอยญวน เถา …+14"
P041,BLII,- X - - | X X - X | - X - X | - X - X,16,8,76,"ฉิ่งเรื่องพระฉันเพล (จิ้งจกทอง), ตับมโหรีนางนาค, ทยอยใน เถา, สารถี เถา, บุหลัน เถา, จระเข้หางยาว เถา (ทางเสภา), ตระจอมศรี, ตระท้าวน้อย …+33"
P042,DINI,- - - X | - X - X | - X X X | - X - X,16,8,71,"ฉิ่งเรื่องพระฉันเพล (จิ้งจกทอง), ช้าเรื่องสร้อยสน (พระนคร), ฉิ่งเรื่องพระฉันเช้า (ยิกิน), ตับมโหรีนางนาค, ตระจอมศรี, นางครวญ เถา, สารถี เถา, บาทสกุณี (เสมอตีนนก) …+21"
P043,DIDD,- - - X | - X - X | - - - X | - - - X,16,5,70,"ฉิ่งเรื่องพระฉันเช้า (ยิกิน), ฉิ่งเรื่องพระฉันเพล (จิ้งจกทอง), ตระจอมศรี, โลมเพลงฉิ่ง, ระบำหน้าช้าง, ฝรั่งรำเท้า, โอ้ปี่, ระบำม่านมุ้ยเชียงตา …+21"
P044,IINP,- X - X | - X - X | - X X X | X X X X,16,11,70,"ฉิ่งเรื่องพระฉันเช้า (ยิกิน), ระบำม่านมุ้ยเชียงตา, อาเฮีย เถา, บังใบ เถา, บุหลัน เถา, ทยอยใน เถา, ตับวิวาห์พระสมุทร, ต่อยรูป เถา …+1"
P045,DIDI,- - - X | - X - X | - - - X | - X - X,16,6,68,"ระบำดอกบัว, ตระเสือขับ, ฉิ่งเรื่องพระฉันเช้า (ยิกิน), ช้าเรื่องสร้อยสน (พระนคร), ตระท้าวน้อย, ระบำม้า (เพลงม้าโขยก), เซ่นเหล้า, ช้าเรื่องขอมดำดิน …+28"
P046,DJDJ,- - - X | - - X X | - - - X | - - X X,16,6,65,"ทยอยญวน เถา, บังใบ เถา, พม่าห้าท่อน หกชั้น, โหมโรงกราวนอก, ทยอยนอก สามชั้น, ระบำนกเขามะราปี, พญาเดิน, แขกมอญบางขุนพรหม เถา …+15"
P047,IIJI,- X - X | - X - X | - - X X | - X - X,16,8,65,"ฉิ่งเรื่องพระฉันเพล (จิ้งจกทอง), สารถี เถา, ระบำม่านมุ้ยเชียงตา, โลม, ตับสมิงทอง, สี่บท เถา, ช้าเรื่องจีนแส (พระนคร), ลมพัดชายเขา สองชั้น …+30"
P048,DDII,- - - X | - - - X | - X - X | - X - X,16,6,62,"ฉิ่งเรื่องพระฉันเช้า (ยิกิน), บาทสกุณี (เสมอตีนนก), บังใบ เถา, ฉิ่งเรื่องพระฉันเพล (จิ้งจกทอง), ระบำพัทธวิสัย, พม่าเห่ เถา, ตับวิวาห์พระสมุทร, ชมแสงจันทร์ เถา …+27"
P049,INNP,- X - X | - X X X | - X X X | X X X X,16,12,61,"ฉิ่งเรื่องพระฉันเช้า (ยิกิน), โหมโรงพม่าวัด, ฉิ่งเรื่องพระฉันเพล (จิ้งจกทอง), บังใบ เถา, ช้าเรื่องสร้อยสน (พระนคร), ทยอยญวน เถา, ตับวิวาห์พระสมุทร, กราวใน …+11"
P050,JLLL,- - X X | X X - X | X X - X | X X - X,16,11,58,"ฉิ่งเรื่องพระฉันเช้า (ยิกิน), เรื่องสีนวล (หลวงบำรุงจิตรเจริญ), จีนล่องหน่าย, สารถี เถา, เชิดฉาน, ฉิ่งเรื่องพระฉันเพล (จิ้งจกทอง), ต่อยรูป เถา, สิงโต สองชั้น …+17"
P051,ODDD,- - - - | - - - X | - - - X | - - - X,16,3,58,"ระบำสี่บท, ระบำนพรัตน์, สรภัญญะ, ตระนิมิต, ทยอยนอก สามชั้น, พม่าห้าท่อน หกชั้น, ระบำบันเทิงกาสร, ระบำพัทธวิสัย …+17"
P052,PIPI,X X X X | - X - X | X X X X | - X - X,16,12,58,"ทยอยญวน เถา, เชิดจีน, ช้าเรื่องขอมดำดิน, แขกลพบุรี สามชั้น, ทยอยนอก สามชั้น, บังใบ เถา, เทพบรรทม เถา, มอญรำดาบ เถา …+8"
P053,PPPI,X X X X | X X X X | X X X X | - X - X,16,14,57,"บังใบ เถา, แขกโอด สามชั้น, กลม, ฟ้อนพวงมาลัย, ทยอยเขมร สามชั้น, ระบำพม่านิมิตร, ราตรีประดับดาว เถา, อาหนู เถา …+17"
P054,IIDD,- X - X | - X - X | - - - X | - - - X,16,6,56,"ระบำดาวดึงส์, ฉิ่งเรื่องพระฉันเช้า (ยิกิน), ระบำสี่บท, ช้าเรื่องตะนาว (พระนคร), โสมส่องแสง เถา, พม่าเขว ชั้นเดียว, ระบำมฤคระเริง, ใบ้คลั่ง เถา …+34"
P055,INII,- X - X | - X X X | - X - X | - X - X,16,9,54,"เชิด สองชั้น, ฉิ่งเรื่องพระฉันเพล (จิ้งจกทอง), ฉิ่งเรื่องพระฉันเช้า (ยิกิน), ช้าเรื่องขอมดำดิน, พระรามเดินดง, ช้าเรื่องตะนาว (พระนคร), เข้าม่าน, พญาเดิน …+3"
P056,DDID,- - - X | - - - X | - X - X | - - - X,16,5,53,"ตับสมิงทอง, ฉิ่งเรื่องพระฉันเพล (จิ้งจกทอง), ตระเสือขับ, ระบำสี่บท, เรื่องสีนวล (หลวงบำรุงจิตรเจริญ), ฉิ่งเรื่องพระฉันเช้า (ยิกิน), ตระนิมิต, ตระนอน …+11"
P057,DIIL,- - - X | - X - X | - X - X | X X - X,16,8,51,"เข้าม่าน, เรื่องสีนวล (หลวงบำรุงจิตรเจริญ), ปฐม สองชั้น, ทะแยกลองโยน, ตับมโหรีนางนาค, ระบำพัทธวิสัย, ชำนาญ, โอด สองชั้น …+16"
P058,NIPI,- X X X | - X - X | X X X X | - X - X,16,11,51,"โหมโรงขวัญเมือง, เชิดจีน, เขมรพวง เถา, กราวนอก, ระบำม่านมุ้ยเชียงตา, โอ้ลาว เถา, ระบำฉิ่ง, ช้าเรื่องขอมดำดิน …+8"
P059,JIJI,- - X X | - X - X | - - X X | - X - X,16,8,50,"ทยอยเขมร สามชั้น, ทะเลบ้า เถา, แขกโอด สามชั้น, อกทะเล สามชั้น, ทยอยนอก สามชั้น, ตระสันนิบาต, ฟ้อนม่านมงคลใหม่, โหมโรงพม่าวัด …+11"
P060,NI,- X X X | - X - X,8,5,50,"เจดีย์เจ็ดยอด, เชิด ชั้นเดียว, ปฐม ชั้นเดียว, เชิดฉาน, ช้าปี่นอก, ช้าเรื่องจีนแส (พระนคร), ฉิ่งเรื่องพระฉันเช้า (ยิกิน), ช้าปี่ …+6"
P061,PPPN,X X X X | X X X X | X X X X | - X X X,16,15,50,"โอ้ลาว เถา, ใบ้คลั่ง เถา, ฉิ่งเรื่องพระฉันเช้า (ยิกิน), เขมรปี่แก้ว สามชั้น, แขกโอด สามชั้น, โหมโรงสามม้า, อาเฮีย เถา, ทยอยนอก สามชั้น …+3"
P062,ILII,- X - X | X X - X | - X - X | - X - X,16,9,49,"เรื่องสีนวล (หลวงบำรุงจิตรเจริญ), ฉิ่งเรื่องพระฉันเช้า (ยิกิน), เชิด สองชั้น, ช้าเรื่องขอมดำดิน, สาธุการ, เข้าม่าน, ช้าเรื่องจีนแส (พระนคร), ฉิ่งเรื่องพระฉันเพล (จิ้งจกทอง) …+6"
P063,NIIN,- X X X | - X - X | - X - X | - X X X,16,10,49,"กราวใน, เรื่องสีนวล (หลวงบำรุงจิตรเจริญ), สาธุการ, เข้าม่าน, พญาเดิน, ระบำพัทธวิสัย, เชิด สองชั้น, ชำนาญ …+12"
P064,JJJP,- - X X | - - X X | - - X X | X X X X,16,10,48,"พม่าห้าท่อน หกชั้น, ทะเลบ้า เถา, จีนลั่นถัน เถา, ทยอยนอก สามชั้น, เทพรัญจวน เถา, พม่าห้าท่อน สามชั้น, โหมโรงแขกมอญทางหลีก, โหมโรงจอมสุรางค์ …+10"
P065,NIDI,- X X X | - X - X | - - - X | - X - X,16,8,47,"เข้าม่าน, ฉิ่งเรื่องพระฉันเพล (จิ้งจกทอง), ฉิ่งเรื่องพระฉันเช้า (ยิกิน), เชิดฉาน, เชิดฉาน (ฉบับโครงสร้าง), ตวงพระธาตุ สองชั้น, เรื่องสีนวล (หลวงบำรุงจิตรเจริญ), ระบำพัทธวิสัย …+7"
P066,PP,X X X X | X X X X,8,8,47,"เชิด ชั้นเดียว, ฉิ่งเรื่องพระฉันเพล (จิ้งจกทอง), ฉิ่งเรื่องพระฉันเช้า (ยิกิน), เชิดจีน, ชมแสงจันทร์ เถา, สรภัญญะ, ระบำกรับ, ใบ้คลั่ง เถา"
P067,IPPL,- X - X | X X X X | X X X X | X X - X,16,13,46,"สี่บท เถา, ฝรั่งรำเท้า, เทพรัญจวน เถา, พญาโศก สองชั้น, แขกลพบุรี สามชั้น, นารายณ์แปลงรูป สามชั้น, ทยอยเขมร สามชั้น, บังใบ เถา …+14"
P068,IIIN,- X - X | - X - X | - X - X | - X X X,16,9,45,"ฉิ่งเรื่องพระฉันเพล (จิ้งจกทอง), ช้าเรื่องตะนาว (พระนคร), ฉิ่งเรื่องพระฉันเช้า (ยิกิน), ทะเลบ้า สองชั้น, ทะเลบ้า เถา, กราวใน, นารายณ์แปลงรูป สามชั้น, อกทะเล เถา …+12"
P069,NIBL,- X X X | - X - X | - X - - | X X - X,16,9,45,"ตะบองกัน, พม่าห้าท่อน สามชั้น, วา, พม่าเห่ เถา, จีนขิมเล็ก เถา, สารถี เถา, สุรินทราหู เถา, เขมรปี่แก้ว สามชั้น …+19"
P070,ILNI,- X - X | X X - X | - X X X | - X - X,16,10,44,"แขกมอญบางขุนพรหม เถา, แขกมอญ เถา, ฉิ่งเรื่องพระฉันเพล (จิ้งจกทอง), ฉิ่งเรื่องพระฉันเช้า (ยิกิน), อาถรรพ์ เถา, ทะแยกลองโยน, ตับสมิงทอง, แสนสุดสวาท สามชั้น …+13"
P071,IIPI,- X - X | - X - X | X X X X | - X - X,16,10,43,"เชิดจีน, ทยอยญวน เถา, ระบำสุโขทัย, ทะเลบ้า สองชั้น, ช้าเรื่องขอมดำดิน, ระบำบันเทิงกาสร, สิงโต สองชั้น, ฟ้อนลาวคำหอม (เสียง มซซซ) …+10"
P072,JIID,- - X X | - X - X | - X - X | - - - X,16,7,43,"ตระปลายพระลักษมณ์, ระบำสวัสดิรักษา, ตระมารละม่อม, ตระท้าวน้อย, หกบท เถา, อาถรรพ์ เถา, เวสสุกรรม สองชั้น, โลม …+20"
P073,OOOD,- - - - | - - - - | - - - - | - - - X,16,1,43,"ทยอยนอก สามชั้น, ทยอยเขมร สามชั้น, เขมรราชบุรี สามชั้น, เชิดจีน, เขมรไทรโยค, เขมรโพธิสัตว์ สามชั้น, โหมโรงกราวนอก, ใบ้คลั่ง เถา …+6"
P074,IIDI,- X - X | - X - X | - - - X | - X - X,16,7,42,"ฉิ่งเรื่องพระฉันเพล (จิ้งจกทอง), เขมรพายเรือ สองชั้น, โอ้ลาว เถา, ทยอยใน เถา, พญาเดิน, เรื่องสีนวล (หลวงบำรุงจิตรเจริญ), ลาวเสี่ยงเทียน เถา, ระบำดาวดึงส์ …+16"
P075,NIBP,- X X X | - X - X | - X - - | X X X X,16,10,41,"เหาะ, ฉิ่งเรื่องพระฉันเพล (จิ้งจกทอง), ฉิ่งเรื่องพระฉันเช้า (ยิกิน), ช้าเรื่องสร้อยสน (พระนคร), ช้าเรื่องจีนแส (พระนคร), ตระนอน, ตับมโหรีนางนาค, ทะแยกลองโยน …+5"
P076,NLPL,- X X X | X X - X | X X X X | X X - X,16,13,41,"บังใบ เถา, กลม, แขกมอญบางขุนพรหม เถา, ต่อยรูป เถา, สารถี เถา, เขมรใหญ่ สามชั้น, เขมรโพธิสัตว์ เถา, โหมโรงกราวนอก …+20"
P077,IIID,- X - X | - X - X | - X - X | - - - X,16,7,40,"ฉิ่งเรื่องพระฉันเพล (จิ้งจกทอง), ฉิ่งเรื่องพระฉันเช้า (ยิกิน), ช้าเรื่องตะนาว (พระนคร), ระบำม่านมุ้ยเชียงตา, เชิดฉาน, เชิดฉาน (ฉบับโครงสร้าง), พระรามเดินดง, ลา …+11"
P078,IJIL,- X - X | - - X X | - X - X | X X - X,16,9,40,"อกทะเล สามชั้น, เชิดจีน, ฉิ่งเรื่องพระฉันเช้า (ยิกิน), พระรามเดินดง, กลม, สามเส้า สองชั้น, ช้าปี่นอก, ระบำดาวดึงส์ …+14"
P079,IL,- X - X | X X - X,8,5,40,"เชิด ชั้นเดียว, ปฐม ชั้นเดียว, เจดีย์เจ็ดยอด, เรื่องสีนวล (หลวงบำรุงจิตรเจริญ), ฉิ่งเรื่องพระฉันเพล (จิ้งจกทอง), ฉิ่งเรื่องพระฉันเช้า (ยิกิน), พญาเดิน, ระบำกฤดาภินิหาร …+1"
P080,JPJJ,- - X X | X X X X | - - X X | - - X X,16,10,40,"เชิดจีน, พม่าห้าท่อน หกชั้น, ทยอยเขมร สามชั้น, ทะเลบ้า เถา, สี่บท เถา, โสมส่องแสง เถา, โหมโรงสามม้า, พันธุ์ฝรั่ง เถา …+4"
P081,OODD,- - - - | - - - - | - - - X | - - - X,16,2,40,"ลาวเสี่ยงเทียน เถา, ระบำชุมนุมเผ่าไทย, แมลงวันทอง สองชั้น, รำวงมาตรฐาน, ระบำชาวนา, เขมรพวง เถา, ชมแสงจันทร์ เถา, สร้อยลำปาง เถา …+18"
P082,OPII,- - - - | X X X X | - X - X | - X - X,16,8,40,"ฉิ่งเรื่องพระฉันเพล (จิ้งจกทอง), เรื่องสีนวล (หลวงบำรุงจิตรเจริญ), จีนล่องหน่าย, เขมรโพธิสัตว์ เถา, เขมรโพธิสัตว์ สองชั้น, จีนเก็บบุปผา, โสมส่องแสง เถา, ลาวดวงเดือน สองชั้น …+8"
P083,OPPP,- - - - | X X X X | X X X X | X X X X,16,12,40,"แขกโอด สามชั้น, ฉิ่งเรื่องพระฉันเช้า (ยิกิน), แขกมอญบางขุนพรหม เถา, ระบำนกเขามะราปี, เงี้ยวรำลึก เถา, ฟ้อนพวงมาลัย, ระบำชาวนา, แขกกุลิต เถา …+3"
P084,ODDI,- - - - | - - - X | - - - X | - X - X,16,4,38,"ระบำม่านมุ้ยเชียงตา, ภิรมย์สุรางค์ เถา, ฝรั่งรำเท้า, ช้าเรื่องขอมดำดิน, สร้อยลำปาง เถา, ระบำศรีวิชัย, น้ำลอดใต้ทราย สองชั้น, ฟ้อนลาวคำหอม (เสียง ลา) …+13"
P085,PPNP,X X X X | X X X X | - X X X | X X X X,16,15,38,"ทยอยญวน เถา, เชิดจีน, พม่าห้าท่อน หกชั้น, ฉิ่งเรื่องพระฉันเพล (จิ้งจกทอง), ฉิ่งเรื่องพระฉันเช้า (ยิกิน), โอ้ลาว เถา, โหมโรงแขกมอญทางหลีก, โหมโรงจอมสุรางค์ …+7"
P086,ILNP,- X - X | X X - X | - X X X | X X X X,16,12,37,"แขกโอด สามชั้น, ทยอยใน เถา, ทยอยญวน เถา, โหมโรงขวัญเมือง, กราวใน, การเวกเล็ก เถา, อาถรรพ์ เถา, ถอนสมอ สามชั้น …+13"
P087,IPIN,- X - X | X X X X | - X - X | - X X X,16,11,37,"ฉิ่งเรื่องพระฉันเช้า (ยิกิน), ต่อยรูป เถา, แขกมอญ เถา, ทะแยกลองโยน, ต่อยรูป สองชั้น, โหมโรงแขกมอญทางหลีก, พระอาทิตย์ชิงดวง สองชั้น, โหมโรงขวัญเมือง"
P088,NIID,- X X X | - X - X | - X - X | - - - X,16,8,37,"ฉิ่งเรื่องพระฉันเพล (จิ้งจกทอง), เชิดฉาน, ช้าเรื่องตะนาว (พระนคร), เรื่องสีนวล (หลวงบำรุงจิตรเจริญ), ฉิ่งเรื่องพระฉันเช้า (ยิกิน), พระรามเดินดง, ตระหญ้าปากคอก, ช้าเรื่องสร้อยสน (พระนคร) …+6"
P089,OIIO,- - - - | - X - X | - X - X | - - - -,16,4,36,"ทะเลบ้า สองชั้น, ฝรั่งรำเท้า, พญาเดิน, ตับสมิงทอง, ระบำอู่ทอง, ลิงลาน สองชั้น, สีนวล ออกต้นวรเชษฐ์, จีนขายอ้อย สองชั้น …+10"
P090,OOJI,- - - - | - - - - | - - X X | - X - X,16,4,36,"ลาวเสี่ยงเทียน เถา, แขกโอด สามชั้น, ระบำดาวดึงส์, ลาวดวงเดือน สองชั้น, เขมรพวง เถา, เขมรโพธิสัตว์ เถา, ลาวดำเนินทราย สองชั้น, พม่าเห่ เถา …+4"
P091,OJJJ,- - - - | - - X X | - - X X | - - X X,16,6,35,"เชิดจีน, ระบำอัศวลีลา, แขกมอญบางขุนพรหม เถา, โหมโรงจีนโล้"
P092,DILL,- - - X | - X - X | X X - X | X X - X,16,9,34,"เข้าม่าน, อกทะเล สามชั้น, ระบำย่องหงิด (ตัด), ระบำย่องหงิด, ระบำสี่บท, สาธุการ, ตระเชิงเทียน, เขมรราชบุรี สามชั้น …+9"
P093,INPP,- X - X | - X X X | X X X X | X X X X,16,13,34,"ทยอยนอก สามชั้น, พม่าห้าท่อน สามชั้น, พระรามเดินดง, ฉิ่งเรื่องพระฉันเช้า (ยิกิน), โหมโรงแขกมอญทางหลีก, จีนล่องหน่าย, แขกมอญ เถา, แขกมอญบางช้าง เถา …+10"
P094,OOJJ,- - - - | - - - - | - - X X | - - X X,16,4,34,"แขกโอด สามชั้น, ระบำเริงอรุณ, อาเฮีย เถา, อกทะเล สามชั้น, เขมรโพธิสัตว์ สามชั้น, ระบำนพรัตน์, ช้างประสานงา เถา, โสมส่องแสง เถา …+3"
P095,BPII,- X - - | X X X X | - X - X | - X - X,16,9,33,"กลม, ฉิ่งเรื่องพระฉันเพล (จิ้งจกทอง), ตระสันนิบาต, ตระปลายพระลักษมณ์, ช้าเรื่องขอมดำดิน, ช้าเรื่องจีนแส (พระนคร), ฉิ่งเรื่องพระฉันเช้า (ยิกิน), ตับต้นเพลงฉิ่ง …+4"
P096,ODOI,- - - - | - - - X | - - - - | - X - X,16,3,33,"สร้อยลำปาง เถา, ฟ้อนลาวคำหอม (เสียง มซซซ), ฟ้อนลาวคำหอม (เสียง ลา), เงี้ยวรำลึก เถา, ลาวเสี่ยงเทียน เถา, ระบำดาวดึงส์, ระบำไกรลาศสำเริง, ระบำม่านมุ้ยเชียงตา …+11"
P097,DDDI,- - - X | - - - X | - - - X | - X - X,16,5,32,"ทยอยนอก สามชั้น, ฉิ่งเรื่องพระฉันเพล (จิ้งจกทอง), ทยอยญวน เถา, อาหนู เถา, เขมรโพธิสัตว์ สามชั้น, ฟ้อนลาวคำหอม (เสียง มซซซ), สาธุการ, เขมรใหญ่ สามชั้น …+7"
P098,DIJI,- - - X | - X - X | - - X X | - X - X,16,7,32,"จีนล่องหน่าย, ตระสันนิบาต, ระบำพัทธวิสัย, ระบำสวัสดิรักษา, ฟ้าคะนอง สองชั้น, เทพบรรทม เถา, แปดบท เถา, ตระนอน …+15"
P099,OPJP,- - - - | X X X X | - - X X | X X X X,16,10,32,"จีนลั่นถัน เถา, โหมโรงมะลิเลื้อย, โสมส่องแสง เถา, สร้อยลำปาง เถา, แขกยิงนก ชั้นเดียว, โอดลาว, ฟ้อนพวงมาลัย, โหมโรงเยี่ยมวิมาน …+4"
P100,JEPI,- - X X | X X - - | X X X X | - X - X,16,10,31,"ทยอยนอก สามชั้น, บังใบ เถา, ทยอยญวน เถา, ตับวิวาห์พระสมุทร, ทยอยเขมร สามชั้น, แขกอาหวัง สองชั้น, ฟ้อนม่านมงคลใหม่, ฟ้อนม่านมงคล …+5"
P101,NPII,- X X X | X X X X | - X - X | - X - X,16,11,31,"ช้าเรื่องขอมดำดิน, แขกลพบุรี สามชั้น, ฉิ่งเรื่องพระฉันเช้า (ยิกิน), ทะเลบ้า เถา, อาหนู เถา, ช้าเรื่องจีนแส (พระนคร), สุดสงวน เถา, สี่บท เถา"
P102,NPPE,- X X X | X X X X | X X X X | X X - -,16,13,31,"อาหนู เถา, ช้าเรื่องจีนแส (พระนคร), กราวนอก, เชิดจีน, แขกบรเทศ เถา, อาเฮีย เถา, เขมรใหญ่ สามชั้น, แขกลพบุรี สามชั้น …+14"
P103,NPPI,- X X X | X X X X | X X X X | - X - X,16,13,31,"สร้อยลำปาง เถา, ช้าเรื่องขอมดำดิน, โหมโรงจอมสุรางค์, เขมรโพธิสัตว์ เถา, บุหลัน เถา, พม่าเห่ เถา, ภิรมย์สุรางค์ เถา, อกทะเล เถา …+7"
P104,OIIL,- - - - | - X - X | - X - X | X X - X,16,7,31,"ฟ้อนลาวคำหอม (เสียง มซซซ), ฟ้อนลาวคำหอม (เสียง ลา), ลาวคำหอม (เสียง ลา — อีกฉบับ), กราวนอก, โสมส่องแสง เถา, เชิดฉาน, เชิดฉาน (ฉบับโครงสร้าง), ฝรั่งรำเท้า …+8"
P105,OONI,- - - - | - - - - | - X X X | - X - X,16,5,31,"ระบำนพรัตน์, ลาวเสี่ยงเทียน เถา, โสมส่องแสง เถา, ลาวดวงเดือน สองชั้น, สร้อยลำปาง เถา, ลาวเล็กตัดสร้อย สองชั้น, ฟ้อนพวงมาลัย, แขกกุลิต เถา …+5"
P106,OIIP,- - - - | - X - X | - X - X | X X X X,16,8,30,"พม่าห้าท่อน หกชั้น, ทะเลบ้า เถา, ระบำนกเขามะราปี, ชมแสงจันทร์ เถา, ลาวดำเนินทราย สองชั้น, สรภัญญะ, ฟ้อนลาวคำหอม (เสียง ลา), ลาวคำหอม (เสียง ลา — อีกฉบับ)"
P107,OPNP,- - - - | X X X X | - X X X | X X X X,16,11,30,"ฉิ่งเรื่องพระฉันเช้า (ยิกิน), โลมเพลงฉิ่ง, ช้าเรื่องจีนแส (พระนคร), ฉิ่งเรื่องพระฉันเพล (จิ้งจกทอง), โหมโรงไอยเรศ สามชั้น, ลาวเสี่ยงเทียน เถา, สร้อยลำปาง เถา, ทยอยเขมร สามชั้น …+8"
P108,INPL,- X - X | - X X X | X X X X | X X - X,16,12,29,"พม่าห้าท่อน สามชั้น, สี่บท เถา, เชิดจีน, ฉิ่งเรื่องพระฉันเพล (จิ้งจกทอง), ฉิ่งเรื่องพระฉันเช้า (ยิกิน), แขกโอด สามชั้น, น้ำลอดใต้ทราย สองชั้น, ทยอยนอก สามชั้น …+8"
P109,IIPL,- X - X | - X - X | X X X X | X X - X,16,11,28,"ฉิ่งเรื่องพระฉันเพล (จิ้งจกทอง), นางครวญ เถา, ช้าเรื่องขอมดำดิน, ราตรีประดับดาว เถา, ระบำดาวดึงส์, บังใบ เถา, ช้าเรื่องจีนแส (พระนคร), ฉิ่งเรื่องพระฉันเช้า (ยิกิน) …+9"
P110,INIL,- X - X | - X X X | - X - X | X X - X,16,10,28,"ฉิ่งเรื่องพระฉันเช้า (ยิกิน), กลม, เข้าม่าน, เรื่องสีนวล (หลวงบำรุงจิตรเจริญ), ฉิ่งเรื่องพระฉันเพล (จิ้งจกทอง), พระรามเดินดง, ช้าเรื่องสร้อยสน (พระนคร), ตระมารละม่อม …+1"
P111,NIIO,- X X X | - X - X | - X - X | - - - -,16,7,28,"ฉิ่งเรื่องพระฉันเพล (จิ้งจกทอง), ช้าเรื่องจีนแส (พระนคร), ทะเลบ้า สองชั้น, ทะเลบ้า เถา, ฉิ่งเรื่องพระฉันเช้า (ยิกิน), เขมรลออองค์ เถา, กบเต้น สองชั้น, จีนเก็บบุปผา …+2"
P112,OPPI,- - - - | X X X X | X X X X | - X - X,16,10,28,"เขมรพายเรือ สองชั้น, แขกขาว เถา, แขกต่อยหม้อ เถา, ระบำศรีชัยสิงห์, แขกกุลิต เถา, ชมแสงจันทร์ เถา, โสมส่องแสง เถา, ระบำสุโขทัย …+3"
P113,JPPL,- - X X | X X X X | X X X X | X X - X,16,13,27,"ทยอยเขมร สามชั้น, ใบ้คลั่ง เถา, ทะเลบ้า เถา, รำวงมาตรฐาน, ช้าเรื่องตะนาว (พระนคร), เขมรพวง เถา, แขกกุลิต เถา, สร้อยลำปาง เถา …+5"
P114,IIIB,- X - X | - X - X | - X - X | - X - -,16,7,26,"ระบำม่านมุ้ยเชียงตา, กราวใน, เชิดฉาน, ระบำลพบุรี, เขมรโพธิสัตว์ เถา, เขมรโพธิสัตว์ สองชั้น, ช้างประสานงา เถา, ระบำชุมนุมเผ่าไทย …+2"
P115,NNII,- X X X | - X X X | - X - X | - X - X,16,10,26,"ฉิ่งเรื่องพระฉันเช้า (ยิกิน), การเวกเล็ก เถา, ปลาทอง เถา, กราวใน, ช้าเรื่องสร้อยสน (พระนคร), ช้าเรื่องตะนาว (พระนคร), ทยอยใน เถา, พญาเดิน …+3"
P116,NPJI,- X X X | X X X X | - - X X | - X - X,16,11,26,"โหมโรงกราวนอก, ทะเลบ้า เถา, เชิดจีน, ทะเลบ้า สองชั้น, ทยอยใน เถา, แขกลพบุรี สามชั้น, อกทะเล เถา"
P117,OIJL,- - - - | - X - X | - - X X | X X - X,16,7,26,"ทยอยเขมร สามชั้น, โหมโรงกราวนอก, ทยอยใน เถา, ใบ้คลั่ง เถา, กราวนอก, โอ้ลาว เถา, ทยอยนอก สามชั้น, เขมรไทรโยค …+2"
P118,OPOP,- - - - | X X X X | - - - - | X X X X,16,8,26,"จีนล่องหน่าย, โหมโรงไอยเรศ สามชั้น, ช้างประสานงา เถา, อาถรรพ์ เถา, ระบำสุโขทัย, ฟ้อนพวงมาลัย, อกทะเล เถา, แขกกุลิต เถา …+10"
P119,NIPL,- X X X | - X - X | X X X X | X X - X,16,12,25,"กลม, ตะละแม่ศรี, ช้าเรื่องขอมดำดิน, ฉิ่งเรื่องพระฉันเพล (จิ้งจกทอง), ฉิ่งเรื่องพระฉันเช้า (ยิกิน), ลาวดวงเดือน สองชั้น, ฟ้อนพวงมาลัย, อะแซหวุ่นกี้ เถา …+1"
P120,NPIP,- X X X | X X X X | - X - X | X X X X,16,13,25,"สี่บท เถา, ฉิ่งเรื่องพระฉันเช้า (ยิกิน), ตับมโหรีนางนาค, ตับต้นเพลงฉิ่ง, ช้าเรื่องตะนาว (พระนคร), ตับวิวาห์พระสมุทร, ตับสมิงทอง, ฟ้อนลาวคำหอม (เสียง มซซซ)"
P121,PPEE,X X X X | X X X X | X X - - | X X - -,16,12,25,"แขกโอด สามชั้น, อาเฮีย เถา, อกทะเล สามชั้น, เขมรโพธิสัตว์ สามชั้น, เขมรลออองค์ เถา, ช้างประสานงา เถา, โสมส่องแสง เถา, เขมรโพธิสัตว์ เถา …+1"
P122,DDJI,- - - X | - - - X | - - X X | - X - X,16,6,24,"ระบำม่านมุ้ยเชียงตา, ตระมารละม่อม, ตระปลายพระลักษมณ์, ช้าเรื่องขอมดำดิน, ฉิ่งเรื่องพระฉันเพล (จิ้งจกทอง), ระบำเริงอรุณ, ตระหญ้าปากคอก, ตระจอมศรี …+2"
P123,OIJI,- - - - | - X - X | - - X X | - X - X,16,6,24,"ระบำม่านมุ้ยเชียงตา, ลาวเสี่ยงเทียน เถา, รำวงมาตรฐาน, ใบ้คลั่ง เถา, จีนขิมเล็ก เถา, ระบำดอกบัว, ภิรมย์สุรางค์ เถา, ระบำชาวนา …+1"
P124,OOPI,- - - - | - - - - | X X X X | - X - X,16,6,24,"กราวนอก, แขกต่อยหม้อ เถา, ลาวดวงเดือน สองชั้น, ระบำม้า (เพลงม้าโขยก), ฟ้อนลาวคำหอม (เสียง มซซซ), โหมโรงจอมสุรางค์, แขกขาว เถา, ช้างประสานงา เถา …+11"
P125,IIPP,- X - X | - X - X | X X X X | X X X X,16,12,23,"ฉิ่งเรื่องพระฉันเช้า (ยิกิน), ระบำม่านมุ้ยเชียงตา, ระบำสุโขทัย, ช้าเรื่องจีนแส (พระนคร), แสนสุดสวาท สามชั้น, ช้าเรื่องตะนาว (พระนคร), เขมรลออองค์ เถา, ช้างประสานงา เถา …+1"
P126,JNJN,- - X X | - X X X | - - X X | - X X X,16,10,23,"ฉิ่งเรื่องพระฉันเช้า (ยิกิน), ต่อยรูป เถา, โหมโรงขวัญเมือง, ช้าเรื่องจีนแส (พระนคร), โหมโรงจีนโล้, แขกมอญบางขุนพรหม เถา, สุรินทราหู เถา, หกบท เถา …+1"
P127,OIID,- - - - | - X - X | - X - X | - - - X,16,5,23,"ฉิ่งเรื่องพระฉันเพล (จิ้งจกทอง), ตระนิมิต, บาทสกุณี (เสมอตีนนก), ตับสมิงทอง, จีนล่องหน่าย, ระบำไกรลาศสำเริง, มอญแปลง สองชั้น"
P128,OJOJ,- - - - | - - X X | - - - - | - - X X,16,4,23,"แขกโอด สามชั้น, ระบำอัศวลีลา"
P129,PEPE,X X X X | X X - - | X X X X | X X - -,16,12,23,"แขกโอด สามชั้น, สร้อยลำปาง เถา"
P130,PLPN,X X X X | X X - X | X X X X | - X X X,16,14,23,"ใบ้คลั่ง เถา, บุหลัน เถา, เทพรัญจวน เถา, ทยอยนอก สามชั้น, แขกกุลิต เถา, โหมโรงเยี่ยมวิมาน, โหมโรงไอยเรศ"
P131,IJNP,- X - X | - - X X | - X X X | X X X X,16,11,22,"ทยอยใน เถา, เทพรัญจวน เถา, ทะเลบ้า เถา, เทพบรรทม เถา, พม่าห้าท่อน หกชั้น, พม่าห้าท่อน สามชั้น"
P132,JJNP,- - X X | - - X X | - X X X | X X X X,16,11,22,"ฟ้อนพวงมาลัย, โอ้ลาว เถา, ลาวเสี่ยงเทียน เถา, ฉิ่งเรื่องพระฉันเพล (จิ้งจกทอง), อาถรรพ์ เถา, ระบำหน้าช้าง, พม่าห้าท่อน หกชั้น, ช้างประสานงา เถา …+2"
P133,NIPP,- X X X | - X - X | X X X X | X X X X,16,13,22,"ระบำนกเขามะราปี, บังใบ เถา, ระบำม่านมุ้ยเชียงตา, ช้าเรื่องจีนแส (พระนคร), ฉิ่งเรื่องพระฉันเช้า (ยิกิน), เขมรลออองค์ เถา, โหมโรงขวัญเมือง"
P134,NPNL,- X X X | X X X X | - X X X | X X - X,16,13,22,"ฉิ่งเรื่องพระฉันเช้า (ยิกิน), ระบำพัทธวิสัย, ต่อยรูป สองชั้น, โหมโรงพม่าวัด, บุหลัน เถา, มอญรำดาบ เถา, ลาวดำเนินทราย สองชั้น, พม่าห้าท่อน หกชั้น"
P135,PIII,X X X X | - X - X | - X - X | - X - X,16,10,22,"ระบำพัทธวิสัย, ทยอยใน เถา, ทยอย, สุรินทราหู เถา, อาถรรพ์ เถา, แขกโอด สามชั้น, ใบ้คลั่ง เถา, ช้าเรื่องขอมดำดิน …+5"
P136,BP,- X - - | X X X X,8,5,21,เชิด ชั้นเดียว
P137,DPPP,- - - X | X X X X | X X X X | X X X X,16,13,21,"ทยอยญวน เถา, เงี้ยวรำลึก เถา, ลาวเสี่ยงเทียน เถา, ระบำเริงอรุณ, ระบำมฤคระเริง"
P138,IINL,- X - X | - X - X | - X X X | X X - X,16,10,21,"เรื่องสีนวล (หลวงบำรุงจิตรเจริญ), ตับสมิงทอง, ระบำสวัสดิรักษา, เชิด สองชั้น, มอญดูดาว สองชั้น, พม่าห้าท่อน หกชั้น, ทยอยใน เถา, แขกมอญบางขุนพรหม เถา …+2"
P139,INBP,- X - X | - X X X | - X - - | X X X X,16,10,21,"ฉิ่งเรื่องพระฉันเช้า (ยิกิน), เรื่องสีนวล (หลวงบำรุงจิตรเจริญ), ฉิ่งเรื่องพระฉันเพล (จิ้งจกทอง), ตระนอน, ช้าเรื่องขอมดำดิน, พระรามเดินดง, พญาเดิน"
P140,IPIP,- X - X | X X X X | - X - X | X X X X,16,12,21,"ทยอยนอก สามชั้น, ระบำนพรัตน์, ระบำม่านมุ้ยเชียงตา, ฝรั่งรำเท้า, พม่าห้าท่อน หกชั้น, เขมรราชบุรี สามชั้น, ตับมโหรีนางนาค, โสมส่องแสง เถา …+1"
P141,NIDD,- X X X | - X - X | - - - X | - - - X,16,7,21,"ระบำดาวดึงส์, พม่าห้าท่อน สามชั้น, เสมอ, โหมโรงแขกมอญทางหลีก, โหมโรงจอมสุรางค์, โหมโรงไอยเรศ สามชั้น, เขมรพวง เถา, มอญรำดาบ เถา …+7"
P142,NNNP,- X X X | - X X X | - X X X | X X X X,16,13,21,"ระบำนกเขามะราปี, ทยอยนอก สามชั้น, ช้าเรื่องสร้อยสน (พระนคร), สร้อยลำปาง เถา, โอ้ลาว เถา, ช้าเรื่องจีนแส (พระนคร), ฉิ่งเรื่องพระฉันเช้า (ยิกิน), สุดสงวน เถา …+4"
P143,ODII,- - - - | - - - X | - X - X | - X - X,16,5,21,"ระบำม่านมุ้ยเชียงตา, ระบำชาวนา, รำวงมาตรฐาน, ชมแสงจันทร์ เถา, อกทะเล สามชั้น, ระบำนกเขามะราปี, ช้าเรื่องตะนาว (พระนคร), โอ้ลาวครวญ …+2"
P144,OIDI,- - - - | - X - X | - - - X | - X - X,16,5,21,"เชิดฉาน, ฉิ่งเรื่องพระฉันเช้า (ยิกิน), ลาวดำเนินทราย สองชั้น, เชิดฉาน (ฉบับโครงสร้าง), ใบ้คลั่ง เถา, เขมรโพธิสัตว์ เถา, เขมรโพธิสัตว์ สองชั้น, ระบำเชียงแสน …+2"
P145,OIIN,- - - - | - X - X | - X - X | - X X X,16,7,21,"ลาวเสี่ยงเทียน เถา, ระบำสี่บท, ฉิ่งเรื่องพระฉันเช้า (ยิกิน), สรภัญญะ, ระบำม่านมุ้ยเชียงตา, พม่าห้าท่อน หกชั้น, ชมแสงจันทร์ เถา, ลาวครวญ สองชั้น …+3"
P146,DPDP,- - - X | X X X X | - - - X | X X X X,16,10,20,"ทยอยญวน เถา, ทยอยใน เถา, ช้างประสานงา เถา, เทพบรรทม เถา, สี่บท เถา, ระบำนพรัตน์, ระบำกุญชรเกษม, ระบำชาวนา"
P147,JBII,- - X X | - X - - | - X - X | - X - X,16,7,20,"สารถี เถา, เขมรพวง เถา, ต่อยรูป เถา, อาถรรพ์ เถา, บังใบ เถา, สี่บท เถา, เทพนิมิต เถา, แขกมอญบางช้าง เถา …+1"
P148,JJIJ,- - X X | - - X X | - X - X | - - X X,16,8,20,"สี่บท เถา, ทยอยใน เถา, เทพรัญจวน เถา, บังใบ เถา, พม่าห้าท่อน หกชั้น, พม่าห้าท่อน สามชั้น, ราตรีประดับดาว เถา"
P149,NIJI,- X X X | - X - X | - - X X | - X - X,16,9,20,"ช้าเรื่องจีนแส (พระนคร), จีนลั่นถัน เถา, อาหนู เถา, พญาเดิน, จีนขิมเล็ก เถา, เชิดจีน, ตุ๊กตา สองชั้น, เทพนิมิต เถา"
P150,NLNL,- X X X | X X - X | - X X X | X X - X,16,12,20,"ฉิ่งเรื่องพระฉันเช้า (ยิกิน), ลาวดำเนินทราย สองชั้น, ระบำนพรัตน์, บุหลัน เถา, พระรามเดินดง, เขมรลออองค์ เถา, แขกขาว เถา, แขกมอญบางขุนพรหม เถา …+8"
P151,NNNI,- X X X | - X X X | - X X X | - X - X,16,11,20,"ฉิ่งเรื่องพระฉันเพล (จิ้งจกทอง), ลาวเสี่ยงเทียน เถา, ระบำม่านมุ้ยเชียงตา, ช้าเรื่องตะนาว (พระนคร), สรภัญญะ, ตับวิวาห์พระสมุทร, ระบำเทพบันเทิง, เบ้าหลุด ชั้นเดียว"
P152,OOIL,- - - - | - - - - | - X - X | X X - X,16,5,20,"แขกกุลิต เถา, ฟ้อนลาวคำหอม (เสียง ลา), ระบำมยุราภิรมย์, ฟ้อนลาวคำหอม (เสียง มซซซ), ลาวคำหอม (เสียง ลา — อีกฉบับ), โหมโรงกราวนอก, โหมโรงสามม้า, ทยอยญวน เถา …+2"
P153,PLPP,X X X X | X X - X | X X X X | X X X X,16,15,20,"ใบ้คลั่ง เถา, ทยอยญวน เถา, เทพรัญจวน เถา, โหมโรงกราวนอก, โหมโรงเยี่ยมวิมาน, โหมโรงไอยเรศ"
P154,PPPB,X X X X | X X X X | X X X X | - X - -,16,13,20,"ทะเลบ้า เถา, กราวนอก, ช้าเรื่องจีนแส (พระนคร), โสมส่องแสง เถา, ตะนาวมอญ สองชั้น"
P155,DDI,- - - X | - - - X | - X - X,12,4,19,"โลมเพลงฉิ่ง, โลมสิงโต, โอ้โลม, โลมพม่า, ชมตลาด, โลมมอญ"
P156,IBLJ,- X - X | - X - - | X X - X | - - X X,16,8,19,"เชิดฉาน, เชิดฉาน (ฉบับโครงสร้าง), ระบำม่านมุ้ยเชียงตา, ตระนิมิต, ช้างประสานงา เถา"
P157,IIBL,- X - X | - X - X | - X - - | X X - X,16,8,19,"ฉิ่งเรื่องพระฉันเพล (จิ้งจกทอง), จีนขิมเล็ก เถา, เขมรโพธิสัตว์ เถา, เขมรโพธิสัตว์ สามชั้น, เขมรโพธิสัตว์ สองชั้น, ระบำม่านมุ้ยเชียงตา, โลม, ตะบองกัน …+2"
P158,JEPP,- - X X | X X - - | X X X X | X X X X,16,12,19,"ทะเลบ้า เถา, บังใบ เถา, แขกขาว เถา, โหมโรงจอมสุรางค์, ระบำชุมนุมเผ่าไทย, ระบำนกเขามะราปี, เงี้ยวรำลึก เถา, เชิดจีน"
P159,ODJI,- - - - | - - - X | - - X X | - X - X,16,5,19,"เงี้ยวรำลึก เถา, ระบำชาวนา, โยสลัม สองชั้น, ระบำเริงอรุณ, ระบำม่านมุ้ยเชียงตา, รำวงมาตรฐาน, ระบำชุมนุมเผ่าไทย, ระบำบันเทิงกาสร"
P160,PPNL,X X X X | X X X X | - X X X | X X - X,16,14,19,"แขกมอญ เถา, นารายณ์แปลงรูป สามชั้น, ทะแยกลองโยน, ช้าเรื่องจีนแส (พระนคร), ระบำศรีชัยสิงห์, โหมโรงกราวนอก, โหมโรงจีนโล้, เชิดจีน …+1"
P161,BPPP,- X - - | X X X X | X X X X | X X X X,16,13,18,"ฉิ่งเรื่องพระฉันเช้า (ยิกิน), แขกโอด สามชั้น, ฉิ่งเรื่องพระฉันเพล (จิ้งจกทอง), เชิดจีน"
P162,DDPI,- - - X | - - - X | X X X X | - X - X,16,8,18,"จีนรำพัด สองชั้น, โลมเพลงฉิ่ง, ระบำศรีชัยสิงห์, มอญรำดาบ สองชั้น, ระบำชาวนา, ตับวิวาห์พระสมุทร, ระบำอยุธยา, แมลงวันทอง สองชั้น …+4"
P163,IJIJ,- X - X | - - X X | - X - X | - - X X,16,8,18,"โหมโรงขวัญเมือง, อกทะเล สามชั้น, เชิดจีน, แขกโอด สามชั้น, ทยอยนอก สามชั้น, เทวาประสิทธิ์ สองชั้น, ชมดงใน สองชั้น"
P164,JIIN,- - X X | - X - X | - X - X | - X X X,16,9,18,"พญาเดิน, ตระเชิงเทียน, ทยอยนอก สามชั้น, พม่าเห่ เถา, ตระปลายพระลักษมณ์, ตระมารละม่อม, ต่อยรูป เถา, สุรินทราหู เถา …+6"
P165,OOPP,- - - - | - - - - | X X X X | X X X X,16,8,18,"ทยอยเขมร สามชั้น, แขกขาว เถา, พม่าห้าท่อน หกชั้น, แขกกุลิต เถา, แขกต่อยหม้อ เถา, มอญรำดาบ เถา, ช้างประสานงา เถา, โสมส่องแสง เถา …+2"
P166,IINN,- X - X | - X - X | - X X X | - X X X,16,10,17,"ฉิ่งเรื่องพระฉันเช้า (ยิกิน), ระบำม่านมุ้ยเชียงตา, เชิดจีน, ระบำนพรัตน์, แขกมอญบางขุนพรหม เถา, ระบำทวารวดี, ระบำกรับ"
P167,IIPN,- X - X | - X - X | X X X X | - X X X,16,11,17,"นางครวญ เถา, ราตรีประดับดาว เถา, มอญรำดาบ เถา, ระบำเชียงแสน, ระบำกรับ, เขมรพวง เถา, แขกกุลิต เถา, ระบำทวารวดี …+1"
P168,INNI,- X - X | - X X X | - X X X | - X - X,16,10,17,"ฉิ่งเรื่องพระฉันเพล (จิ้งจกทอง), สาธุการ, ปฐม สองชั้น, เชิด สองชั้น, เสมอ, ฟ้อนม่านมงคลใหม่, ฟ้อนม่านมงคล"
P169,JPNI,- - X X | X X X X | - X X X | - X - X,16,11,17,"ลาวเสี่ยงเทียน เถา, บังใบ เถา, ลาวชมดง สองชั้น, ลาวดำเนินทราย สองชั้น"
P170,NINL,- X X X | - X - X | - X X X | X X - X,16,11,17,"กลม, ระบำศรีชัยสิงห์, พระรามเดินดง, ช้าเรื่องสร้อยสน (พระนคร), ฉิ่งเรื่องพระฉันเช้า (ยิกิน), ระบำสี่บท, ลาวกระแซ สองชั้น"
P171,OIPL,- - - - | - X - X | X X X X | X X - X,16,9,17,"ฉิ่งเรื่องพระฉันเช้า (ยิกิน), ทยอยนอก สามชั้น, เขมรพวง เถา, สร้อยลำปาง เถา, แขกลพบุรี สามชั้น, พระอาทิตย์ชิงดวง สองชั้น, ระบำอยุธยา"
P172,OPPO,- - - - | X X X X | X X X X | - - - -,16,8,17,"ทะเลบ้า เถา, พม่าห้าท่อน สามชั้น, สีนวล ออกต้นวรเชษฐ์, โหมโรงมหาฤกษ์, ทยอยญวน เถา, ระบำอยุธยา, พม่าเห่ เถา"
P173,PPPE,X X X X | X X X X | X X X X | X X - -,16,14,17,"กราวนอก, บังใบ เถา, ช้าเรื่องจีนแส (พระนคร), ระบำม้า (เพลงม้าโขยก), เชิดจีน"
P174,DDJP,- - - X | - - - X | - - X X | X X X X,16,8,16,"แขกกุลิต เถา, พญาเดิน, แขกขาว เถา, โหมโรงพม่าวัด, พันธุ์ฝรั่ง เถา, ตระท้าวน้อย, ช้างประสานงา เถา, ระบำเทพบันเทิง …+2"
P175,DNII,- - - X | - X X X | - X - X | - X - X,16,8,16,"แขกโอด สามชั้น, ช้าเรื่องขอมดำดิน, สารถี เถา, โหมโรงไอยเรศ สามชั้น, แขกมอญบางช้าง เถา, ราตรีประดับดาว เถา, หกบท เถา, เขมรโพธิสัตว์ เถา …+2"
P176,DOPP,- - - X | - - - - | X X X X | X X X X,16,9,16,"บังใบ เถา, ฉิ่งเรื่องพระฉันเช้า (ยิกิน), สร้อยลำปาง เถา, ระบำศรีชัยสิงห์, พม่าห้าท่อน หกชั้น"
P177,IBNN,- X - X | - X - - | - X X X | - X X X,16,9,16,"กลม, กราวใน"
P178,IIIO,- X - X | - X - X | - X - X | - - - -,16,6,16,"ระบำมฤคระเริง, ช้าเรื่องจีนแส (พระนคร), จีนเก็บบุปผา, วิลันดาโอด สองชั้น, ระบำกฤดาภินิหาร, ช้าเรื่องตะนาว (พระนคร), ฉิ่งเรื่องพระฉันเพล (จิ้งจกทอง), ตับสมิงทอง …+2"
P179,IILN,- X - X | - X - X | X X - X | - X X X,16,10,16,"สาธุการ, เข้าม่าน, ระบำไกรลาศสำเริง, ตระหญ้าปากคอก, ปฐม สองชั้น, เสมอ"
P180,NIIB,- X X X | - X - X | - X - X | - X - -,16,8,16,"เชิด สองชั้น, กราวใน, เขมรโพธิสัตว์ สามชั้น, ช้าเรื่องขอมดำดิน"
P181,NNPL,- X X X | - X X X | X X X X | X X - X,16,13,16,"ชาตรีตะลุง ชั้นเดียว, แขกมอญ เถา, ลาวดวงเดือน สองชั้น, ระบำดาวดึงส์, ระบำกฤดาภินิหาร, ฉิ่งเรื่องพระฉันเช้า (ยิกิน), พม่าห้าท่อน หกชั้น"
P182,NPIJ,- X X X | X X X X | - X - X | - - X X,16,11,16,"สี่บท เถา, เอกบท สองชั้น, ระบำพัทธวิสัย, เอกบท สองชั้น (ฉบับที่ 2), เทพรัญจวน เถา"
P183,ODDO,- - - - | - - - X | - - - X | - - - -,16,2,16,"ทยอยญวน เถา, จีนลั่นถัน เถา, จีนล่องหน่าย, ราตรีประดับดาว เถา"
P184,OOBB,- - - - | - - - - | - X - - | - X - -,16,2,16,"แขกโอด สามชั้น, อกทะเล สามชั้น, ช้างประสานงา เถา"
P185,PPII,X X X X | X X X X | - X - X | - X - X,16,12,16,"ทยอยญวน เถา, แขกลพบุรี สามชั้น, ทยอยใน เถา, อาเฮีย เถา, อะแซหวุ่นกี้ เถา"
P186,PPJP,X X X X | X X X X | - - X X | X X X X,16,14,16,"จีนลั่นถัน เถา, ทยอยใน เถา, ทยอยเขมร สามชั้น, พม่าห้าท่อน สามชั้น"
P187,DBII,- - - X | - X - - | - X - X | - X - X,16,6,15,"พญาเดิน, ฉิ่งเรื่องพระฉันเพล (จิ้งจกทอง), ฉิ่งเรื่องพระฉันเช้า (ยิกิน), ระบำชุมนุมเผ่าไทย, เขมรปี่แก้ว สามชั้น, ระบำเริงอรุณ, ลาวกระแซ สองชั้น"
P188,DBIL,- - - X | - X - - | - X - X | X X - X,16,7,15,"ฉิ่งเรื่องพระฉันเช้า (ยิกิน), ฉิ่งเรื่องพระฉันเพล (จิ้งจกทอง), ระบำชุมนุมเผ่าไทย, โหมโรงกราวนอก"
P189,DJJP,- - - X | - - X X | - - X X | X X X X,16,9,15,"แขกมอญบางขุนพรหม เถา, สร้อยลำปาง เถา, ทยอยเขมร สามชั้น, ราตรีประดับดาว เถา, เขมรโพธิสัตว์ เถา, เสมอลาว, ฟ้อนพวงมาลัย"
P190,III,- X - X | - X - X | - X - X,12,6,15,"พญาเดิน, ฉิ่งเรื่องพระฉันเช้า (ยิกิน), โลมสิงโต, ยานี, โอ้ชาตรีนอก, โอ้ปี่นอก, อาเฮีย เถา, โอ้โลม …+1"
P191,JJIN,- - X X | - - X X | - X - X | - X X X,16,9,15,"อาเฮีย เถา, แขกโอด สามชั้น, ตระเชิงเทียน, หกบท เถา, อาหนู เถา, แขกลพบุรี สามชั้น, นารายณ์แปลงรูป สามชั้น, พญาโศก สามชั้น …+5"
P192,JPOO,- - X X | X X X X | - - - - | - - - -,16,6,15,"ระบำบันเทิงกาสร, ระบำเริงอรุณ, พม่าเห่ เถา, โหมโรงสามม้า, ช้างประสานงา เถา, เขมรไทรโยค, บังใบ เถา"
P193,JPPO,- - X X | X X X X | X X X X | - - - -,16,10,15,"เขมรราชบุรี สามชั้น, ภิรมย์สุรางค์ เถา, เงี้ยวรำลึก เถา, โหมโรงมหาฤกษ์"
P194,LLLL,X X - X | X X - X | X X - X | X X - X,16,12,15,"สารถี เถา, พญาโศก สามชั้น, โหมโรงสามม้า, บุหลัน เถา, สี่บท เถา, กล่อมนารี เถา, แขกมอญบางช้าง เถา, ถอนสมอ สามชั้น …+2"
P195,OINI,- - - - | - X - X | - X X X | - X - X,16,7,15,"ใบ้คลั่ง เถา, ลาวเสี่ยงเทียน เถา, เขมรพายเรือ สองชั้น, พม่าห้าท่อน หกชั้น, ฉิ่งเรื่องพระฉันเพล (จิ้งจกทอง), ระบำนกเขามะราปี, รำวงมาตรฐาน, สี่บท เถา"
P196,PPEM,X X X X | X X X X | X X - - | X - X X,16,13,15,"ลาวเสี่ยงเทียน เถา, โสมส่องแสง เถา, ลาวดวงเดือน สองชั้น, เขมรโพธิสัตว์ สามชั้น, ลาวดำเนินทราย สองชั้น, เขมรลออองค์ เถา, เขมรโพธิสัตว์ เถา"
P197,DDJL,- - - X | - - - X | - - X X | X X - X,16,7,14,"ตระท้าวน้อย, มอญรำดาบ เถา, แมลงวันทอง สองชั้น, โอ้ลาว เถา, แขกขาว เถา, ระบำเทพบันเทิง, ระบำเริงอรุณ, ระบำสี่บท …+1"
P198,DJJJ,- - - X | - - X X | - - X X | - - X X,16,7,14,"ระบำอยุธยา, พม่าห้าท่อน หกชั้น, ทยอยนอก สามชั้น, ทยอยใน เถา, รำวงมาตรฐาน, ระบำฉิ่ง"
P199,JBPI,- - X X | - X - - | X X X X | - X - X,16,9,14,"แขกมอญ เถา, สุรินทราหู เถา, บังใบ เถา, อาถรรพ์ เถา, เขมรลออองค์ เถา, เขมรโพธิสัตว์ เถา, บุหลัน เถา"
P200,NPJE,- X X X | X X X X | - - X X | X X - -,16,11,14,"ชมแสงจันทร์ เถา, อาหนู เถา, ใบ้คลั่ง เถา, ลาวดำเนินทราย สองชั้น"
P201,ODJP,- - - - | - - - X | - - X X | X X X X,16,7,14,"สร้อยลำปาง เถา, ฟ้อนลาวคำหอม (เสียง มซซซ), ลาวคำหอม (เสียง ลา — อีกฉบับ), จีนลั่นถัน เถา, ระบำเชียงแสน, ระบำศรีวิชัย, ระบำสุโขทัย, โลมมอญ"
P202,OIDD,- - - - | - X - X | - - - X | - - - X,16,4,14,"พม่าห้าท่อน สามชั้น, ระบำบันเทิงกาสร, ระบำม่านมุ้ยเชียงตา, บาทสกุณี (เสมอตีนนก), ฟ้อนพวงมาลัย, พม่าเห่ เถา, อะแซหวุ่นกี้ เถา, ทยอยใน เถา"
P203,PI,X X X X | - X - X,8,6,14,"ชมแสงจันทร์ เถา, เขมรพวง เถา, ใบ้คลั่ง เถา, เชิดจีน, เจดีย์เจ็ดยอด, เชิด ชั้นเดียว, แขกต่อยหม้อ เถา, สุดสงวน เถา …+1"
P204,PPJE,X X X X | X X X X | - - X X | X X - -,16,12,14,"ฉิ่งเรื่องพระฉันเช้า (ยิกิน), ชมแสงจันทร์ เถา, ช้าเรื่องจีนแส (พระนคร), ฟ้อนม่านมงคล, พันธุ์ฝรั่ง เถา"
P205,PPJJ,X X X X | X X X X | - - X X | - - X X,16,12,14,"อาเฮีย เถา, แขกลพบุรี สามชั้น, แขกโอด สามชั้น, อกทะเล สามชั้น, โหมโรงจอมสุรางค์"
P206,PPMD,X X X X | X X X X | X - X X | - - - X,16,12,14,"แขกลพบุรี สามชั้น, ลาวเสี่ยงเทียน เถา, กล่อมนารี เถา, โสมส่องแสง เถา"
P207,IBBI,- X - X | - X - - | - X - - | - X - X,16,6,13,"โอ้ลาว เถา, พม่าห้าท่อน หกชั้น, แขกมอญบางขุนพรหม เถา, ทยอยนอก สามชั้น, จระเข้หางยาว เถา (ทางเสภา)"
P208,IIJE,- X - X | - X - X | - - X X | X X - -,16,8,13,"ช้าเรื่องจีนแส (พระนคร), เขมรโพธิสัตว์ สามชั้น, บังใบ เถา"
P209,IJBL,- X - X | - - X X | - X - - | X X - X,16,8,13,"จีนล่องหน่าย, ตระนิมิต, เชิดฉาน, ชมโฉม, โลม, เชิดฉาน (ฉบับโครงสร้าง), โหมโรงมหาฤกษ์, ทยอยใน เถา"
P210,ILIP,- X - X | X X - X | - X - X | X X X X,16,11,13,"พระรามเดินดง, ระบำสี่บท, เชิดจีน"
P211,INIO,- X - X | - X X X | - X - X | - - - -,16,7,13,"ฉิ่งเรื่องพระฉันเช้า (ยิกิน), ฉิ่งเรื่องพระฉันเพล (จิ้งจกทอง), ชมแสงจันทร์ เถา, พระรามเดินดง"
P212,JIPI,- - X X | - X - X | X X X X | - X - X,16,10,13,"เงี้ยวรำลึก เถา, เชิดจีน, ระบำชุมนุมเผ่าไทย, บังใบ เถา, แขกลพบุรี สามชั้น, ระบำดอกบัว"
P213,JLJL,- - X X | X X - X | - - X X | X X - X,16,10,13,"เข้าม่าน, เซ่นเหล้า, ฉิ่งเรื่องพระฉันเพล (จิ้งจกทอง), ฉิ่งเรื่องพระฉันเช้า (ยิกิน), ชำนาญ, พญาเดิน, ช้าเรื่องตะนาว (พระนคร), ระบำมยุราภิรมย์ …+1"
P214,JLPL,- - X X | X X - X | X X X X | X X - X,16,12,13,"เทพรัญจวน เถา, เขมรโพธิสัตว์ เถา, เขมรโพธิสัตว์ สามชั้น"
P215,JPII,- - X X | X X X X | - X - X | - X - X,16,10,13,"โสมส่องแสง เถา, อาหนู เถา, ลาวเสี่ยงเทียน เถา, ราตรีประดับดาว เถา, ลาวดวงเดือน สองชั้น, ลาวเล็กตัดสร้อย สองชั้น, ลาวชมดง สองชั้น, รำวงมาตรฐาน"
P216,JPPE,- - X X | X X X X | X X X X | X X - -,16,12,13,"ทยอยญวน เถา, สร้อยลำปาง เถา"
P217,NINP,- X X X | - X - X | - X X X | X X X X,16,12,13,"ช้างประสานงา เถา, ฉิ่งเรื่องพระฉันเช้า (ยิกิน), แขกมอญ เถา, แขกมอญบางช้าง เถา, ระบำกุญชรเกษม, มอญรำดาบ เถา"
P218,NLIL,- X X X | X X - X | - X - X | X X - X,16,11,13,"ฉิ่งเรื่องพระฉันเช้า (ยิกิน), ช้างประสานงา เถา, เรื่องสีนวล (หลวงบำรุงจิตรเจริญ)"
P219,NNIN,- X X X | - X X X | - X - X | - X X X,16,11,13,"สาธุการ, ฉิ่งเรื่องพระฉันเช้า (ยิกิน), พระรามเดินดง, ช้าเรื่องตะนาว (พระนคร), เรื่องสีนวล (หลวงบำรุงจิตรเจริญ), ช้าเรื่องขอมดำดิน, แขกบรเทศ เถา, อาหนู เถา …+3"
P220,OGGD,- - - - | X - - X | X - - X | - - - X,16,5,13,ทยอยเขมร สามชั้น
P221,OIJP,- - - - | - X - X | - - X X | X X X X,16,8,13,"ฉิ่งเรื่องพระฉันเช้า (ยิกิน), โอ้ลาว เถา, สี่บท เถา, โสมส่องแสง เถา, ลาวจ้อย สองชั้น, ระบำดอกบัว, รำวงมาตรฐาน, จระเข้หางยาว เถา (ทางเสภา)"
P222,OIPI,- - - - | - X - X | X X X X | - X - X,16,8,13,"รำวงมาตรฐาน, ระบำศรีชัยสิงห์, จีนขิมเล็ก เถา, ลาวจ้อย สองชั้น, ระบำลพบุรี, ระบำสุโขทัย, เขมรขอทาน สองชั้น, ลิงลาน สองชั้น …+1"
P223,OOIP,- - - - | - - - - | - X - X | X X X X,16,6,13,"โสมส่องแสง เถา, ระบำนกเขามะราปี, ระบำนพรัตน์, เขมรพวง เถา, ราตรีประดับดาว เถา, ลาวครวญ สองชั้น, ลาวจ้อย สองชั้น, ระบำชุมนุมเผ่าไทย …+2"
P224,OPBP,- - - - | X X X X | - X - - | X X X X,16,9,13,"ฉิ่งเรื่องพระฉันเพล (จิ้งจกทอง), ฉิ่งเรื่องพระฉันเช้า (ยิกิน), ระบำนกเขามะราปี, แขกกุลิต เถา, ระบำนพรัตน์, ระบำกุญชรเกษม"
P225,PIPP,X X X X | - X - X | X X X X | X X X X,16,14,13,"ทยอยนอก สามชั้น, แขกลพบุรี สามชั้น, แขกขาว เถา, ฉิ่งเรื่องพระฉันเพล (จิ้งจกทอง)"
P226,PNPN,X X X X | - X X X | X X X X | - X X X,16,14,13,"ระบำเทพบันเทิง, เทพบรรทม เถา, ใบ้คลั่ง เถา, อะแซหวุ่นกี้ เถา, โหมโรงไอยเรศ สามชั้น, นางครวญ เถา, เขมรปี่แก้ว สามชั้น"
P227,DD,- - - X | - - - X,8,2,12,"เชิด สองชั้น, ฉิ่งเรื่องพระฉันเช้า (ยิกิน), เจดีย์เจ็ดยอด, เหาะ, โอ้ปี่, ระบำดาวดึงส์, ระบำสี่บท"
P228,DDDB,- - - X | - - - X | - - - X | - X - -,16,4,12,"ระบำศรีชัยสิงห์, รำวงมาตรฐาน, บังใบ เถา, ช้าเรื่องขอมดำดิน, ตับวิวาห์พระสมุทร, มอญรำดาบ เถา, เขมรโพธิสัตว์ เถา, เขมรโพธิสัตว์ สองชั้น …+1"
P229,DDDO,- - - X | - - - X | - - - X | - - - -,16,3,12,"ระบำม่านมุ้ยเชียงตา, ระบำมยุราภิรมย์, ระบำพม่านิมิตร, ระบำศรีวิชัย, จีนลั่นถัน เถา"
P230,DDIN,- - - X | - - - X | - X - X | - X X X,16,7,12,"ฟ้อนลาวคำหอม (เสียง มซซซ), ฟ้อนลาวคำหอม (เสียง ลา), ลาวคำหอม (เสียง ลา — อีกฉบับ), เรื่องสีนวล (หลวงบำรุงจิตรเจริญ), มอญรำดาบ เถา, ช้างประสานงา เถา, ระบำสวัสดิรักษา, เสมอพม่า …+1"
P231,DDIO,- - - X | - - - X | - X - X | - - - -,16,4,12,"ฉิ่งเรื่องพระฉันเพล (จิ้งจกทอง), ระบำอู่ทอง, ระบำม่านมุ้ยเชียงตา, ระบำกฤดาภินิหาร"
P232,DNIO,- - - X | - X X X | - X - X | - - - -,16,6,12,"จีนลั่นถัน เถา, ตับวิวาห์พระสมุทร, หนีเสือ, เชิดจีน"
P233,IPIL,- X - X | X X X X | - X - X | X X - X,16,11,12,"ฉิ่งเรื่องพระฉันเช้า (ยิกิน), ตับมโหรีนางนาค, ตับต้นเพลงฉิ่ง, พระรามเดินดง, ระบำกุญชรเกษม"
P234,JJOO,- - X X | - - X X | - - - - | - - - -,16,4,12,"พม่าห้าท่อน หกชั้น, เขมรพวง เถา, ช้างประสานงา เถา, แขกลพบุรี สามชั้น, แขกโอด สามชั้น, แสนสุดสวาท สามชั้น, ระบำฉิ่ง"
P235,JPNP,- - X X | X X X X | - X X X | X X X X,16,13,12,"สี่บท เถา, ฉิ่งเรื่องพระฉันเช้า (ยิกิน), ระบำดอกบัว, ฟ้อนพวงมาลัย, ระบำม่านมุ้ยเชียงตา"
P236,JPPN,- - X X | X X X X | X X X X | - X X X,16,13,12,"โอ้ลาว เถา, ระบำเชียงแสน, ฟ้อนม่านมงคลใหม่, ฟ้อนม่านมงคล"
P237,NINN,- X X X | - X - X | - X X X | - X X X,16,11,12,"กราวใน, ฉิ่งเรื่องพระฉันเช้า (ยิกิน), รำวงมาตรฐาน, พญาเดิน, อาหนู เถา"
P238,NLPP,- X X X | X X - X | X X X X | X X X X,16,14,12,"ฉิ่งเรื่องพระฉันเช้า (ยิกิน), ฉิ่งเรื่องพระฉันเพล (จิ้งจกทอง), สร้อยลำปาง เถา, ระบำหน้าช้าง, ปฐม สองชั้น, ระบำม่านมุ้ยเชียงตา"
P239,NPPN,- X X X | X X X X | X X X X | - X X X,16,14,12,"ระบำเทพบันเทิง, โหมโรงจอมสุรางค์, มอญรำดาบ เถา, ระบำกุญชรเกษม"
P240,OOEB,- - - - | - - - - | X X - - | - X - -,16,3,12,"อาเฮีย เถา, แขกโอด สามชั้น"
P241,PINP,X X X X | - X - X | - X X X | X X X X,16,13,12,"ฉิ่งเรื่องพระฉันเช้า (ยิกิน), ช้าเรื่องจีนแส (พระนคร), ลาวดวงเดือน สองชั้น, อาหนู เถา, อาเฮีย เถา, ระบำม่านมุ้ยเชียงตา"
P242,PLBL,X X X X | X X - X | - X - - | X X - X,16,11,12,"อกทะเล สามชั้น, ระบำสวัสดิรักษา, จีนเก็บบุปผา, พม่าห้าท่อน สามชั้น, พม่าเห่ เถา"
P243,PPIO,X X X X | X X X X | - X - X | - - - -,16,10,12,"ทยอยญวน เถา, เขมรพวง เถา, เขมรโพธิสัตว์ เถา"
P244,PPPO,X X X X | X X X X | X X X X | - - - -,16,12,12,"ทยอยเขมร สามชั้น, เขมรราชบุรี สามชั้น, โหมโรงสามม้า, โอ้ลาว เถา, นางครวญ เถา, อกทะเล เถา"
P245,BBBB,- X - - | - X - - | - X - - | - X - -,16,4,11,"อกทะเล สามชั้น, ระบำมฤคระเริง, แขกโอด สามชั้น"
P246,CIII,- - X - | - X - X | - X - X | - X - X,16,7,11,"ตระปลายพระลักษมณ์, ตระสันนิบาต, ตระเสือขับ, ทยอยนอก สามชั้น"
P247,DDNI,- - - X | - - - X | - X X X | - X - X,16,7,11,"ฉิ่งเรื่องพระฉันเพล (จิ้งจกทอง), โลมสิงโต, สิงโต สองชั้น, เรื่องสีนวล (หลวงบำรุงจิตรเจริญ), เขมรลออองค์ เถา, โหมโรงมะลิเลื้อย"
P248,DIIN,- - - X | - X - X | - X - X | - X X X,16,8,11,"ฉิ่งเรื่องพระฉันเพล (จิ้งจกทอง), ราตรีประดับดาว เถา, ตับมโหรีนางนาค, ตับวิวาห์พระสมุทร, ฟ้อนม่านมงคลใหม่, ฟ้อนม่านมงคล"
P249,I,- X - X,4,2,11,"พญาเดิน, ฉิ่งเรื่องพระฉันเช้า (ยิกิน), เขมรลออองค์ เถา, ราตรีประดับดาว เถา, ช้างประสานงา เถา, อาหนู เถา, แขกไทร สามชั้น, แขกโอด สามชั้น …+1"
P250,IIDB,- X - X | - X - X | - - - X | - X - -,16,6,11,"พญาเดิน, ระบำมฤคระเริง, เขมรโพธิสัตว์ เถา, แขกลพบุรี สามชั้น, เขมรโพธิสัตว์ สองชั้น, ฝรั่งควง สองชั้น, พม่าเห่ เถา"
P251,IIPO,- X - X | - X - X | X X X X | - - - -,16,8,11,"พม่าเห่ เถา, อะแซหวุ่นกี้ เถา, อกทะเล เถา"
P252,JNJP,- - X X | - X X X | - - X X | X X X X,16,11,11,"ระบำเทพบันเทิง, พม่าห้าท่อน หกชั้น, อกทะเล สามชั้น"
P253,NBII,- X X X | - X - - | - X - X | - X - X,16,8,11,"พม่าห้าท่อน สามชั้น, พระอาทิตย์ชิงดวง สองชั้น, ระบำศรีชัยสิงห์"
P254,NLNP,- X X X | X X - X | - X X X | X X X X,16,13,11,"ฉิ่งเรื่องพระฉันเช้า (ยิกิน), พม่าห้าท่อน สามชั้น, สร้อยลำปาง เถา"
P255,ODDN,- - - - | - - - X | - - - X | - X X X,16,5,11,"ระบำดาวดึงส์, เขมรลออองค์ เถา, คุกพาทย์, กระเรียนทอง สองชั้น"
P256,OOOB,- - - - | - - - - | - - - - | - X - -,16,1,11,"อาเฮีย เถา, แขกโอด สามชั้น, โสมส่องแสง เถา, แสนสุดสวาท สามชั้น"
P257,OPIL,- - - - | X X X X | - X - X | X X - X,16,9,11,"จีนล่องหน่าย, เขมรลออองค์ เถา, ระบำศรีชัยสิงห์, เชื้อ, เงี้ยวรำลึก เถา"
P258,PINI,X X X X | - X - X | - X X X | - X - X,16,11,11,"โสมส่องแสง เถา, ช้าเรื่องจีนแส (พระนคร), ฉิ่งเรื่องพระฉันเช้า (ยิกิน), ชมแสงจันทร์ เถา, ลาวดวงเดือน สองชั้น, ใบ้คลั่ง เถา"
P259,BLJN,- X - - | X X - X | - - X X | - X X X,16,9,10,"เขมรราชบุรี สามชั้น, ระบำดาวดึงส์, โหมโรงไอยเรศ สามชั้น, โหมโรงไอยเรศ"
P260,DIPI,- - - X | - X - X | X X X X | - X - X,16,9,10,"เงี้ยวรำลึก เถา, ระบำมฤคระเริง, ลาวครวญ สองชั้น, ระบำทวารวดี, ระบำม่านมุ้ยเชียงตา, ทยอยใน เถา"
P261,DJPI,- - - X | - - X X | X X X X | - X - X,16,9,10,"โสมส่องแสง เถา, ลาวดวงเดือน สองชั้น, แมลงภู่ทอง สองชั้น, ฉิ่งเรื่องพระฉันเพล (จิ้งจกทอง), เสมอลาว, ฟ้อนพวงมาลัย, ใบ้คลั่ง เถา"
P262,IJNI,- X - X | - - X X | - X X X | - X - X,16,9,10,"ฉิ่งเรื่องพระฉันเช้า (ยิกิน), ช้าเรื่องตะนาว (พระนคร), โอ้บูชากูณฑ์, ระบำอู่ทอง"
P263,JIIJ,- - X X | - X - X | - X - X | - - X X,16,8,10,"ระบำม่านมุ้ยเชียงตา, เชิดฉาน, เชิดฉาน (ฉบับโครงสร้าง), ช้างประสานงา เถา, บาทสกุณี (เสมอตีนนก)"
P264,LINI,X X - X | - X - X | - X X X | - X - X,16,10,10,"ทยอยญวน เถา, เขมรราชบุรี สามชั้น, ฉิ่งเรื่องพระฉันเช้า (ยิกิน), โหมโรงเยี่ยมวิมาน"
P265,NPJP,- X X X | X X X X | - - X X | X X X X,16,13,10,"พญาเดิน, จีนขิมเล็ก เถา, ทยอยเขมร สามชั้น, เงี้ยวรำลึก เถา, พม่าเห่ เถา, เทพนิมิต เถา"
P266,ONII,- - - - | - X X X | - X - X | - X - X,16,7,10,"ฉิ่งเรื่องพระฉันเพล (จิ้งจกทอง), โลมเพลงฉิ่ง, พญาเดิน, จีนขิมเล็ก เถา, จีนเก็บบุปผา"
P267,OOBK,- - - - | - - - - | - X - - | X X X -,16,4,10,"แขกลพบุรี สามชั้น, กล่อมนารี เถา, โสมส่องแสง เถา"
P268,OPPL,- - - - | X X X X | X X X X | X X - X,16,11,10,"ฉิ่งเรื่องพระฉันเช้า (ยิกิน), นางครวญ เถา, ลาวดำเนินทราย สองชั้น, ช้างประสานงา เถา, พม่าแทงกบ สองชั้น, ลาวกระแซ สองชั้น, อะแซหวุ่นกี้ เถา"
P269,BPBP,- X - - | X X X X | - X - - | X X X X,16,10,9,"ระบำเทพบันเทิง, ทยอย, ฉิ่งเรื่องพระฉันเพล (จิ้งจกทอง), อาเฮีย เถา, ระบำกุญชรเกษม"
P270,BPJP,- X - - | X X X X | - - X X | X X X X,16,11,9,"ฉิ่งเรื่องพระฉันเช้า (ยิกิน), ระบำดาวดึงส์, สร้อยลำปาง เถา"
P271,DDDJ,- - - X | - - - X | - - - X | - - X X,16,5,9,"อะแซหวุ่นกี้ เถา, ตระท้าวน้อย, ตระเชิงเทียน, ราตรีประดับดาว เถา, ฟ้อนพวงมาลัย"
P272,DDIL,- - - X | - - - X | - X - X | X X - X,16,7,9,"เข้าม่าน, ฉิ่งเรื่องพระฉันเพล (จิ้งจกทอง), มอญรำดาบ เถา, ระบำไกรลาศสำเริง, เชื้อ, จีนเก็บบุปผา"
P273,DINP,- - - X | - X - X | - X X X | X X X X,16,10,9,"ทยอยนอก สามชั้น, เขมรลออองค์ เถา, แขกมอญบางขุนพรหม เถา, ระบำพัทธวิสัย, โหมโรงจีนโล้, โหมโรงมหาฤกษ์"
P274,DJIO,- - - X | - - X X | - X - X | - - - -,16,5,9,"ตุ๊กตา สองชั้น, ระบำสวัสดิรักษา, ระบำชาวนา, จีนขายอ้อย สองชั้น, ลิงลาน สองชั้น"
P275,DPII,- - - X | X X X X | - X - X | - X - X,16,9,9,"ทยอยญวน เถา, ระบำสุโขทัย"
P276,IBIB,- X - X | - X - - | - X - X | - X - -,16,6,9,"กราวใน, ระบำม่านมุ้ยเชียงตา, ระบำชาวนา, ฟ้อนม่านมงคลใหม่, ฟ้อนม่านมงคล, อะแซหวุ่นกี้ เถา"
P277,IIIP,- X - X | - X - X | - X - X | X X X X,16,10,9,"อาเฮีย เถา, พม่าเห่ เถา, พญาเดิน, ระบำนกเขามะราปี, ระบำเชียงแสน, อะแซหวุ่นกี้ เถา"
P278,IIOD,- X - X | - X - X | - - - - | - - - X,16,5,9,"ระบำม่านมุ้ยเชียงตา, เขมรลออองค์ เถา"
P279,IJIO,- X - X | - - X X | - X - X | - - - -,16,6,9,"ระบำมฤคระเริง, ตวงพระธาตุ สองชั้น, ระบำสวัสดิรักษา, เขมรโพธิสัตว์ เถา"
P280,JI,- - X X | - X - X,8,4,9,"เชิด สองชั้น, เจดีย์เจ็ดยอด, โอ้ปี่"
P281,JJJN,- - X X | - - X X | - - X X | - X X X,16,9,9,"ระบำอัศวลีลา, อาเฮีย เถา, โสมส่องแสง เถา, ระบำกรับ"
P282,JLII,- - X X | X X - X | - X - X | - X - X,16,9,9,"ฉิ่งเรื่องพระฉันเช้า (ยิกิน), ลมพัดชายเขา สองชั้น, ปฐม สองชั้น, ตระปลายพระลักษมณ์, เขมรลออองค์ เถา"
P283,JPJL,- - X X | X X X X | - - X X | X X - X,16,11,9,"พม่าห้าท่อน สามชั้น, บังใบ เถา, ทยอยใน เถา, เขมรพวง เถา, เขมรไทรโยค"
P284,NN,- X X X | - X X X,8,6,9,"ปฐม ชั้นเดียว, เชิด ชั้นเดียว, สรภัญญะ, เขมรพวง เถา, แขกกุลิต เถา, เขมรโพธิสัตว์ เถา"
P285,OBPP,- - - - | - X - - | X X X X | X X X X,16,9,9,"ฉิ่งเรื่องพระฉันเช้า (ยิกิน), แขกโอด สามชั้น"
P286,OIDB,- - - - | - X - X | - - - X | - X - -,16,4,9,"ตะละแม่ศรี, มอญท่าอิฐ สองชั้น, ระบำชาวนา, ระบำกรับ, เบ้าหลุด ชั้นเดียว"
P287,OIDN,- - - - | - X - X | - - - X | - X X X,16,6,9,"บังใบ เถา, ลาวดำเนินทราย สองชั้น"
P288,OINL,- - - - | - X - X | - X X X | X X - X,16,8,9,"ระบำม่านมุ้ยเชียงตา, ระบำชุมนุมเผ่าไทย"
P289,OONN,- - - - | - - - - | - X X X | - X X X,16,6,9,"ทะเลบ้า เถา, ตับวิวาห์พระสมุทร, แขกโหม่ง สองชั้น, แขกขาว เถา"
P290,PFPF,X X X X | X - X - | X X X X | X - X -,16,12,9,"แขกขาว เถา, เขมรพวง เถา"
P291,PIPL,X X X X | - X - X | X X X X | X X - X,16,13,9,"โหมโรงขวัญเมือง, แขกกุลิต เถา, ช้าเรื่องขอมดำดิน, พม่าเห่ เถา, อะแซหวุ่นกี้ เถา, เขมรราชบุรี สามชั้น"
P292,PPJM,X X X X | X X X X | - - X X | X - X X,16,13,9,"แขกโอด สามชั้น, อาเฮีย เถา, ช้างประสานงา เถา"
P293,PPPD,X X X X | X X X X | X X X X | - - - X,16,13,9,"โหมโรงกราวนอก, อาเฮีย เถา, เงี้ยวรำลึก เถา"
P294,BIDB,- X - - | - X - X | - - - X | - X - -,16,5,8,"แขกมอญบางขุนพรหม เถา, ฟ้อนม่านมงคลใหม่, โหมโรงแขกมอญทางหลีก, สุดสงวน เถา, ฟ้อนม่านมงคล, อะแซหวุ่นกี้ เถา"
P295,BIDD,- X - - | - X - X | - - - X | - - - X,16,5,8,"พม่าห้าท่อน สามชั้น, ระบำบันเทิงกาสร, ระบำม่านมุ้ยเชียงตา, แขกมอญบางขุนพรหม เถา"
P296,BIDI,- X - - | - X - X | - - - X | - X - X,16,6,8,"ฉิ่งเรื่องพระฉันเพล (จิ้งจกทอง), ระบำมฤคระเริง"
P297,BIIN,- X - - | - X - X | - X - X | - X X X,16,8,8,"เชิด สองชั้น, รำวงมาตรฐาน"
P298,BIJI,- X - - | - X - X | - - X X | - X - X,16,7,8,"ระบำดอกบัว, เขมรลออองค์ เถา, รำวงมาตรฐาน, ระบำชาวนา"
P299,DIID,- - - X | - X - X | - X - X | - - - X,16,6,8,"ตับมโหรีนางนาค, คุกพาทย์, ระบำบันเทิงกาสร, ตะบองกัน, ทยอยนอก สามชั้น"
P300,DNDD,- - - X | - X X X | - - - X | - - - X,16,6,8,"พม่าห้าท่อน หกชั้น, คุกพาทย์, เขมรลออองค์ เถา"
P301,DNIL,- - - X | - X X X | - X - X | X X - X,16,9,8,"พระรามเดินดง, โหมโรงขวัญเมือง, โหมโรงไอยเรศ สามชั้น, นาคเกี้ยว, โหมโรงไอยเรศ"
P302,IIDO,- X - X | - X - X | - - - X | - - - -,16,5,8,"ฉิ่งเรื่องพระฉันเพล (จิ้งจกทอง), ระบำม่านมุ้ยเชียงตา"
P303,IIOI,- X - X | - X - X | - - - - | - X - X,16,6,8,"ตับสมิงทอง, ลาวคำหอม (เสียง ลา — อีกฉบับ), โอ้ลาว เถา, เขมรลออองค์ เถา"
P304,ILNL,- X - X | X X - X | - X X X | X X - X,16,11,8,"อาถรรพ์ เถา, อาเฮีย เถา, เขมรใหญ่ สามชั้น, แขกไทร สามชั้น, ถอนสมอ สามชั้น, ครอบจักรวาล สองชั้น, เทพรัญจวน เถา, เทพนิมิต เถา"
P305,IN,- X - X | - X X X,8,5,8,"ปฐม ชั้นเดียว, เจดีย์เจ็ดยอด, สรภัญญะ, เชิด ชั้นเดียว, ฉิ่งเรื่องพระฉันเช้า (ยิกิน)"
P306,JNNN,- - X X | - X X X | - X X X | - X X X,16,11,8,"ระบำม่านมุ้ยเชียงตา, แขกต่อยหม้อ เถา, ทยอยนอก สามชั้น, ระบำอัศวลีลา"
P307,JPNN,- - X X | X X X X | - X X X | - X X X,16,12,8,"เขมรพวง เถา, เขมรโพธิสัตว์ เถา, ลาวดวงเดือน สองชั้น, ระบำดอกบัว"
P308,JPPJ,- - X X | X X X X | X X X X | - - X X,16,12,8,"เขมรราชบุรี สามชั้น, ระบำสุโขทัย, กราวนอก, สร้อยลำปาง เถา, อาเฮีย เถา"
P309,NIIP,- X X X | - X - X | - X - X | X X X X,16,11,8,"ฉิ่งเรื่องพระฉันเพล (จิ้งจกทอง), ระบำเชียงแสน, แขกยิงนก ชั้นเดียว, แขกอาหวัง สองชั้น, จระเข้หางยาว เถา (ทางเสภา)"
P310,NLPI,- X X X | X X - X | X X X X | - X - X,16,12,8,"ทยอยนอก สามชั้น, ระบำไกรลาศสำเริง, มอญรำดาบ เถา, สุดสงวน เถา"
P311,NNNL,- X X X | - X X X | - X X X | X X - X,16,12,8,"พระรามเดินดง, ช้าเรื่องสร้อยสน (พระนคร), ฉิ่งเรื่องพระฉันเช้า (ยิกิน), โหมโรงจีนโล้"
P312,NNOO,- X X X | - X X X | - - - - | - - - -,16,6,8,"โหมโรงมะลิเลื้อย, ทะเลบ้า เถา"
P313,NP,- X X X | X X X X,8,7,8,"ฉิ่งเรื่องพระฉันเช้า (ยิกิน), เจดีย์เจ็ดยอด, ทยอยญวน เถา, เชิด ชั้นเดียว"
P314,NPID,- X X X | X X X X | - X - X | - - - X,16,10,8,"ฉิ่งเรื่องพระฉันเช้า (ยิกิน), ตับสมิงทอง, มอญแปลง สองชั้น"
P315,OIDO,- - - - | - X - X | - - - X | - - - -,16,3,8,ฉิ่งเรื่องพระฉันเพล (จิ้งจกทอง)
P316,OIPP,- - - - | - X - X | X X X X | X X X X,16,10,8,"แขกลพบุรี สามชั้น, ราตรีประดับดาว เถา, สร้อยลำปาง เถา, ระบำลพบุรี, ฟ้อนม่านมงคลใหม่, ฟ้อนม่านมงคล"
P317,OOBI,- - - - | - - - - | - X - - | - X - X,16,3,8,"ลาวเสี่ยงเทียน เถา, เขมรลออองค์ เถา, แขกกุลิต เถา, อาหนู เถา, ระบำนพรัตน์"
P318,OOBM,- - - - | - - - - | - X - - | X - X X,16,4,8,แขกลพบุรี สามชั้น
P319,OOEE,- - - - | - - - - | X X - - | X X - -,16,4,8,"แขกลพบุรี สามชั้น, แขกโอด สามชั้น, อกทะเล สามชั้น"
P320,OOIB,- - - - | - - - - | - X - X | - X - -,16,3,8,"แขกโอด สามชั้น, พม่าเห่ เถา, โสมส่องแสง เถา, อะแซหวุ่นกี้ เถา"
P321,OONP,- - - - | - - - - | - X X X | X X X X,16,7,8,"แขกขาว เถา, ระบำไกรลาศสำเริง, บังใบ เถา, เขมรพวง เถา"
P322,OPIN,- - - - | X X X X | - X - X | - X X X,16,9,8,"ฉิ่งเรื่องพระฉันเช้า (ยิกิน), นางครวญ เถา, เขมรไทรโยค"
P323,PBPB,X X X X | - X - - | X X X X | - X - -,16,10,8,ทะเลบ้า เถา
P324,PIID,X X X X | - X - X | - X - X | - - - X,16,9,8,ระบำเริงอรุณ
P325,PMPE,X X X X | X - X X | X X X X | X X - -,16,13,8,"แขกโอด สามชั้น, อกทะเล สามชั้น"
P326,PNMJ,X X X X | - X X X | X - X X | - - X X,16,12,8,แขกโอด สามชั้น
P327,PPFF,X X X X | X X X X | X - X - | X - X -,16,12,8,"แขกลพบุรี สามชั้น, แป๊ะ สามชั้น"
P328,PPPJ,X X X X | X X X X | X X X X | - - X X,16,14,8,"อาเฮีย เถา, โหมโรงมะลิเลื้อย, เขมรปี่แก้ว สามชั้น"
P329,BI,- X - - | - X - X,8,3,7,"พญาเดิน, เจดีย์เจ็ดยอด, สร้อยลำปาง เถา, เขมรปี่แก้ว สามชั้น"
P330,BIII,- X - - | - X - X | - X - X | - X - X,16,7,7,"เขมรลออองค์ เถา, ฟ้อนลาวคำหอม (เสียง มซซซ), โสมส่องแสง เถา, ระบำชุมนุมเผ่าไทย, ลาวคำหอม (เสียง ลา — อีกฉบับ)"
P331,BMII,- X - - | X - X X | - X - X | - X - X,16,8,7,"ตระปลายพระลักษมณ์, ตระสันนิบาต, ตระมารละม่อม, ตระเชิงเทียน, ตระเสือขับ"
P332,DIDL,- - - X | - X - X | - - - X | X X - X,16,7,7,"ระบำม่านมุ้ยเชียงตา, กราวนอก, เขมรโพธิสัตว์ สามชั้น"
P333,DII,- - - X | - X - X | - X - X,12,5,7,"ยานี, ชมตลาด, โอ้โลม, โอ้ชาตรีนอก, โอ้ปี่นอก, โลมเพลงฉิ่ง"
P334,DIIJ,- - - X | - X - X | - X - X | - - X X,16,7,7,"บาทสกุณี (เสมอตีนนก), นารายณ์แปลงรูป สามชั้น, โอ้บูชากูณฑ์, ระบำย่องหงิด (ตัด), ระบำย่องหงิด, เทวาประสิทธิ์ สองชั้น"
P335,DJII,- - - X | - - X X | - X - X | - X - X,16,7,7,"ระบำม่านมุ้ยเชียงตา, ระบำกฤดาภินิหาร, ระบำบันเทิงกาสร"
P336,DOII,- - - X | - - - - | - X - X | - X - X,16,5,7,"ระบำชุมนุมเผ่าไทย, ระบำบันเทิงกาสร, ระบำศรีชัยสิงห์, ระบำไกรลาศสำเริง"
P337,DOPI,- - - X | - - - - | X X X X | - X - X,16,7,7,"ฉิ่งเรื่องพระฉันเช้า (ยิกิน), ระบำศรีชัยสิงห์"
P338,DPDN,- - - X | X X X X | - - - X | - X X X,16,9,7,"เขมรโพธิสัตว์ เถา, เขมรโพธิสัตว์ สามชั้น, เขมรโพธิสัตว์ สองชั้น"
P339,IIBP,- X - X | - X - X | - X - - | X X X X,16,9,7,"ฉิ่งเรื่องพระฉันเพล (จิ้งจกทอง), พญาเดิน, ช้าเรื่องขอมดำดิน"
P340,ILDD,- X - X | X X - X | - - - X | - - - X,16,7,7,"ชมแสงจันทร์ เถา, สีนวล ออกต้นวรเชษฐ์, แขกมอญบางขุนพรหม เถา, มอญแปลง สองชั้น, อกทะเล เถา"
P341,ILIN,- X - X | X X - X | - X - X | - X X X,16,10,7,"ฉิ่งเรื่องพระฉันเช้า (ยิกิน), แขกมอญบางขุนพรหม เถา"
P342,JBPP,- - X X | - X - - | X X X X | X X X X,16,11,7,"แขกมอญบางช้าง เถา, บุหลัน เถา, เขมรลออองค์ เถา, สุรินทราหู เถา, อาถรรพ์ เถา"
P343,JEPL,- - X X | X X - - | X X X X | X X - X,16,11,7,"ทยอยญวน เถา, แขกกุลิต เถา, ระบำเทพบันเทิง, เสมอลาว"
P344,JIIO,- - X X | - X - X | - X - X | - - - -,16,6,7,"อาเฮีย เถา, ฟ้อนม่านมงคลใหม่, ฟ้อนม่านมงคล, ระบำชาวนา"
P345,JMJM,- - X X | X - X X | - - X X | X - X X,16,10,7,"แขกโอด สามชั้น, แป๊ะ สามชั้น, แสนสุดสวาท สามชั้น, ระบำเริงอรุณ"
P346,JPDD,- - X X | X X X X | - - - X | - - - X,16,8,7,"ชมแสงจันทร์ เถา, โหมโรงสามม้า, ระบำชุมนุมเผ่าไทย, เงี้ยวรำลึก เถา"
P347,MJJJ,X - X X | - - X X | - - X X | - - X X,16,9,7,"แขกโอด สามชั้น, อาหนู เถา, แขกลพบุรี สามชั้น"
P348,MPPP,X - X X | X X X X | X X X X | X X X X,16,15,7,"ระบำอู่ทอง, ระบำลพบุรี, แขกโอด สามชั้น"
P349,N,- X X X,4,3,7,เชิด ชั้นเดียว
P350,NL,- X X X | X X - X,8,6,7,"เชิดจีน, เจดีย์เจ็ดยอด, ฉิ่งเรื่องพระฉันเช้า (ยิกิน), โอ้ชาตรี"
P351,NLII,- X X X | X X - X | - X - X | - X - X,16,10,7,"กราวใน, ฉิ่งเรื่องพระฉันเช้า (ยิกิน), เชิดจีน"
P352,NNPI,- X X X | - X X X | X X X X | - X - X,16,12,7,"ช้าเรื่องขอมดำดิน, ระบำกฤดาภินิหาร, แขกมอญ เถา, ระบำดอกบัว, โอ้ลาว เถา"
P353,NPNN,- X X X | X X X X | - X X X | - X X X,16,13,7,"ช้าเรื่องจีนแส (พระนคร), กลม, ฟ้อนพวงมาลัย, สี่บท เถา"
P354,ONNN,- - - - | - X X X | - X X X | - X X X,16,9,7,"แขกขาว เถา, ฉิ่งเรื่องพระฉันเพล (จิ้งจกทอง), ฟ้อนม่านมงคล, รำวงมาตรฐาน, ฟ้อนพวงมาลัย"
P355,ONNP,- - - - | - X X X | - X X X | X X X X,16,10,7,"จีนขิมเล็ก เถา, เขมรโพธิสัตว์ เถา, เขมรโพธิสัตว์ สามชั้น, เขมรราชบุรี สามชั้น"
P356,OODJ,- - - - | - - - - | - - - X | - - X X,16,3,7,"ระบำเริงอรุณ, แขกขาว เถา, ระบำนกเขามะราปี, รำวงมาตรฐาน, ฟ้อนพวงมาลัย, เงี้ยวรำลึก เถา"
P357,OOJB,- - - - | - - - - | - - X X | - X - -,16,3,7,"โสมส่องแสง เถา, เขมรโพธิสัตว์ สามชั้น, เขมรลออองค์ เถา, เขมรโพธิสัตว์ เถา"
P358,OOPL,- - - - | - - - - | X X X X | X X - X,16,7,7,"ลาวดวงเดือน สองชั้น, แขกกุลิต เถา, โสมส่องแสง เถา, ลาวดำเนินทราย สองชั้น, ระบำมยุราภิรมย์, ฟ้อนลาวคำหอม (เสียง มซซซ)"
P359,OPIP,- - - - | X X X X | - X - X | X X X X,16,10,7,"ระบำศรีชัยสิงห์, โสมส่องแสง เถา, ลาวดวงเดือน สองชั้น, จระเข้หางยาว เถา (ทางเสภา)"
P360,PNPP,X X X X | - X X X | X X X X | X X X X,16,15,7,"อาเฮีย เถา, ราตรีประดับดาว เถา, เขมรปี่แก้ว สามชั้น"
P361,PPMP,X X X X | X X X X | X - X X | X X X X,16,15,7,"แขกโอด สามชั้น, แขกลพบุรี สามชั้น, จระเข้หางยาว เถา (ทางเสภา)"
P362,BEEB,- X - - | X X - - | X X - - | - X - -,16,6,6,"แขกโอด สามชั้น, อาหนู เถา"
P363,BEEL,- X - - | X X - - | X X - - | X X - X,16,8,6,"โสมส่องแสง เถา, แขกโอด สามชั้น"
P364,BIID,- X - - | - X - X | - X - X | - - - X,16,6,6,"พระรามเดินดง, นาคเกี้ยว, โสมส่องแสง เถา, กบเต้น สองชั้น"
P365,BLBL,- X - - | X X - X | - X - - | X X - X,16,8,6,"เขมรราชบุรี สามชั้น, ฉิ่งเรื่องพระฉันเพล (จิ้งจกทอง), โอดแขก, พม่าเห่ เถา, ระบำกฤดาภินิหาร"
P366,DBID,- - - X | - X - - | - X - X | - - - X,16,5,6,"ฉิ่งเรื่องพระฉันเช้า (ยิกิน), จีนล่องหน่าย, เขมรปี่แก้ว สามชั้น, ระบำกฤดาภินิหาร"
P367,DDIP,- - - X | - - - X | - X - X | X X X X,16,8,6,"ระบำม่านมุ้ยเชียงตา, ชมแสงจันทร์ เถา, ระบำเทพบันเทิง, อะแซหวุ่นกี้ เถา"
P368,DIBP,- - - X | - X - X | - X - - | X X X X,16,8,6,"ช้าเรื่องสร้อยสน (พระนคร), ทะแยกลองโยน, รำวงมาตรฐาน"
P369,DIJP,- - - X | - X - X | - - X X | X X X X,16,9,6,"ทยอยนอก สามชั้น, พม่าห้าท่อน สามชั้น, จระเข้หางยาว เถา (ทางเสภา)"
P370,DJBL,- - - X | - - X X | - X - - | X X - X,16,7,6,"จีนลั่นถัน เถา, รำวงมาตรฐาน, ภิรมย์สุรางค์ เถา"
P371,DJDD,- - - X | - - X X | - - - X | - - - X,16,5,6,"ฉิ่งเรื่องพระฉันเพล (จิ้งจกทอง), บาทสกุณี (เสมอตีนนก), เชิดฉาน, พม่าห้าท่อน หกชั้น"
P372,DJJI,- - - X | - - X X | - - X X | - X - X,16,7,6,"รำวงมาตรฐาน, ทยอยนอก สามชั้น, ทยอยใน เถา"
P373,DJOO,- - - X | - - X X | - - - - | - - - -,16,3,6,"พม่าห้าท่อน หกชั้น, ระบำฉิ่ง"
P374,DNJP,- - - X | - X X X | - - X X | X X X X,16,10,6,"โหมโรงเยี่ยมวิมาน, โหมโรงมหาฤกษ์, พม่าห้าท่อน หกชั้น"
P375,EEEE,X X - - | X X - - | X X - - | X X - -,16,8,6,"แขกลพบุรี สามชั้น, แขกโอด สามชั้น, อาเฮีย เถา, ทยอยนอก สามชั้น"
P376,FFFF,X - X - | X - X - | X - X - | X - X -,16,8,6,"แขกลพบุรี สามชั้น, ช้างประสานงา เถา"
P377,FFMI,X - X - | X - X - | X - X X | - X - X,16,9,6,แขกโอด สามชั้น
P378,IBII,- X - X | - X - - | - X - X | - X - X,16,7,6,"ช้าเรื่องจีนแส (พระนคร), พญาเดิน, ฉิ่งเรื่องพระฉันเพล (จิ้งจกทอง), ระบำชุมนุมเผ่าไทย"
P379,IIJL,- X - X | - X - X | - - X X | X X - X,16,9,6,"โอ้ลาว เถา, เขมรลออองค์ เถา, อาถรรพ์ เถา"
P380,IIOO,- X - X | - X - X | - - - - | - - - -,16,4,6,"แสนสุดสวาท สามชั้น, แขกกุลิต เถา, แขกลพบุรี สามชั้น, ระบำม่านมุ้ยเชียงตา, ลาวเล็กตัดสร้อย สองชั้น"
P381,IMIM,- X - X | X - X X | - X - X | X - X X,16,10,6,"ฉิ่งเรื่องพระฉันเพล (จิ้งจกทอง), พระรามเดินดง, ระบำสี่บท"
P382,INJE,- X - X | - X X X | - - X X | X X - -,16,9,6,"พม่าเขว ชั้นเดียว, ช้าเรื่องจีนแส (พระนคร)"
P383,IPPI,- X - X | X X X X | X X X X | - X - X,16,12,6,"ใบ้คลั่ง เถา, สุดสงวน เถา, ระบำทวารวดี"
P384,JDJL,- - X X | - - - X | - - X X | X X - X,16,8,6,"โอ้ลาว เถา, เขมรไทรโยค"
P385,JINI,- - X X | - X - X | - X X X | - X - X,16,9,6,"จีนลั่นถัน เถา, มอญรำดาบ เถา, ลาวเสี่ยงเทียน เถา, รำวงมาตรฐาน, เชิดจีน"
P386,JJPD,- - X X | - - X X | X X X X | - - - X,16,9,6,อกทะเล เถา
P387,JJPP,- - X X | - - X X | X X X X | X X X X,16,12,6,"สร้อยลำปาง เถา, โสมส่องแสง เถา, แขกลพบุรี สามชั้น, แขกโอด สามชั้น, ระบำชาวนา"
P388,JPDN,- - X X | X X X X | - - - X | - X X X,16,10,6,"เขมรโพธิสัตว์ เถา, เขมรโพธิสัตว์ สองชั้น, แสนสุดสวาท สามชั้น"
P389,JPIN,- - X X | X X X X | - X - X | - X X X,16,11,6,"ฟ้อนม่านมงคลใหม่, ฟ้อนม่านมงคล, เขมรไทรโยค, พันธุ์ฝรั่ง เถา"
P390,MBMB,X - X X | - X - - | X - X X | - X - -,16,8,6,"ระบำม้า (เพลงม้าโขยก), พันธุ์ฝรั่ง เถา"
P391,NIBN,- X X X | - X - X | - X - - | - X X X,16,9,6,"ตับมโหรีนางนาค, ชำนาญ, ตับวิวาห์พระสมุทร"
P392,NNIP,- X X X | - X X X | - X - X | X X X X,16,12,6,"สุรินทราหู เถา, ระบำนพรัตน์, ระบำหน้าช้าง"
P393,OBOJ,- - - - | - X - - | - - - - | - - X X,16,3,6,"แขกโอด สามชั้น, อกทะเล สามชั้น"
P394,ODDL,- - - - | - - - X | - - - X | X X - X,16,5,6,"ฟ้อนลาวคำหอม (เสียง ลา), ยานี, โอ้ปี่นอก, ช้าปี่นอก, โลมมอญ"
P395,ODDP,- - - - | - - - X | - - - X | X X X X,16,6,6,"โสมส่องแสง เถา, ลาวดำเนินทราย สองชั้น, โอ้ลาวครวญ, ระบำสุโขทัย, เชื้อ, ลาวเล็กตัดสร้อย สองชั้น"
P396,OIJN,- - - - | - X - X | - - X X | - X X X,16,7,6,"ระบำสวัสดิรักษา, แขกยิงนก ชั้นเดียว, กล่อมนารี เถา, ต้นตะนาว สองชั้น"
P397,OJOM,- - - - | - - X X | - - - - | X - X X,16,5,6,"แขกโอด สามชั้น, แขกลพบุรี สามชั้น"
P398,ONPI,- - - - | - X X X | X X X X | - X - X,16,9,6,"ทยอยญวน เถา, จีนรำพัด สองชั้น, โหมโรงมหาฤกษ์"
P399,OPIO,- - - - | X X X X | - X - X | - - - -,16,6,6,"สีนวล ออกต้นวรเชษฐ์, จีนล่องหน่าย, จีนรำพัด สองชั้น"
P400,PEPB,X X X X | X X - - | X X X X | - X - -,16,11,6,"แขกโอด สามชั้น, แขกลพบุรี สามชั้น"
P401,PIDD,X X X X | - X - X | - - - X | - - - X,16,8,6,"พม่าห้าท่อน สามชั้น, โหมโรงมหาฤกษ์, แขกกุลิต เถา"
P402,PL,X X X X | X X - X,8,7,6,"ช้าเรื่องจีนแส (พระนคร), ฉิ่งเรื่องพระฉันเช้า (ยิกิน), แขกกุลิต เถา"
P403,PLEL,X X X X | X X - X | X X - - | X X - X,16,12,6,แขกโอด สามชั้น
P404,PNIN,X X X X | - X X X | - X - X | - X X X,16,12,6,"นางครวญ เถา, ใบ้คลั่ง เถา, ช้าเรื่องขอมดำดิน, ระบำชุมนุมเผ่าไทย"
P405,PNPI,X X X X | - X X X | X X X X | - X - X,16,13,6,"บังใบ เถา, เขมรปี่แก้ว สามชั้น, แขกลพบุรี สามชั้น"
P406,PPHP,X X X X | X X X X | - X X - | X X X X,16,14,6,"ฉิ่งเรื่องพระฉันเช้า (ยิกิน), ฉิ่งเรื่องพระฉันเพล (จิ้งจกทอง)"
P407,PPJO,X X X X | X X X X | - - X X | - - - -,16,10,6,โหมโรงกราวนอก
P408,BIPI,- X - - | - X - X | X X X X | - X - X,16,9,5,ระบำเชียงแสน
P409,BLJI,- X - - | X X - X | - - X X | - X - X,16,8,5,"กราวนอก, พม่าห้าท่อน สามชั้น"
P410,BLNL,- X - - | X X - X | - X X X | X X - X,16,10,5,"กราวนอก, พม่าเห่ เถา"
P411,CIBM,- - X - | - X - X | - X - - | X - X X,16,7,5,"ตระท้าวน้อย, ตระเชิงเทียน, ตระจอมศรี"
P412,DBBP,- - - X | - X - - | - X - - | X X X X,16,7,5,"ฉิ่งเรื่องพระฉันเพล (จิ้งจกทอง), ระบำนกเขามะราปี"
P413,DDDN,- - - X | - - - X | - - - X | - X X X,16,6,5,"คุกพาทย์, ทะแยกลองโยน, แขกมอญ เถา"
P414,DDDP,- - - X | - - - X | - - - X | X X X X,16,7,5,"ระบำอยุธยา, ระบำชาวนา, ระบำฉิ่ง"
P415,DDJN,- - - X | - - - X | - - X X | - X X X,16,7,5,"กราวใน, ระบำอัศวลีลา"
P416,DDPO,- - - X | - - - X | X X X X | - - - -,16,6,5,"ระบำชุมนุมเผ่าไทย, ระบำทวารวดี, จีนเก็บบุปผา, จีนรำพัด สองชั้น, พม่าเห่ เถา"
P417,DJIL,- - - X | - - X X | - X - X | X X - X,16,8,5,"ระบำนกเขามะราปี, ระบำนพรัตน์, ทยอยใน เถา, ระบำชาวนา"
P418,DJLO,- - - X | - - X X | X X - X | - - - -,16,6,5,"โหมโรงกราวนอก, เขมรโพธิสัตว์ เถา"
P419,DJNN,- - - X | - - X X | - X X X | - X X X,16,9,5,"ระบำดาวดึงส์, ระบำเชียงแสน, รำวงมาตรฐาน"
P420,DJPN,- - - X | - - X X | X X X X | - X X X,16,10,5,ระบำเชียงแสน
P421,DJPO,- - - X | - - X X | X X X X | - - - -,16,7,5,"ระบำสวัสดิรักษา, ระบำม้า (เพลงม้าโขยก), จีนเก็บบุปผา"
P422,DLPL,- - - X | X X - X | X X X X | X X - X,16,11,5,โหมโรงขวัญเมือง
P423,DOIN,- - - X | - - - - | - X - X | - X X X,16,6,5,"ฉิ่งเรื่องพระฉันเช้า (ยิกิน), อะแซหวุ่นกี้ เถา"
P424,ICII,- X - X | - - X - | - X - X | - X - X,16,7,5,"ตระจอมศรี, ตระมารละม่อม"
P425,IINO,- X - X | - X - X | - X X X | - - - -,16,7,5,"ระบำอยุธยา, พันธุ์ฝรั่ง เถา"
P426,IIPB,- X - X | - X - X | X X X X | - X - -,16,9,5,"ตะนาวมอญ สองชั้น, อะแซหวุ่นกี้ เถา, ช้าเรื่องขอมดำดิน"
P427,ILLI,- X - X | X X - X | X X - X | - X - X,16,10,5,"อาหนู เถา, แขกลพบุรี สามชั้น, เขมรปี่แก้ว สามชั้น"
P428,INIJ,- X - X | - X X X | - X - X | - - X X,16,9,5,"แขกโอด สามชั้น, พม่าห้าท่อน สามชั้น"
P429,IPBL,- X - X | X X X X | - X - - | X X - X,16,10,5,"โสมส่องแสง เถา, ลาวดวงเดือน สองชั้น, ระบำมยุราภิรมย์"
P430,IPII,- X - X | X X X X | - X - X | - X - X,16,10,5,"เรื่องสีนวล (หลวงบำรุงจิตรเจริญ), ช้าเรื่องขอมดำดิน, ระบำมยุราภิรมย์"
P431,IPJP,- X - X | X X X X | - - X X | X X X X,16,12,5,"โสมส่องแสง เถา, ทยอยใน เถา"
P432,JBNI,- - X X | - X - - | - X X X | - X - X,16,8,5,แปดบท เถา
P433,JE,- - X X | X X - -,8,4,5,"เจดีย์เจ็ดยอด, เชิด ชั้นเดียว, ระบำกฤดาภินิหาร"
P434,JENI,- - X X | X X - - | - X X X | - X - X,16,9,5,"เขมรโพธิสัตว์ สามชั้น, เขมรโพธิสัตว์ เถา, ระบำไกรลาศสำเริง, เสมอพม่า"
P435,JIDD,- - X X | - X - X | - - - X | - - - X,16,6,5,"คุกพาทย์, ตระจอมศรี, วิลันดาโอด สองชั้น, พม่าห้าท่อน สามชั้น, สี่บท เถา"
P436,JIDI,- - X X | - X - X | - - - X | - X - X,16,7,5,"ระบำม่านมุ้ยเชียงตา, พระรามเดินดง, เซ่นเหล้า, จีนล่องหน่าย"
P437,JINN,- - X X | - X - X | - X X X | - X X X,16,10,5,พม่าแทงกบ สองชั้น
P438,JJJI,- - X X | - - X X | - - X X | - X - X,16,8,5,"แขกลพบุรี สามชั้น, อาเฮีย เถา, รำวงมาตรฐาน, พม่าห้าท่อน สามชั้น"
P439,JJJO,- - X X | - - X X | - - X X | - - - -,16,6,5,"พม่าเห่ เถา, อาเฮีย เถา, แขกโอด สามชั้น, ระบำฉิ่ง"
P440,JJNL,- - X X | - - X X | - X X X | X X - X,16,10,5,"ระบำดาวดึงส์, ระบำเริงอรุณ, โหมโรงมหาฤกษ์"
P441,JJPI,- - X X | - - X X | X X X X | - X - X,16,10,5,"เขมรลออองค์ เถา, โหมโรงจอมสุรางค์, ใบ้คลั่ง เถา, พม่าห้าท่อน สามชั้น"
P442,JLNI,- - X X | X X - X | - X X X | - X - X,16,10,5,จีนล่องหน่าย
P443,JLPI,- - X X | X X - X | X X X X | - X - X,16,11,5,"ระบำสุโขทัย, ทองย่อน สองชั้น, ระบำพัทธวิสัย, ระบำสวัสดิรักษา"
P444,JLPN,- - X X | X X - X | X X X X | - X X X,16,12,5,จีนล่องหน่าย
P445,NIDB,- X X X | - X - X | - - - X | - X - -,16,7,5,"มอญรำดาบ เถา, เขมรโพธิสัตว์ เถา, เขมรโพธิสัตว์ สามชั้น, เขมรโพธิสัตว์ สองชั้น, มอญท่าอิฐ สองชั้น"
P446,NII,- X X X | - X - X | - X - X,12,7,5,"โลมสิงโต, โอ้ชาตรีนอก, โอ้ปี่นอก, โลมเพลงฉิ่ง, โลมมอญ"
P447,NIIJ,- X X X | - X - X | - X - X | - - X X,16,9,5,"สาธุการ, ช้าเรื่องตะนาว (พระนคร)"
P448,NLIP,- X X X | X X - X | - X - X | X X X X,16,12,5,"เรื่องสีนวล (หลวงบำรุงจิตรเจริญ), ระบำอยุธยา, ช้าเรื่องตะนาว (พระนคร)"
P449,NPJL,- X X X | X X X X | - - X X | X X - X,16,12,5,"ช้าเรื่องจีนแส (พระนคร), ฉิ่งเรื่องพระฉันเพล (จิ้งจกทอง), เบ้าหลุด ชั้นเดียว, ฟ้อนลาวคำหอม (เสียง มซซซ), แปดบท เถา"
P450,NPMP,- X X X | X X X X | X - X X | X X X X,16,14,5,"แขกโอด สามชั้น, แขกลพบุรี สามชั้น"
P451,NPPB,- X X X | X X X X | X X X X | - X - -,16,12,5,"ช้าเรื่องจีนแส (พระนคร), ตะนาวมอญ สองชั้น"
P452,NPPJ,- X X X | X X X X | X X X X | - - X X,16,13,5,"พม่าห้าท่อน หกชั้น, ระบำกฤดาภินิหาร"
P453,ODBI,- - - - | - - - X | - X - - | - X - X,16,4,5,พม่าห้าท่อน หกชั้น
P454,ODDJ,- - - - | - - - X | - - - X | - - X X,16,4,5,"ระบำเชียงแสน, ระบำสุโขทัย"
P455,ODOP,- - - - | - - - X | - - - - | X X X X,16,5,5,"เขมรไทรโยค, แขกกุลิต เถา, แขกขาว เถา, ช้างประสานงา เถา"
P456,OINN,- - - - | - X - X | - X X X | - X X X,16,8,5,"นางครวญ เถา, ระบำดาวดึงส์, ระบำกรับ"
P457,OJJN,- - - - | - - X X | - - X X | - X X X,16,7,5,"ระบำอัศวลีลา, เขมรลออองค์ เถา, เขมรโพธิสัตว์ เถา, พม่าห้าท่อน สามชั้น"
P458,ONOP,- - - - | - X X X | - - - - | X X X X,16,7,5,เขมรไทรโยค
P459,OPBI,- - - - | X X X X | - X - - | - X - X,16,7,5,"จีนล่องหน่าย, ช้าเรื่องจีนแส (พระนคร), ระบำนพรัตน์, รำวงมาตรฐาน"
P460,PEPI,X X X X | X X - - | X X X X | - X - X,16,12,5,"เขมรโพธิสัตว์ เถา, เขมรโพธิสัตว์ สองชั้น, ช้าเรื่องจีนแส (พระนคร)"
P461,PIIB,X X X X | - X - X | - X - X | - X - -,16,9,5,"ช้าเรื่องขอมดำดิน, พันธุ์ฝรั่ง เถา"
P462,PIMI,X X X X | - X - X | X - X X | - X - X,16,11,5,"เขมรลออองค์ เถา, แขกโอด สามชั้น, เขมรโพธิสัตว์ เถา"
P463,PIPN,X X X X | - X - X | X X X X | - X X X,16,13,5,"มอญรำดาบ เถา, โสมส่องแสง เถา, ลาวดวงเดือน สองชั้น, ระบำกรับ"
P464,PPBL,X X X X | X X X X | - X - - | X X - X,16,12,5,"เขมรโพธิสัตว์ สามชั้น, โสมส่องแสง เถา, สารถี สองชั้น, โหมโรงจีนโล้"
P465,PPDD,X X X X | X X X X | - - - X | - - - X,16,10,5,"ทยอยญวน เถา, แขกต่อยหม้อ เถา"
P466,PPNI,X X X X | X X X X | - X X X | - X - X,16,13,5,"ใบ้คลั่ง เถา, ต่อยรูป เถา, ทะเลบ้า เถา, ทยอยญวน เถา"
P467,PPOO,X X X X | X X X X | - - - - | - - - -,16,8,5,"โหมโรงสามม้า, เขมรพวง เถา"
P468,BBEB,- X - - | - X - - | X X - - | - X - -,16,5,4,"แป๊ะ สามชั้น, แสนสุดสวาท สามชั้น"
P469,BJJP,- X - - | - - X X | - - X X | X X X X,16,9,4,อาเฮีย เถา
P470,BL,- X - - | X X - X,8,4,4,"ทยอยญวน เถา, จีนล่องหน่าย, โอ้ชาตรี"
P471,BLDB,- X - - | X X - X | - - - X | - X - -,16,6,4,โหมโรงกราวนอก
P472,BLOO,- X - - | X X - X | - - - - | - - - -,16,4,4,ทยอยญวน เถา
P473,BLPB,- X - - | X X - X | X X X X | - X - -,16,9,4,"ฟ้อนม่านมงคลใหม่, ฟ้อนม่านมงคล"
P474,BPDI,- X - - | X X X X | - - - X | - X - X,16,8,4,ฉิ่งเรื่องพระฉันเพล (จิ้งจกทอง)
P475,BPIL,- X - - | X X X X | - X - X | X X - X,16,10,4,"ระบำดาวดึงส์, ช้าเรื่องขอมดำดิน, โสมส่องแสง เถา"
P476,CIBF,- - X - | - X - X | - X - - | X - X -,16,6,4,"ตระปลายพระลักษมณ์, ตระเชิงเทียน"
P477,DDIB,- - - X | - - - X | - X - X | - X - -,16,5,4,"ฉิ่งเรื่องพระฉันเพล (จิ้งจกทอง), แขกอาหวัง สองชั้น"
P478,DI,- - - X | - X - X,8,3,4,เจดีย์เจ็ดยอด
P479,DIBL,- - - X | - X - X | - X - - | X X - X,16,7,4,"อกทะเล เถา, จีนขิมเล็ก เถา, แป๊ะ สามชั้น"
P480,DIMP,- - - X | - X - X | X - X X | X X X X,16,10,4,ระบำพม่านิมิตร
P481,DIPP,- - - X | - X - X | X X X X | X X X X,16,11,4,"ช้าเรื่องขอมดำดิน, โหมโรงจอมสุรางค์, ระบำมยุราภิรมย์, เทพบรรทม เถา"
P482,DJDB,- - - X | - - X X | - - - X | - X - -,16,5,4,"ระบำไกรลาศสำเริง, รำวงมาตรฐาน"
P483,DJIP,- - - X | - - X X | - X - X | X X X X,16,9,4,"รำวงมาตรฐาน, ระบำเชียงแสน, เสมอพม่า"
P484,DJJO,- - - X | - - X X | - - X X | - - - -,16,5,4,ระบำม่านมุ้ยเชียงตา
P485,DJNI,- - - X | - - X X | - X X X | - X - X,16,8,4,รำวงมาตรฐาน
P486,DNNI,- - - X | - X X X | - X X X | - X - X,16,9,4,"ฉิ่งเรื่องพระฉันเช้า (ยิกิน), ฉิ่งเรื่องพระฉันเพล (จิ้งจกทอง), อกทะเล เถา"
P487,DPIN,- - - X | X X X X | - X - X | - X X X,16,10,4,เงี้ยวรำลึก เถา
P488,DPNP,- - - X | X X X X | - X X X | X X X X,16,12,4,"ระบำเชียงแสน, สี่บท เถา"
P489,EFEB,X X - - | X - X - | X X - - | - X - -,16,7,4,อาเฮีย เถา
P490,EJJJ,X X - - | - - X X | - - X X | - - X X,16,8,4,"แขกโอด สามชั้น, อกทะเล สามชั้น"
P491,IBPI,- X - X | - X - - | X X X X | - X - X,16,9,4,"โอ้ลาว เถา, เสมอพม่า, อะแซหวุ่นกี้ เถา"
P492,IBPN,- X - X | - X - - | X X X X | - X X X,16,10,4,"ตระนอน, เสมอพม่า"
P493,ID,- X - X | - - - X,8,3,4,"เจดีย์เจ็ดยอด, จีนล่องหน่าย, โสมส่องแสง เถา"
P494,IDID,- X - X | - - - X | - X - X | - - - X,16,6,4,เขมรปี่แก้ว สามชั้น
P495,IIJN,- X - X | - X - X | - - X X | - X X X,16,9,4,ทยอยใน เถา
P496,IIPE,- X - X | - X - X | X X X X | X X - -,16,10,4,"ระบำอยุธยา, ช้าเรื่องจีนแส (พระนคร)"
P497,ILIJ,- X - X | X X - X | - X - X | - - X X,16,9,4,ระบำม่านมุ้ยเชียงตา
P498,ILJI,- X - X | X X - X | - - X X | - X - X,16,9,4,"ตับสมิงทอง, ระบำหน้าช้าง"
P499,ILJN,- X - X | X X - X | - - X X | - X X X,16,10,4,โอ้ลาว เถา
P500,ILLJ,- X - X | X X - X | X X - X | - - X X,16,10,4,"เขมรปี่แก้ว สามชั้น, ช้างประสานงา เถา, อาเฮีย เถา"
P501,ILPI,- X - X | X X - X | X X X X | - X - X,16,11,4,"ฉิ่งเรื่องพระฉันเพล (จิ้งจกทอง), ระบำหน้าช้าง"
P502,ILPP,- X - X | X X - X | X X X X | X X X X,16,13,4,"เชิดจีน, โหมโรงพม่าวัด, เทพนิมิต เถา"
P503,INDI,- X - X | - X X X | - - - X | - X - X,16,8,4,ฉิ่งเรื่องพระฉันเพล (จิ้งจกทอง)
P504,INNL,- X - X | - X X X | - X X X | X X - X,16,11,4,"กราวใน, ระบำสี่บท"
P505,INPI,- X - X | - X X X | X X X X | - X - X,16,11,4,"ช้าเรื่องจีนแส (พระนคร), แขกกุลิต เถา, แขกต่อยหม้อ เถา, ระบำกฤดาภินิหาร"
P506,INPN,- X - X | - X X X | X X X X | - X X X,16,12,4,"ทยอยนอก สามชั้น, อาหนู เถา, แขกลพบุรี สามชั้น"
P507,IOLO,- X - X | - - - - | X X - X | - - - -,16,5,4,"แขกไทร สามชั้น, ราตรีประดับดาว เถา"
P508,IOPI,- X - X | - - - - | X X X X | - X - X,16,8,4,จีนลั่นถัน เถา
P509,IOPL,- X - X | - - - - | X X X X | X X - X,16,9,4,จีนลั่นถัน เถา
P510,IP,- X - X | X X X X,8,6,4,"เจดีย์เจ็ดยอด, ฉิ่งเรื่องพระฉันเช้า (ยิกิน)"
P511,IPNP,- X - X | X X X X | - X X X | X X X X,16,13,4,"โหมโรงไอยเรศ สามชั้น, ตับต้นเพลงฉิ่ง, ฟ้อนม่านมงคลใหม่, ฟ้อนม่านมงคล"
P512,JBEO,- - X X | - X - - | X X - - | - - - -,16,5,4,อาเฮีย เถา
P513,JBIN,- - X X | - X - - | - X - X | - X X X,16,8,4,"สาลิกาแก้ว สองชั้น, เทพรัญจวน เถา"
P514,JEEE,- - X X | X X - - | X X - - | X X - -,16,8,4,"แขกโอด สามชั้น, อกทะเล สามชั้น"
P515,JEII,- - X X | X X - - | - X - X | - X - X,16,8,4,"ระบำชุมนุมเผ่าไทย, ฉิ่งเรื่องพระฉันเพล (จิ้งจกทอง), ระบำนกเขามะราปี"
P516,JIJJ,- - X X | - X - X | - - X X | - - X X,16,8,4,อาเฮีย เถา
P517,JIJP,- - X X | - X - X | - - X X | X X X X,16,10,4,ทยอยเขมร สามชั้น
P518,JIPP,- - X X | - X - X | X X X X | X X X X,16,12,4,"ระบำม่านมุ้ยเชียงตา, ทยอยนอก สามชั้น"
P519,JJBL,- - X X | - - X X | - X - - | X X - X,16,8,4,ระบำมยุราภิรมย์
P520,JJJC,- - X X | - - X X | - - X X | - - X -,16,7,4,โสมส่องแสง เถา
P521,JLJN,- - X X | X X - X | - - X X | - X X X,16,10,4,เข้าม่าน
P522,JNIN,- - X X | - X X X | - X - X | - X X X,16,10,4,"โหมโรงขวัญเมือง, กล่อมพญา สองชั้น"
P523,JNNP,- - X X | - X X X | - X X X | X X X X,16,12,4,"ฟ้อนม่านมงคลใหม่, ฟ้อนม่านมงคล"
P524,JOPL,- - X X | - - - - | X X X X | X X - X,16,9,4,"แขกกุลิต เถา, โสมส่องแสง เถา, ลาวดวงเดือน สองชั้น"
P525,KKPI,X X X - | X X X - | X X X X | - X - X,16,12,4,ระบำม่านมุ้ยเชียงตา
P526,MIPE,X - X X | - X - X | X X X X | X X - -,16,11,4,ระบำมฤคระเริง
P527,NEIL,- X X X | X X - - | - X - X | X X - X,16,10,4,ฉิ่งเรื่องพระฉันเพล (จิ้งจกทอง)
P528,NIBI,- X X X | - X - X | - X - - | - X - X,16,8,4,"ฉิ่งเรื่องพระฉันเพล (จิ้งจกทอง), จีนล่องหน่าย"
P529,NIOP,- X X X | - X - X | - - - - | X X X X,16,9,4,เรื่องสีนวล (หลวงบำรุงจิตรเจริญ)
P530,NIPD,- X X X | - X - X | X X X X | - - - X,16,10,4,ระบำม่านมุ้ยเชียงตา
P531,NIPE,- X X X | - X - X | X X X X | X X - -,16,11,4,ระบำเทพบันเทิง
P532,NIPN,- X X X | - X - X | X X X X | - X X X,16,12,4,"ระบำไกรลาศสำเริง, ระบำทวารวดี, ระบำกรับ"
P533,NLHL,- X X X | X X - X | - X X - | X X - X,16,11,4,"ฉิ่งเรื่องพระฉันเช้า (ยิกิน), ระบำกุญชรเกษม"
P534,NLIO,- X X X | X X - X | - X - X | - - - -,16,8,4,"ฟ้อนม่านมงคลใหม่, ฟ้อนม่านมงคล"
P535,NNIL,- X X X | - X X X | - X - X | X X - X,16,11,4,"สาธุการ, ช้าเรื่องสร้อยสน (พระนคร)"
P536,NNNB,- X X X | - X X X | - X X X | - X - -,16,10,4,"กราวใน, บังใบ เถา"
P537,NNNO,- X X X | - X X X | - X X X | - - - -,16,9,4,โหมโรงกราวนอก
P538,NPI,- X X X | X X X X | - X - X,12,9,4,"ลาวเสี่ยงเทียน เถา, สุดสงวน เถา, โลมสิงโต"
P539,NPIO,- X X X | X X X X | - X - X | - - - -,16,9,4,"ลาวเสี่ยงเทียน เถา, ระบำทวารวดี"
P540,NPOP,- X X X | X X X X | - - - - | X X X X,16,11,4,"เขมรพวง เถา, เขมรไทรโยค"
P541,OCOI,- - - - | - - X - | - - - - | - X - X,16,3,4,แขกโอด สามชั้น
P542,ODON,- - - - | - - - X | - - - - | - X X X,16,4,4,"ระบำศรีวิชัย, โอ้ลาวครวญ, ระบำมยุราภิรมย์"
P543,OFOF,- - - - | X - X - | - - - - | X - X -,16,4,4,แขกลพบุรี สามชั้น
P544,OIDP,- - - - | - X - X | - - - X | X X X X,16,7,4,ระบำกุญชรเกษม
P545,OJOE,- - - - | - - X X | - - - - | X X - -,16,4,4,แขกโอด สามชั้น
P546,OLIL,- - - - | X X - X | - X - X | X X - X,16,8,4,"แขกไทร สามชั้น, ฟ้อนพวงมาลัย"
P547,OLLI,- - - - | X X - X | X X - X | - X - X,16,8,4,ฝรั่งรำเท้า
P548,OLNP,- - - - | X X - X | - X X X | X X X X,16,10,4,"ระบำนกเขามะราปี, ระบำลพบุรี"
P549,OLPL,- - - - | X X - X | X X X X | X X - X,16,10,4,ฉิ่งเรื่องพระฉันเช้า (ยิกิน)
P550,ONON,- - - - | - X X X | - - - - | - X X X,16,6,4,"ระบำนกเขามะราปี, พญาเดิน, รำวงมาตรฐาน"
P551,OOCI,- - - - | - - - - | - - X - | - X - X,16,3,4,แขกโอด สามชั้น
P552,OODO,- - - - | - - - - | - - - X | - - - -,16,1,4,"ช้างประสานงา เถา, เขมรโพธิสัตว์ เถา"
P553,OOFF,- - - - | - - - - | X - X - | X - X -,16,4,4,แขกลพบุรี สามชั้น
P554,OOIC,- - - - | - - - - | - X - X | - - X -,16,3,4,"โสมส่องแสง เถา, ลาวดวงเดือน สองชั้น"
P555,OOID,- - - - | - - - - | - X - X | - - - X,16,3,4,"อาเฮีย เถา, โสมส่องแสง เถา, ลาวดวงเดือน สองชั้น"
P556,OOIN,- - - - | - - - - | - X - X | - X X X,16,5,4,"พม่ากำชับ สองชั้น, ลาวดำเนินทราย สองชั้น, เชื้อ"
P557,OOJD,- - - - | - - - - | - - X X | - - - X,16,3,4,"แขกมอญบางขุนพรหม เถา, อาเฮีย เถา"
P558,OOOI,- - - - | - - - - | - - - - | - X - X,16,2,4,"อาเฮีย เถา, เขมรไทรโยค"
P559,OPBL,- - - - | X X X X | - X - - | X X - X,16,8,4,"โสมส่องแสง เถา, ระบำมยุราภิรมย์, รำวงมาตรฐาน"
P560,OPDP,- - - - | X X X X | - - - X | X X X X,16,9,4,"โสมส่องแสง เถา, เขมรพวง เถา, ลาวดวงเดือน สองชั้น"
P561,OPJL,- - - - | X X X X | - - X X | X X - X,16,9,4,"เขมรราชบุรี สามชั้น, โสมส่องแสง เถา, แขกลพบุรี สามชั้น"
P562,OPJN,- - - - | X X X X | - - X X | - X X X,16,9,4,ใบ้คลั่ง เถา
P563,OPLO,- - - - | X X X X | X X - X | - - - -,16,7,4,ทยอยญวน เถา
P564,OPNN,- - - - | X X X X | - X X X | - X X X,16,10,4,"ฟ้อนม่านมงคลใหม่, ฟ้อนม่านมงคล"
P565,OPOI,- - - - | X X X X | - - - - | - X - X,16,6,4,"เขมรไทรโยค, ระบำเชียงแสน, ใบ้คลั่ง เถา"
P566,OPPN,- - - - | X X X X | X X X X | - X X X,16,11,4,"ลาวดำเนินทราย สองชั้น, ลาวกระแซ สองชั้น"
P567,PEPJ,X X X X | X X - - | X X X X | - - X X,16,12,4,แขกโอด สามชั้น
P568,PIIE,X X X X | - X - X | - X - X | X X - -,16,10,4,ช้าเรื่องขอมดำดิน
P569,PIIL,X X X X | - X - X | - X - X | X X - X,16,11,4,"ช้าเรื่องขอมดำดิน, แขกโอด สามชั้น"
P570,PIPB,X X X X | - X - X | X X X X | - X - -,16,11,4,"ระบำลพบุรี, พม่ากำชับ สองชั้น"
P571,PIPO,X X X X | - X - X | X X X X | - - - -,16,10,4,"ระบำบันเทิงกาสร, ระบำอยุธยา, พม่าเห่ เถา"
P572,PLII,X X X X | X X - X | - X - X | - X - X,16,11,4,"เชิดจีน, เขมรไทรโยค, เขมรปากท่อ สองชั้น"
P573,PLNL,X X X X | X X - X | - X X X | X X - X,16,13,4,"พม่าห้าท่อน หกชั้น, เชิดจีน"
P574,PLPF,X X X X | X X - X | X X X X | X - X -,16,13,4,แขกโอด สามชั้น
P575,PN,X X X X | - X X X,8,7,4,"เจดีย์เจ็ดยอด, ช้าเรื่องขอมดำดิน, ฉิ่งเรื่องพระฉันเช้า (ยิกิน), จีนล่องหน่าย"
P576,PPGN,X X X X | X X X X | X - - X | - X X X,16,13,4,ทยอยเขมร สามชั้น
P577,PPIB,X X X X | X X X X | - X - X | - X - -,16,11,4,"โสมส่องแสง เถา, เขมรปี่แก้ว สามชั้น, อะแซหวุ่นกี้ เถา"
P578,PPLF,X X X X | X X X X | X X - X | X - X -,16,13,4,แขกโอด สามชั้น
P579,PPMM,X X X X | X X X X | X - X X | X - X X,16,14,4,"แขกโอด สามชั้น, อกทะเล สามชั้น"
P580,PPNN,X X X X | X X X X | - X X X | - X X X,16,14,4,ทยอยใน เถา
P581,BLDN,- X - - | X X - X | - - - X | - X X X,16,8,3,"สีนวล ออกต้นวรเชษฐ์, โหมโรงพม่าวัด"
P582,BLIL,- X - - | X X - X | - X - X | X X - X,16,9,3,"มอญรำดาบ เถา, พม่าเห่ เถา"
P583,BNNN,- X - - | - X X X | - X X X | - X X X,16,10,3,"กลม, ฉิ่งเรื่องพระฉันเพล (จิ้งจกทอง)"
P584,BPJI,- X - - | X X X X | - - X X | - X - X,16,9,3,ตับสมิงทอง
P585,DB,- - - X | - X - -,8,2,3,เจดีย์เจ็ดยอด
P586,DBIP,- - - X | - X - - | - X - X | X X X X,16,8,3,"แขกกุลิต เถา, ระบำนกเขามะราปี, ระบำนพรัตน์"
P587,DBNI,- - - X | - X - - | - X X X | - X - X,16,7,3,"ฉิ่งเรื่องพระฉันเพล (จิ้งจกทอง), ระบำม่านมุ้ยเชียงตา, เสมอพม่า"
P588,DBPI,- - - X | - X - - | X X X X | - X - X,16,8,3,"ระบำเทพบันเทิง, เสมอพม่า"
P589,DDDL,- - - X | - - - X | - - - X | X X - X,16,6,3,"ระบำเริงอรุณ, ระบำม่านมุ้ยเชียงตา, เชื้อ"
P590,DDJB,- - - X | - - - X | - - X X | - X - -,16,5,3,"ระบำมยุราภิรมย์, เขมรพวง เถา"
P591,DDJJ,- - - X | - - - X | - - X X | - - X X,16,6,3,"ระบำอัศวลีลา, ราตรีประดับดาว เถา"
P592,DDNO,- - - X | - - - X | - X X X | - - - -,16,5,3,ฉิ่งเรื่องพระฉันเช้า (ยิกิน)
P593,DDNP,- - - X | - - - X | - X X X | X X X X,16,9,3,"ระบำชุมนุมเผ่าไทย, ลาวเสี่ยงเทียน เถา"
P594,DDOO,- - - X | - - - X | - - - - | - - - -,16,2,3,"ราตรีประดับดาว เถา, ระบำบันเทิงกาสร, ระบำเริงอรุณ"
P595,DDPL,- - - X | - - - X | X X X X | X X - X,16,9,3,"โหมโรงจอมสุรางค์, ลาวเสี่ยงเทียน เถา, บาทสกุณี (เสมอตีนนก)"
P596,DIIP,- - - X | - X - X | - X - X | X X X X,16,9,3,"ระบำศรีวิชัย, ฟ้อนม่านมงคลใหม่, ลาวคำหอม (เสียง ลา — อีกฉบับ)"
P597,DIKM,- - - X | - X - X | X X X - | X - X X,16,9,3,ระบำพม่านิมิตร
P598,DINL,- - - X | - X - X | - X X X | X X - X,16,9,3,"พันธุ์ฝรั่ง เถา, ฉุยฉาย"
P599,DINN,- - - X | - X - X | - X X X | - X X X,16,9,3,"ราตรีประดับดาว เถา, ลาวกระแซ สองชั้น, รำวงมาตรฐาน"
P600,DIOD,- - - X | - X - X | - - - - | - - - X,16,4,3,"เหาะ, ระบำดาวดึงส์, ระบำสี่บท"
P601,DIOI,- - - X | - X - X | - - - - | - X - X,16,5,3,"รำวงมาตรฐาน, ระบำชาวนา"
P602,DJIN,- - - X | - - X X | - X - X | - X X X,16,8,3,"ฟ้อนพวงมาลัย, เสมอลาว"
P603,DJJL,- - - X | - - X X | - - X X | X X - X,16,8,3,"ระบำเทพบันเทิง, ระบำชาวนา"
P604,DJP,- - - X | - - X X | X X X X,12,7,3,โอ้ลาวครวญ
P605,DJPB,- - - X | - - X X | X X X X | - X - -,16,8,3,"ระบำกรับ, ระบำศรีชัยสิงห์, ระบำอยุธยา"
P606,DJPL,- - - X | - - X X | X X X X | X X - X,16,10,3,"ทยอยเขมร สามชั้น, พม่าแทงกบ สองชั้น"
P607,DLDD,- - - X | X X - X | - - - X | - - - X,16,6,3,"อกทะเล สามชั้น, พม่าห้าท่อน สามชั้น"
P608,DN,- - - X | - X X X,8,4,3,เจดีย์เจ็ดยอด
P609,DNI,- - - X | - X X X | - X - X,12,6,3,"ช้างประสานงา เถา, ชมตลาด, โอ้ปี่"
P610,DNID,- - - X | - X X X | - X - X | - - - X,16,7,3,"เขมรโพธิสัตว์ เถา, ฉิ่งเรื่องพระฉันเพล (จิ้งจกทอง)"
P611,DNIN,- - - X | - X X X | - X - X | - X X X,16,9,3,"ฉิ่งเรื่องพระฉันเพล (จิ้งจกทอง), ช้าเรื่องจีนแส (พระนคร)"
P612,DNIP,- - - X | - X X X | - X - X | X X X X,16,10,3,"เขมรปี่แก้ว สามชั้น, ฟ้อนลาวคำหอม (เสียง มซซซ), ฟ้อนลาวคำหอม (เสียง ลา)"
P613,DNNP,- - - X | - X X X | - X X X | X X X X,16,11,3,"เทพบรรทม เถา, ภิรมย์สุรางค์ เถา"
P614,DPPI,- - - X | X X X X | X X X X | - X - X,16,11,3,"โสมส่องแสง เถา, ระบำมยุราภิรมย์, โอดลาว"
P615,EEOO,X X - - | X X - - | - - - - | - - - -,16,4,3,"ช้างประสานงา เถา, แขกลพบุรี สามชั้น, แสนสุดสวาท สามชั้น"
P616,FFOO,X - X - | X - X - | - - - - | - - - -,16,4,3,"แสนสุดสวาท สามชั้น, แขกกุลิต เถา"
P617,IIBI,- X - X | - X - X | - X - - | - X - X,16,7,3,"เขมรโพธิสัตว์ เถา, ระบำม่านมุ้ยเชียงตา, พม่าห้าท่อน หกชั้น"
P618,IIIE,- X - X | - X - X | - X - X | X X - -,16,8,3,"ระบำลพบุรี, มอญรำดาบ เถา"
P619,IIIJ,- X - X | - X - X | - X - X | - - X X,16,8,3,"อาเฮีย เถา, เขมรโพธิสัตว์ เถา, บาทสกุณี (เสมอตีนนก)"
P620,IIJJ,- X - X | - X - X | - - X X | - - X X,16,8,3,พันธุ์ฝรั่ง เถา
P621,IILI,- X - X | - X - X | X X - X | - X - X,16,9,3,"สร้อยลำปาง เถา, ระบำชุมนุมเผ่าไทย"
P622,IILO,- X - X | - X - X | X X - X | - - - -,16,7,3,"สุดสงวน เถา, ระบำมยุราภิรมย์, ระบำอยุธยา"
P623,IJLN,- X - X | - - X X | X X - X | - X X X,16,10,3,ทยอย
P624,ILDI,- X - X | X X - X | - - - X | - X - X,16,8,3,"ฉิ่งเรื่องพระฉันเพล (จิ้งจกทอง), มอญท่าอิฐ สองชั้น"
P625,ILDN,- X - X | X X - X | - - - X | - X X X,16,9,3,"สีนวล ออกต้นวรเชษฐ์, โหมโรงพม่าวัด"
P626,ILNN,- X - X | X X - X | - X X X | - X X X,16,11,3,"ระบำลพบุรี, พระรามเดินดง"
P627,ILPL,- X - X | X X - X | X X X X | X X - X,16,12,3,"ทยอยนอก สามชั้น, แขกต่อยหม้อ เถา"
P628,INBL,- X - X | - X X X | - X - - | X X - X,16,9,3,"ฉิ่งเรื่องพระฉันเพล (จิ้งจกทอง), ระบำนพรัตน์"
P629,INBN,- X - X | - X X X | - X - - | - X X X,16,9,3,"กราวใน, กลม"
P630,JBNP,- - X X | - X - - | - X X X | X X X X,16,10,3,"เขมรลออองค์ เถา, ต่อยรูป เถา"
P631,JDJI,- - X X | - - - X | - - X X | - X - X,16,7,3,ระบำม่านมุ้ยเชียงตา
P632,JEIN,- - X X | X X - - | - X - X | - X X X,16,9,3,เชิดจีน
P633,JEIP,- - X X | X X - - | - X - X | X X X X,16,10,3,"แขกขาว เถา, ระบำนกเขามะราปี"
P634,JIBP,- - X X | - X - X | - X - - | X X X X,16,9,3,"ตระเชิงเทียน, ตระย้อนรอย"
P635,JII,- - X X | - X - X | - X - X,12,6,3,"ปฐม ชั้นเดียว, เจดีย์เจ็ดยอด, โลมเพลงฉิ่ง"
P636,JINP,- - X X | - X - X | - X X X | X X X X,16,11,3,"ช้างประสานงา เถา, อาเฮีย เถา, ระบำเชียงแสน"
P637,JIPL,- - X X | - X - X | X X X X | X X - X,16,11,3,"โสมส่องแสง เถา, ลาวจ้อย สองชั้น, ระบำนกเขามะราปี"
P638,JJLO,- - X X | - - X X | X X - X | - - - -,16,7,3,"เงี้ยวรำลึก เถา, ราตรีประดับดาว เถา"
P639,JJPL,- - X X | - - X X | X X X X | X X - X,16,11,3,"เขมรราชบุรี สามชั้น, เขมรพวง เถา"
P640,JJPN,- - X X | - - X X | X X X X | - X X X,16,11,3,"ระบำกุญชรเกษม, ช้างประสานงา เถา"
P641,JJPO,- - X X | - - X X | X X X X | - - - -,16,8,3,"เงี้ยวรำลึก เถา, โหมโรงมหาฤกษ์"
P642,JNNI,- - X X | - X X X | - X X X | - X - X,16,10,3,สุดสงวน เถา
P643,JNPN,- - X X | - X X X | X X X X | - X X X,16,12,3,ระบำกุญชรเกษม
P644,JPIO,- - X X | X X X X | - X - X | - - - -,16,8,3,"พันธุ์ฝรั่ง เถา, ภิรมย์สุรางค์ เถา, ระบำกฤดาภินิหาร"
P645,LIDI,X X - X | - X - X | - - - X | - X - X,16,8,3,ลาวเสี่ยงเทียน เถา
P646,LIII,X X - X | - X - X | - X - X | - X - X,16,9,3,"ช้างประสานงา เถา, อาเฮีย เถา, โหมโรงสามม้า"
P647,LIIL,X X - X | - X - X | - X - X | X X - X,16,10,3,"แขกโอด สามชั้น, ระบำลพบุรี"
P648,LL,X X - X | X X - X,8,6,3,"ปฐม ชั้นเดียว, เจดีย์เจ็ดยอด"
P649,LLIL,X X - X | X X - X | - X - X | X X - X,16,11,3,"ฉิ่งเรื่องพระฉันเช้า (ยิกิน), ระบำนพรัตน์"
P650,LLLI,X X - X | X X - X | X X - X | - X - X,16,11,3,"อาเฮีย เถา, เขมรปี่แก้ว สามชั้น"
P651,LLNI,X X - X | X X - X | - X X X | - X - X,16,11,3,"ฉิ่งเรื่องพระฉันเช้า (ยิกิน), พญาเดิน"
P652,MIMI,X - X X | - X - X | X - X X | - X - X,16,10,3,"ช้าเรื่องขอมดำดิน, อกทะเล เถา"
P653,NEPL,- X X X | X X - - | X X X X | X X - X,16,12,3,ฉิ่งเรื่องพระฉันเพล (จิ้งจกทอง)
P654,NINB,- X X X | - X - X | - X X X | - X - -,16,9,3,"ระบำศรีชัยสิงห์, ช้าเรื่องขอมดำดิน"
P655,NLNN,- X X X | X X - X | - X X X | - X X X,16,12,3,"ระบำนพรัตน์, ระบำชุมนุมเผ่าไทย"
P656,NNBP,- X X X | - X X X | - X - - | X X X X,16,11,3,เชิดจีน
P657,NNHP,- X X X | - X X X | - X X - | X X X X,16,12,3,ฉิ่งเรื่องพระฉันเพล (จิ้งจกทอง)
P658,NNJI,- X X X | - X X X | - - X X | - X - X,16,10,3,"ระบำหน้าช้าง, ทะเลบ้า สองชั้น"
P659,NNJP,- X X X | - X X X | - - X X | X X X X,16,12,3,"เขมรพวง เถา, สร้อยลำปาง เถา, เขมรโพธิสัตว์ เถา"
P660,NNNM,- X X X | - X X X | - X X X | X - X X,16,12,3,"แขกมอญบางขุนพรหม เถา, แขกโอด สามชั้น"
P661,NNPP,- X X X | - X X X | X X X X | X X X X,16,14,3,"แขกต่อยหม้อ เถา, อาเฮีย เถา, พม่าห้าท่อน หกชั้น"
P662,NPBL,- X X X | X X X X | - X - - | X X - X,16,11,3,"บังใบ เถา, ทยอยใน เถา"
P663,NPJB,- X X X | X X X X | - - X X | - X - -,16,10,3,"เขมรพวง เถา, ใบ้คลั่ง เถา"
P664,NPNI,- X X X | X X X X | - X X X | - X - X,16,12,3,"ฉิ่งเรื่องพระฉันเช้า (ยิกิน), กราวนอก"
P665,NPNO,- X X X | X X X X | - X X X | - - - -,16,10,3,ตะละแม่ศรี
P666,OBBI,- - - - | - X - - | - X - - | - X - X,16,4,3,"แขกมอญบางขุนพรหม เถา, อะแซหวุ่นกี้ เถา"
P667,OBLO,- - - - | - X - - | X X - X | - - - -,16,4,3,"อาเฮีย เถา, ฉิ่งเรื่องพระฉันเพล (จิ้งจกทอง)"
P668,ODJE,- - - - | - - - X | - - X X | X X - -,16,5,3,ทยอยนอก สามชั้น
P669,ODJJ,- - - - | - - - X | - - X X | - - X X,16,5,3,"ระบำอัศวลีลา, รำวงมาตรฐาน"
P670,OEEL,- - - - | X X - - | X X - - | X X - X,16,7,3,"แขกโอด สามชั้น, แขกมอญบางขุนพรหม เถา"
P671,OIBI,- - - - | - X - X | - X - - | - X - X,16,5,3,"จีนล่องหน่าย, เขมรลออองค์ เถา, รำวงมาตรฐาน"
P672,OINB,- - - - | - X - X | - X X X | - X - -,16,6,3,"ระบำกรับ, เขมรขอทาน สองชั้น"
P673,OIPO,- - - - | - X - X | X X X X | - - - -,16,6,3,"จีนรำพัด สองชั้น, จีนเก็บบุปผา"
P674,OLNE,- - - - | X X - X | - X X X | X X - -,16,8,3,"ระบำลพบุรี, ระบำกุญชรเกษม"
P675,ONIP,- - - - | - X X X | - X - X | X X X X,16,9,3,"ระบำเชียงแสน, ระบำลพบุรี"
P676,ONNI,- - - - | - X X X | - X X X | - X - X,16,8,3,รำวงมาตรฐาน
P677,OOIJ,- - - - | - - - - | - X - X | - - X X,16,4,3,"แสนสุดสวาท สามชั้น, ระบำนกเขามะราปี, รำวงมาตรฐาน"
P678,OOJL,- - - - | - - - - | - - X X | X X - X,16,5,3,ลาวเสี่ยงเทียน เถา
P679,OOJP,- - - - | - - - - | - - X X | X X X X,16,6,3,"ระบำเริงอรุณ, แขกกุลิต เถา"
P680,OOOE,- - - - | - - - - | - - - - | X X - -,16,2,3,"เขมรไทรโยค, อาเฮีย เถา"
P681,OPMI,- - - - | X X X X | X - X X | - X - X,16,9,3,"พม่าแทงกบ สองชั้น, ระบำนกเขามะราปี"
P682,OPNI,- - - - | X X X X | - X X X | - X - X,16,9,3,"ฉิ่งเรื่องพระฉันเช้า (ยิกิน), รำวงมาตรฐาน"
P683,OPNL,- - - - | X X X X | - X X X | X X - X,16,10,3,"เขมรโพธิสัตว์ เถา, เขมรโพธิสัตว์ สองชั้น, ใบ้คลั่ง เถา"
P684,OPOL,- - - - | X X X X | - - - - | X X - X,16,7,3,"อาถรรพ์ เถา, เขมรไทรโยค"
P685,P,X X X X,4,4,3,"เชิดจีน, ชมแสงจันทร์ เถา"
P686,PENI,X X X X | X X - - | - X X X | - X - X,16,11,3,"ระบำลพบุรี, ช้าเรื่องจีนแส (พระนคร)"
P687,PHPE,X X X X | - X X - | X X X X | X X - -,16,12,3,ระบำมฤคระเริง
P688,PIJE,X X X X | - X - X | - - X X | X X - -,16,10,3,"ช้าเรื่องขอมดำดิน, แขกกุลิต เถา, เขมรโพธิสัตว์ สามชั้น"
P689,PIOO,X X X X | - X - X | - - - - | - - - -,16,6,3,"เขมรพวง เถา, เขมรโพธิสัตว์ เถา"
P690,PIOP,X X X X | - X - X | - - - - | X X X X,16,10,3,"เขมรพวง เถา, แขกกุลิต เถา, เขมรโพธิสัตว์ เถา"
P691,PJJJ,X X X X | - - X X | - - X X | - - X X,16,10,3,"ราตรีประดับดาว เถา, กราวนอก"
P692,PLED,X X X X | X X - X | X X - - | - - - X,16,10,3,ลาวเสี่ยงเทียน เถา
P693,PLLI,X X X X | X X - X | X X - X | - X - X,16,12,3,"อาเฮีย เถา, แขกไทร สามชั้น"
P694,PPEP,X X X X | X X X X | X X - - | X X X X,16,14,3,"สร้อยลำปาง เถา, อาเฮีย เถา, แขกโอด สามชั้น"
P695,PPLP,X X X X | X X X X | X X - X | X X X X,16,15,3,พม่าห้าท่อน หกชั้น
P696,PPMO,X X X X | X X X X | X - X X | - - - -,16,11,3,"แขกโอด สามชั้น, อาเฮีย เถา"
P697,PPPM,X X X X | X X X X | X X X X | X - X X,16,15,3,"โสมส่องแสง เถา, อาเฮีย เถา, แสนสุดสวาท สามชั้น"
P698,BBII,- X - - | - X - - | - X - X | - X - X,16,6,2,ระบำมฤคระเริง
P699,BCCE,- X - - | - - X - | - - X - | X X - -,16,5,2,อาหนู เถา
P700,BCCI,- X - - | - - X - | - - X - | - X - X,16,5,2,แขกโอด สามชั้น
P701,BEBI,- X - - | X X - - | - X - - | - X - X,16,6,2,อาหนู เถา
P702,BEEI,- X - - | X X - - | X X - - | - X - X,16,7,2,ลาวเสี่ยงเทียน เถา
P703,BEJD,- X - - | X X - - | - - X X | - - - X,16,6,2,แป๊ะ สามชั้น
P704,BIDJ,- X - - | - X - X | - - - X | - - X X,16,6,2,โสมส่องแสง เถา
P705,BIDO,- X - - | - X - X | - - - X | - - - -,16,4,1,เขมรปี่แก้ว สามชั้น
P706,BIIO,- X - - | - X - X | - X - X | - - - -,16,5,2,ฉิ่งเรื่องพระฉันเพล (จิ้งจกทอง)
P707,BIIP,- X - - | - X - X | - X - X | X X X X,16,9,2,อาเฮีย เถา
P708,BJBB,- X - - | - - X X | - X - - | - X - -,16,5,2,อกทะเล สามชั้น
P709,BJJC,- X - - | - - X X | - - X X | - - X -,16,6,2,แขกโอด สามชั้น
P710,BLJL,- X - - | X X - X | - - X X | X X - X,16,9,2,เขมรราชบุรี สามชั้น
P711,BLLF,- X - - | X X - X | X X - X | X - X -,16,9,2,แขกโอด สามชั้น
P712,BLNN,- X - - | X X - X | - X X X | - X X X,16,10,2,ทยอยใน เถา
P713,BLNP,- X - - | X X - X | - X X X | X X X X,16,11,2,ระบำนกเขามะราปี
P714,BLPM,- X - - | X X - X | X X X X | X - X X,16,11,2,โหมโรงขวัญเมือง
P715,BNDE,- X - - | - X X X | - - - X | X X - -,16,7,2,ลาวเสี่ยงเทียน เถา
P716,BNLO,- X - - | - X X X | X X - X | - - - -,16,7,2,ฉิ่งเรื่องพระฉันเพล (จิ้งจกทอง)
P717,BOOB,- X - - | - - - - | - - - - | - X - -,16,2,2,แขกโอด สามชั้น
P718,BPID,- X - - | X X X X | - X - X | - - - X,16,8,2,ทยอย
P719,BPIN,- X - - | X X X X | - X - X | - X X X,16,10,2,ช้าเรื่องขอมดำดิน
P720,BPNI,- X - - | X X X X | - X X X | - X - X,16,10,2,ช้าเรื่องขอมดำดิน
P721,CIBP,- - X - | - X - X | - X - - | X X X X,16,8,2,"ตระปลายพระลักษมณ์, ตระมารละม่อม"
P722,DBBI,- - - X | - X - - | - X - - | - X - X,16,5,2,ระบำเทพบันเทิง
P723,DBIN,- - - X | - X - - | - X - X | - X X X,16,7,2,"ระบำอู่ทอง, รำวงมาตรฐาน"
P724,DBPL,- - - X | - X - - | X X X X | X X - X,16,9,2,"ระบำนพรัตน์, ระบำอยุธยา"
P725,DDIJ,- - - X | - - - X | - X - X | - - X X,16,6,2,ปฐม สองชั้น
P726,DDLO,- - - X | - - - X | X X - X | - - - -,16,5,2,"ระบำทวารวดี, ระบำมยุราภิรมย์"
P727,DDNL,- - - X | - - - X | - X X X | X X - X,16,8,2,ฉิ่งเรื่องพระฉันเพล (จิ้งจกทอง)
P728,DDOP,- - - X | - - - X | - - - - | X X X X,16,6,2,"แขกกุลิต เถา, ชมแสงจันทร์ เถา"
P729,DDP,- - - X | - - - X | X X X X,12,6,2,โลมมอญ
P730,DIDN,- - - X | - X - X | - - - X | - X X X,16,7,2,รำวงมาตรฐาน
P731,DIIO,- - - X | - X - X | - X - X | - - - -,16,5,2,"ช้างประสานงา เถา, สาลิกาแก้ว สองชั้น"
P732,DION,- - - X | - X - X | - - - - | - X X X,16,6,2,รำวงมาตรฐาน
P733,DIPL,- - - X | - X - X | X X X X | X X - X,16,10,2,"ระบำอยุธยา, เสมอลาว"
P734,DJBI,- - - X | - - X X | - X - - | - X - X,16,6,2,"ระบำนกเขามะราปี, รำวงมาตรฐาน"
P735,DJI,- - - X | - - X X | - X - X,12,5,2,"โอ้ลาวครวญ, โลมพม่า"
P736,DJJB,- - - X | - - X X | - - X X | - X - -,16,6,2,รำวงมาตรฐาน
P737,DJNO,- - - X | - - X X | - X X X | - - - -,16,6,2,"ระบำนกเขามะราปี, ระบำกุญชรเกษม"
P738,DJNP,- - - X | - - X X | - X X X | X X X X,16,10,2,"ฟ้อนพวงมาลัย, สี่บท เถา"
P739,DLII,- - - X | X X - X | - X - X | - X - X,16,8,2,เขมรใหญ่ สามชั้น
P740,DNNN,- - - X | - X X X | - X X X | - X X X,16,10,2,"ช้าเรื่องจีนแส (พระนคร), พันธุ์ฝรั่ง เถา"
P741,DODO,- - - X | - - - - | - - - X | - - - -,16,2,2,"ช้างประสานงา เถา, ระบำม่านมุ้ยเชียงตา"
P742,DOID,- - - X | - - - - | - X - X | - - - X,16,4,2,ฉิ่งเรื่องพระฉันเพล (จิ้งจกทอง)
P743,DOIO,- - - X | - - - - | - X - X | - - - -,16,3,2,จีนล่องหน่าย
P744,DPIO,- - - X | X X X X | - X - X | - - - -,16,7,2,"ระบำฉิ่ง, ระบำชาวนา"
P745,DPJP,- - - X | X X X X | - - X X | X X X X,16,11,2,"จีนขิมเล็ก เถา, ลาวเสี่ยงเทียน เถา"
P746,DPNN,- - - X | X X X X | - X X X | - X X X,16,11,2,"ระบำศรีวิชัย, เงี้ยวรำลึก เถา"
P747,DPOP,- - - X | X X X X | - - - - | X X X X,16,9,2,"แขกกุลิต เถา, แขกขาว เถา"
P748,DPPO,- - - X | X X X X | X X X X | - - - -,16,9,2,ระบำมฤคระเริง
P749,EBEB,X X - - | - X - - | X X - - | - X - -,16,6,2,แขกโอด สามชั้น
P750,EBPP,X X - - | - X - - | X X X X | X X X X,16,11,2,ช้างประสานงา เถา
P751,EEGC,X X - - | X X - - | X - - X | - - X -,16,7,2,แขกลพบุรี สามชั้น
P752,EELF,X X - - | X X - - | X X - X | X - X -,16,9,2,แขกลพบุรี สามชั้น
P753,EEPP,X X - - | X X - - | X X X X | X X X X,16,12,2,"แขกลพบุรี สามชั้น, แสนสุดสวาท สามชั้น"
P754,EJCL,X X - - | - - X X | - - X - | X X - X,16,8,2,แขกลพบุรี สามชั้น
P755,ELOO,X X - - | X X - X | - - - - | - - - -,16,5,2,"โสมส่องแสง เถา, เขมรไทรโยค"
P756,EPJD,X X - - | X X X X | - - X X | - - - X,16,9,2,แขกลพบุรี สามชั้น
P757,FFFO,X - X - | X - X - | X - X - | - - - -,16,6,2,อาเฮีย เถา
P758,FFPP,X - X - | X - X - | X X X X | X X X X,16,12,2,แสนสุดสวาท สามชั้น
P759,FPJJ,X - X - | X X X X | - - X X | - - X X,16,10,2,"เขมรพวง เถา, เขมรโพธิสัตว์ เถา"
P760,FPOO,X - X - | X X X X | - - - - | - - - -,16,6,2,"เขมรพวง เถา, เขมรโพธิสัตว์ เถา"
P761,HLBL,- X X - | X X - X | - X - - | X X - X,16,9,2,ฉิ่งเรื่องพระฉันเช้า (ยิกิน)
P762,HPPP,- X X - | X X X X | X X X X | X X X X,16,14,2,ฉิ่งเรื่องพระฉันเพล (จิ้งจกทอง)
P763,IB,- X - X | - X - -,8,3,2,เชิด สองชั้น
P764,IBEJ,- X - X | - X - - | X X - - | - - X X,16,7,2,"ตระปลายพระลักษมณ์, ตระสันนิบาต"
P765,IBJI,- X - X | - X - - | - - X X | - X - X,16,7,2,แขกโอด สามชั้น
P766,IBLN,- X - X | - X - - | X X - X | - X X X,16,9,2,"ช้าเรื่องสร้อยสน (พระนคร), เขมรปี่แก้ว สามชั้น"
P767,IDBI,- X - X | - - - X | - X - - | - X - X,16,6,2,"สุดสงวน เถา, เขมรโพธิสัตว์ เถา"
P768,IDBN,- X - X | - - - X | - X - - | - X X X,16,7,2,"สุดสงวน เถา, แขกลพบุรี สามชั้น"
P769,IDDD,- X - X | - - - X | - - - X | - - - X,16,5,2,"รำวงมาตรฐาน, โอ้ลาว เถา"
P770,IDII,- X - X | - - - X | - X - X | - X - X,16,7,2,ช้าเรื่องขอมดำดิน
P771,IDPP,- X - X | - - - X | X X X X | X X X X,16,11,2,ทยอยใน เถา
P772,IICI,- X - X | - X - X | - - X - | - X - X,16,7,2,ตระท้าวน้อย
P773,IIDL,- X - X | - X - X | - - - X | X X - X,16,8,2,"เขมรโพธิสัตว์ เถา, เขมรโพธิสัตว์ สองชั้น"
P774,IIHL,- X - X | - X - X | - X X - | X X - X,16,9,2,โอ้ร่าย
P775,IIJP,- X - X | - X - X | - - X X | X X X X,16,10,2,"ระบำเชียงแสน, พันธุ์ฝรั่ง เถา"
P776,IILD,- X - X | - X - X | X X - X | - - - X,16,8,2,ฟ้าคะนอง สองชั้น
P777,IIMI,- X - X | - X - X | X - X X | - X - X,16,9,2,แขกมอญบางขุนพรหม เถา
P778,IINE,- X - X | - X - X | - X X X | X X - -,16,9,2,"ฉิ่งเรื่องพระฉันเช้า (ยิกิน), ระบำมฤคระเริง"
P779,IJEI,- X - X | - - X X | X X - - | - X - X,16,8,2,เขมรโพธิสัตว์ เถา
P780,IJEL,- X - X | - - X X | X X - - | X X - X,16,9,2,แขกโอด สามชั้น
P781,IJID,- X - X | - - X X | - X - X | - - - X,16,7,2,ช้าเรื่องขอมดำดิน
P782,IJLO,- X - X | - - X X | X X - X | - - - -,16,7,2,"ทยอย, ช้างประสานงา เถา"
P783,IJPB,- X - X | - - X X | X X X X | - X - -,16,9,2,ระบำอยุธยา
P784,IKDJ,- X - X | X X X - | - - - X | - - X X,16,8,2,ตระท้าวน้อย
P785,ILIE,- X - X | X X - X | - X - X | X X - -,16,9,2,"มอญรำดาบ เถา, ระบำอยุธยา"
P786,ILJP,- X - X | X X - X | - - X X | X X X X,16,11,2,กราวนอก
P787,ILNF,- X - X | X X - X | - X X X | X - X -,16,10,2,ฉิ่งเรื่องพระฉันเพล (จิ้งจกทอง)
P788,ILPJ,- X - X | X X - X | X X X X | - - X X,16,11,2,แขกต่อยหม้อ เถา
P789,IMDJ,- X - X | X - X X | - - - X | - - X X,16,8,2,ตะบองกัน
P790,IMNI,- X - X | X - X X | - X X X | - X - X,16,10,2,"พระรามเดินดง, ระบำสี่บท"
P791,INBI,- X - X | - X X X | - X - - | - X - X,16,8,2,"สุดสงวน เถา, ระบำดาวดึงส์"
P792,INHL,- X - X | - X X X | - X X - | X X - X,16,10,2,"พระรามเดินดง, ระบำสี่บท"
P793,INNN,- X - X | - X X X | - X X X | - X X X,16,11,2,ระบำดาวดึงส์
P794,IOOB,- X - X | - - - - | - - - - | - X - -,16,3,2,เขมรลออองค์ เถา
P795,JAKJ,- - X X | X - - - | X X X - | - - X X,16,8,2,ลาวเสี่ยงเทียน เถา
P796,JBJJ,- - X X | - X - - | - - X X | - - X X,16,7,2,อกทะเล สามชั้น
P797,JBMB,- - X X | - X - - | X - X X | - X - -,16,7,2,ระบำม้า (เพลงม้าโขยก)
P798,JBPL,- - X X | - X - - | X X X X | X X - X,16,10,2,"แขกกุลิต เถา, ระบำนพรัตน์"
P799,JDJJ,- - X X | - - - X | - - X X | - - X X,16,7,2,โอ้ลาว เถา
P800,JEBP,- - X X | X X - - | - X - - | X X X X,16,9,2,"ฟ้อนม่านมงคลใหม่, ฟ้อนม่านมงคล"
P801,JELC,- - X X | X X - - | X X - X | - - X -,16,8,2,แขกลพบุรี สามชั้น
P802,JEPJ,- - X X | X X - - | X X X X | - - X X,16,10,2,ระบำกฤดาภินิหาร
P803,JEPN,- - X X | X X - - | X X X X | - X X X,16,11,2,"เสมอลาว, เงี้ยวรำลึก เถา"
P804,JILL,- - X X | - X - X | X X - X | X X - X,16,10,2,"เข้าม่าน, โหมโรงแขกมอญทางหลีก"
P805,JILN,- - X X | - X - X | X X - X | - X X X,16,10,2,พม่ากำชับ สองชั้น
P806,JIMI,- - X X | - X - X | X - X X | - X - X,16,9,2,ระบำลพบุรี
P807,JJ,- - X X | - - X X,8,4,2,"แสนสุดสวาท สามชั้น, เชิดจีน"
P808,JJCI,- - X X | - - X X | - - X - | - X - X,16,7,2,แขกลพบุรี สามชั้น
P809,JJEL,- - X X | - - X X | X X - - | X X - X,16,9,2,แป๊ะ สามชั้น
P810,JJHL,- - X X | - - X X | - X X - | X X - X,16,9,2,แขกลพบุรี สามชั้น
P811,JJIO,- - X X | - - X X | - X - X | - - - -,16,6,2,ราตรีประดับดาว เถา
P812,JJJD,- - X X | - - X X | - - X X | - - - X,16,7,2,"อาเฮีย เถา, เขมรปี่แก้ว สามชั้น"
P813,JJJL,- - X X | - - X X | - - X X | X X - X,16,9,2,"ทยอยเขมร สามชั้น, โอ้ลาว เถา"
P814,JJMO,- - X X | - - X X | X - X X | - - - -,16,7,2,เงี้ยวรำลึก เถา
P815,JJNI,- - X X | - - X X | - X X X | - X - X,16,9,2,"ระบำเทพบันเทิง, เชิดจีน"
P816,JJOI,- - X X | - - X X | - - - - | - X - X,16,6,2,ระบำชาวนา
P817,JJPJ,- - X X | - - X X | X X X X | - - X X,16,10,2,โสมส่องแสง เถา
P818,JL,- - X X | X X - X,8,5,2,เจดีย์เจ็ดยอด
P819,JLEL,- - X X | X X - X | X X - - | X X - X,16,10,2,เขมรลออองค์ เถา
P820,JLNN,- - X X | X X - X | - X X X | - X X X,16,11,2,ระบำลพบุรี
P821,JLNP,- - X X | X X - X | - X X X | X X X X,16,12,2,ทยอยเขมร สามชั้น
P822,JLOO,- - X X | X X - X | - - - - | - - - -,16,5,2,ระบำเริงอรุณ
P823,JMMM,- - X X | X - X X | X - X X | X - X X,16,11,2,อกทะเล สามชั้น
P824,JMOO,- - X X | X - X X | - - - - | - - - -,16,5,2,ช้างประสานงา เถา
P825,JN,- - X X | - X X X,8,5,2,เชิด สองชั้น
P826,JNII,- - X X | - X X X | - X - X | - X - X,16,9,2,"เขมรลออองค์ เถา, นางครวญ เถา"
P827,JNIL,- - X X | - X X X | - X - X | X X - X,16,10,2,สารถี เถา
P828,JNPI,- - X X | - X X X | X X X X | - X - X,16,11,2,พม่าห้าท่อน สามชั้น
P829,JOEK,- - X X | - - - - | X X - - | X X X -,16,7,2,แขกลพบุรี สามชั้น
P830,JOJJ,- - X X | - - - - | - - X X | - - X X,16,6,2,"ราตรีประดับดาว เถา, อาเฮีย เถา"
P831,JP,- - X X | X X X X,8,6,2,"แขกลพบุรี สามชั้น, ระบำกรับ"
P832,JPIL,- - X X | X X X X | - X - X | X X - X,16,11,2,ฉิ่งเรื่องพระฉันเช้า (ยิกิน)
P833,JPJN,- - X X | X X X X | - - X X | - X X X,16,11,2,"แขกกุลิต เถา, เขมรไทรโยค"
P834,JPNB,- - X X | X X X X | - X X X | - X - -,16,10,2,พญาเดิน
P835,JPNILL,- - X X | X X X X | - X X X | - X - X | X X - X | X X - X,24,17,2,ช้าเรื่องตะนาว (พระนคร)
P836,LBLI,X X - X | - X - - | X X - X | - X - X,16,9,2,"ช้างประสานงา เถา, ระบำนพรัตน์"
P837,LDDO,X X - X | - - - X | - - - X | - - - -,16,5,2,ชมแสงจันทร์ เถา
P838,LI,X X - X | - X - X,8,5,2,"เจดีย์เจ็ดยอด, ระบำกฤดาภินิหาร"
P839,LIID,X X - X | - X - X | - X - X | - - - X,16,8,2,ระบำเริงอรุณ
P840,LIOO,X X - X | - X - X | - - - - | - - - -,16,5,2,"เขมรพวง เถา, แขกกุลิต เถา"
P841,LLDN,X X - X | X X - X | - - - X | - X X X,16,10,2,"เขมรลออองค์ เถา, แสนสุดสวาท สามชั้น"
P842,LLID,X X - X | X X - X | - X - X | - - - X,16,9,2,ระบำบันเทิงกาสร
P843,LLII,X X - X | X X - X | - X - X | - X - X,16,10,2,"อาหนู เถา, แสนสุดสวาท สามชั้น"
P844,LLIO,X X - X | X X - X | - X - X | - - - -,16,8,2,แขกไทร สามชั้น
P845,LLJL,X X - X | X X - X | - - X X | X X - X,16,11,2,อาถรรพ์ เถา
P846,LNOO,X X - X | - X X X | - - - - | - - - -,16,6,2,เขมรพวง เถา
P847,LPLP,X X - X | X X X X | X X - X | X X X X,16,14,2,ระบำม่านมุ้ยเชียงตา
P848,LPNL,X X - X | X X X X | - X X X | X X - X,16,13,2,ระบำม่านมุ้ยเชียงตา
P849,MJJD,X - X X | - - X X | - - X X | - - - X,16,8,2,ลาวเสี่ยงเทียน เถา
P850,MJMD,X - X X | - - X X | X - X X | - - - X,16,9,2,อาหนู เถา
P851,MMMM,X - X X | X - X X | X - X X | X - X X,16,12,2,แขกโอด สามชั้น
P852,MOMO,X - X X | - - - - | X - X X | - - - -,16,6,2,"อาเฮีย เถา, แขกโอด สามชั้น"
P853,MOOB,X - X X | - - - - | - - - - | - X - -,16,4,2,แขกโอด สามชั้น
P854,MPJE,X - X X | X X X X | - - X X | X X - -,16,11,2,พันธุ์ฝรั่ง เถา
P855,MPMP,X - X X | X X X X | X - X X | X X X X,16,14,2,ระบำพม่านิมิตร
P856,MPPE,X - X X | X X X X | X X X X | X X - -,16,13,2,ระบำมฤคระเริง
P857,NBIP,- X X X | - X - - | - X - X | X X X X,16,10,2,"ระบำนพรัตน์, ระบำศรีชัยสิงห์"
P858,NBNI,- X X X | - X - - | - X X X | - X - X,16,9,2,แขกอาหวัง สองชั้น
P859,NBP,- X X X | - X - - | X X X X,12,8,2,พญาเดิน
P860,NBPI,- X X X | - X - - | X X X X | - X - X,16,10,2,ระบำศรีชัยสิงห์
P861,NBPP,- X X X | - X - - | X X X X | X X X X,16,12,2,กล่อมนารี เถา
P862,NEBI,- X X X | X X - - | - X - - | - X - X,16,8,2,แขกอาหวัง สองชั้น
P863,NELI,- X X X | X X - - | X X - X | - X - X,16,10,2,ระบำไกรลาศสำเริง
P864,NEPI,- X X X | X X - - | X X X X | - X - X,16,11,2,ฉิ่งเรื่องพระฉันเพล (จิ้งจกทอง)
P865,NEPP,- X X X | X X - - | X X X X | X X X X,16,13,2,ฉิ่งเรื่องพระฉันเช้า (ยิกิน)
P866,NIDL,- X X X | - X - X | - - - X | X X - X,16,9,2,พม่ากำชับ สองชั้น
P867,NIPB,- X X X | - X - X | X X X X | - X - -,16,10,2,ระบำศรีชัยสิงห์
P868,NJPD,- X X X | - - X X | X X X X | - - - X,16,10,2,อาเฮีย เถา
P869,NJPJ,- X X X | - - X X | X X X X | - - X X,16,11,2,อาเฮีย เถา
P870,NLBL,- X X X | X X - X | - X - - | X X - X,16,10,2,แขกมอญบางขุนพรหม เถา
P871,NLDD,- X X X | X X - X | - - - X | - - - X,16,8,2,"ฟ้อนลาวคำหอม (เสียง มซซซ), ลาวคำหอม (เสียง ลา — อีกฉบับ)"
P872,NLJL,- X X X | X X - X | - - X X | X X - X,16,11,2,ทยอยนอก สามชั้น
P873,NLLL,- X X X | X X - X | X X - X | X X - X,16,12,2,นาคเกี้ยว
P874,NNIB,- X X X | - X X X | - X - X | - X - -,16,9,2,กราวใน
P875,NNLL,- X X X | - X X X | X X - X | X X - X,16,12,2,อกทะเล สามชั้น
P876,NNND,- X X X | - X X X | - X X X | - - - X,16,10,2,พญาเดิน
P877,NOIP,- X X X | - - - - | - X - X | X X X X,16,9,2,อะแซหวุ่นกี้ เถา
P878,NPBP,- X X X | X X X X | - X - - | X X X X,16,12,2,ฉิ่งเรื่องพระฉันเพล (จิ้งจกทอง)
P879,NPJJ,- X X X | X X X X | - - X X | - - X X,16,11,2,อกทะเล สามชั้น
P880,NPLO,- X X X | X X X X | X X - X | - - - -,16,10,2,ช้าเรื่องจีนแส (พระนคร)
P881,NPNB,- X X X | X X X X | - X X X | - X - -,16,11,2,กราวใน
P882,NPOO,- X X X | X X X X | - - - - | - - - -,16,7,2,ทยอยญวน เถา
P883,NPPO,- X X X | X X X X | X X X X | - - - -,16,11,2,โอ้ลาว เถา
P884,OAOP,- - - - | X - - - | - - - - | X X X X,16,5,2,อาเฮีย เถา
P885,OBJO,- - - - | - X - - | - - X X | - - - -,16,3,2,อาเฮีย เถา
P886,OBLP,- - - - | - X - - | X X - X | X X X X,16,8,2,อาเฮีย เถา
P887,OCCI,- - - - | - - X - | - - X - | - X - X,16,4,2,แขกโอด สามชั้น
P888,ODIN,- - - - | - - - X | - X - X | - X X X,16,6,2,ช้าเรื่องตะนาว (พระนคร)
P889,ODOL,- - - - | - - - X | - - - - | X X - X,16,4,2,พม่าห้าท่อน หกชั้น
P890,ODOO,- - - - | - - - X | - - - - | - - - -,16,1,2,"ระบำพม่านิมิตร, ระบำมยุราภิรมย์"
P891,ODPI,- - - - | - - - X | X X X X | - X - X,16,7,2,ฟ้อนพวงมาลัย
P892,OEJJ,- - - - | X X - - | - - X X | - - X X,16,6,2,แขกขาว เถา
P893,OEOB,- - - - | X X - - | - - - - | - X - -,16,3,2,ราตรีประดับดาว เถา
P894,OFPJ,- - - - | X - X - | X X X X | - - X X,16,8,2,"เขมรพวง เถา, เขมรโพธิสัตว์ เถา"
P895,OFPO,- - - - | X - X - | X X X X | - - - -,16,6,2,"เขมรพวง เถา, เขมรโพธิสัตว์ เถา"
P896,OGOE,- - - - | X - - X | - - - - | X X - -,16,4,2,อาเฮีย เถา
P897,OIIJ,- - - - | - X - X | - X - X | - - X X,16,6,2,"จีนล่องหน่าย, สรภัญญะ"
P898,OINO,- - - - | - X - X | - X X X | - - - -,16,5,2,ระบำอยุธยา
P899,OINP,- - - - | - X - X | - X X X | X X X X,16,9,2,"ช้าเรื่องขอมดำดิน, สี่บท เถา"
P900,OIOD,- - - - | - X - X | - - - - | - - - X,16,3,2,บาทสกุณี (เสมอตีนนก)
P901,OIOJ,- - - - | - X - X | - - - - | - - X X,16,4,2,แขกโอด สามชั้น
P902,OIOL,- - - - | - X - X | - - - - | X X - X,16,5,2,"สร้อยลำปาง เถา, แขกไทร สามชั้น"
P903,OIPK,- - - - | - X - X | X X X X | X X X -,16,9,2,ระบำลพบุรี
P904,OJDJ,- - - - | - - X X | - - - X | - - X X,16,5,2,ระบำสี่บท
P905,OJEL,- - - - | - - X X | X X - - | X X - X,16,7,2,แขกขาว เถา
P906,OJJC,- - - - | - - X X | - - X X | - - X -,16,5,2,แขกโอด สามชั้น
P907,OJOL,- - - - | - - X X | - - - - | X X - X,16,5,2,เขมรไทรโยค
P908,OLIP,- - - - | X X - X | - X - X | X X X X,16,9,2,ระบำนกเขามะราปี
P909,OLJP,- - - - | X X - X | - - X X | X X X X,16,9,2,แขกกุลิต เถา
P910,OLLF,- - - - | X X - X | X X - X | X - X -,16,8,2,แขกโอด สามชั้น
P911,OLOL,- - - - | X X - X | - - - - | X X - X,16,6,2,"เขมรไทรโยค, ระบำนพรัตน์"
P912,ONIL,- - - - | - X X X | - X - X | X X - X,16,8,2,ระบำนกเขามะราปี
P913,ONJJ,- - - - | - X X X | - - X X | - - X X,16,7,2,รำวงมาตรฐาน
P914,ONLO,- - - - | - X X X | X X - X | - - - -,16,6,2,ฉิ่งเรื่องพระฉันเพล (จิ้งจกทอง)
P915,ONOI,- - - - | - X X X | - - - - | - X - X,16,5,2,"เขมรไทรโยค, ระบำไกรลาศสำเริง"
P916,ONPP,- - - - | - X X X | X X X X | X X X X,16,11,2,"นางครวญ เถา, โอ้ลาวครวญ"
P917,OOBP,- - - - | - - - - | - X - - | X X X X,16,5,2,แขกโอด สามชั้น
P918,OOCL,- - - - | - - - - | - - X - | X X - X,16,4,2,แขกลพบุรี สามชั้น
P919,OODP,- - - - | - - - - | - - - X | X X X X,16,5,2,ระบำกุญชรเกษม
P920,OOFJ,- - - - | - - - - | X - X - | - - X X,16,4,2,ลาวดวงเดือน สองชั้น
P921,OOFM,- - - - | - - - - | X - X - | X - X X,16,5,2,โสมส่องแสง เถา
P922,OOMI,- - - - | - - - - | X - X X | - X - X,16,5,2,แขกโอด สามชั้น
P923,OONL,- - - - | - - - - | - X X X | X X - X,16,6,2,"อาถรรพ์ เถา, ลาวคำหอม (เสียง ลา — อีกฉบับ)"
P924,OOOP,- - - - | - - - - | - - - - | X X X X,16,4,2,เขมรไทรโยค
P925,OPDD,- - - - | X X X X | - - - X | - - - X,16,6,2,"แขกกุลิต เถา, แขกต่อยหม้อ เถา"
P926,OPDI,- - - - | X X X X | - - - X | - X - X,16,7,2,"ระบำสุโขทัย, รำวงมาตรฐาน"
P927,OPIB,- - - - | X X X X | - X - X | - X - -,16,7,2,ช้าเรื่องจีนแส (พระนคร)
P928,PBPE,X X X X | - X - - | X X X X | X X - -,16,11,2,ระบำอยุธยา
P929,PBPI,X X X X | - X - - | X X X X | - X - X,16,11,2,"ช้าเรื่องขอมดำดิน, เขมรโพธิสัตว์ เถา"
P930,PEBI,X X X X | X X - - | - X - - | - X - X,16,9,2,โหมโรงกราวนอก
P931,PEEO,X X X X | X X - - | X X - - | - - - -,16,8,2,"อาเฮีย เถา, เขมรโพธิสัตว์ เถา"
P932,PEPP,X X X X | X X - - | X X X X | X X X X,16,14,2,"เสมอลาว, โอดแขก"
P933,PIBI,X X X X | - X - X | - X - - | - X - X,16,9,2,โสมส่องแสง เถา
P934,PIBL,X X X X | - X - X | - X - - | X X - X,16,10,2,"ระบำเทพบันเทิง, ทยอยนอก สามชั้น"
P935,PIEO,X X X X | - X - X | X X - - | - - - -,16,8,2,อาเฮีย เถา
P936,PIEP,X X X X | - X - X | X X - - | X X X X,16,12,2,อาเฮีย เถา
P937,PIIO,X X X X | - X - X | - X - X | - - - -,16,8,2,ระบำฉิ่ง
P938,PILN,X X X X | - X - X | X X - X | - X X X,16,12,2,"เขมรปี่แก้ว สามชั้น, แขกโอด สามชั้น"
P939,PILO,X X X X | - X - X | X X - X | - - - -,16,9,2,ระบำบันเทิงกาสร
P940,PIOL,X X X X | - X - X | - - - - | X X - X,16,9,2,ระบำเริงอรุณ
P941,PJPI,X X X X | - - X X | X X X X | - X - X,16,12,2,"อาเฮีย เถา, แขกลพบุรี สามชั้น"
P942,PJPJ,X X X X | - - X X | X X X X | - - X X,16,12,2,"อาเฮีย เถา, แขกลพบุรี สามชั้น"
P943,PJPM,X X X X | - - X X | X X X X | X - X X,16,13,2,ราตรีประดับดาว เถา
P944,PLDD,X X X X | X X - X | - - - X | - - - X,16,9,2,"เขมรลออองค์ เถา, มอญรำดาบ เถา"
P945,PLIP,X X X X | X X - X | - X - X | X X X X,16,13,2,ระบำอยุธยา
P946,PLJP,X X X X | X X - X | - - X X | X X X X,16,13,2,"แขกลพบุรี สามชั้น, ทยอยนอก สามชั้น"
P947,PLOL,X X X X | X X - X | - - - - | X X - X,16,10,2,ระบำเริงอรุณ
P948,PLOO,X X X X | X X - X | - - - - | - - - -,16,7,2,"เขมรพวง เถา, พันธุ์ฝรั่ง เถา"
P949,PMCP,X X X X | X - X X | - - X - | X X X X,16,12,2,อาเฮีย เถา
P950,PMDO,X X X X | X - X X | - - - X | - - - -,16,8,2,อาเฮีย เถา
P951,PNIB,X X X X | - X X X | - X - X | - X - -,16,10,2,ลาวดวงเดือน สองชั้น
P952,PNIP,X X X X | - X X X | - X - X | X X X X,16,13,2,จีนล่องหน่าย
P953,PNPJ,X X X X | - X X X | X X X X | - - X X,16,13,2,อาเฮีย เถา
P954,POPP,X X X X | - - - - | X X X X | X X X X,16,12,2,ลาวเสี่ยงเทียน เถา
P955,PPDP,X X X X | X X X X | - - - X | X X X X,16,13,2,ตับวิวาห์พระสมุทร
P956,PPEF,X X X X | X X X X | X X - - | X - X -,16,12,2,เขมรโพธิสัตว์ เถา
P957,PPEL,X X X X | X X X X | X X - - | X X - X,16,13,2,อาเฮีย เถา
P958,PPFI,X X X X | X X X X | X - X - | - X - X,16,12,2,อาเฮีย เถา
P959,PPID,X X X X | X X X X | - X - X | - - - X,16,11,2,"ราตรีประดับดาว เถา, เขมรปี่แก้ว สามชั้น"
P960,PPIL,X X X X | X X X X | - X - X | X X - X,16,13,2,"ปลาทอง เถา, เชิดจีน"
P961,PPIP,X X X X | X X X X | - X - X | X X X X,16,14,2,โหมโรงไอยเรศ สามชั้น
P962,PPJN,X X X X | X X X X | - - X X | - X X X,16,13,2,"ลาวดำเนินทราย สองชั้น, ระบำม่านมุ้ยเชียงตา"
P963,PPL,X X X X | X X X X | X X - X,12,11,2,"เขมรพวง เถา, นางครวญ เถา"
P964,PPLC,X X X X | X X X X | X X - X | - - X -,16,12,2,แขกลพบุรี สามชั้น
P965,PPP,X X X X | X X X X | X X X X,12,12,2,ฉิ่งเรื่องพระฉันเช้า (ยิกิน)
P966,PPPF,X X X X | X X X X | X X X X | X - X -,16,14,2,อาเฮีย เถา
P967,BBBN,- X - - | - X - - | - X - - | - X X X,16,6,1,แขกโอด สามชั้น
P968,BBNN,- X - - | - X - - | - X X X | - X X X,16,8,1,แขกโอด สามชั้น
P969,BBOO,- X - - | - X - - | - - - - | - - - -,16,2,1,แขกโอด สามชั้น
P970,BEEE,- X - - | X X - - | X X - - | X X - -,16,7,1,แขกลพบุรี สามชั้น
P971,BEEF,- X - - | X X - - | X X - - | X - X -,16,7,1,แขกลพบุรี สามชั้น
P972,BEEP,- X - - | X X - - | X X - - | X X X X,16,9,1,โสมส่องแสง เถา
P973,BEID,- X - - | X X - - | - X - X | - - - X,16,6,1,อาเฮีย เถา
P974,BFBL,- X - - | X - X - | - X - - | X X - X,16,7,1,ตระปลายพระลักษมณ์
P975,BIBI,- X - - | - X - X | - X - - | - X - X,16,6,1,รำวงมาตรฐาน
P976,BIBN,- X - - | - X - X | - X - - | - X X X,16,7,1,ระบำดาวดึงส์
P977,BIIB,- X - - | - X - X | - X - X | - X - -,16,6,1,ฟ้อนม่านมงคล
P978,BIJD,- X - - | - X - X | - - X X | - - - X,16,6,1,รำวงมาตรฐาน
P979,BIJP,- X - - | - X - X | - - X X | X X X X,16,9,1,โอดลาว
P980,BIOO,- X - - | - X - X | - - - - | - - - -,16,3,1,ราตรีประดับดาว เถา
P981,BIPB,- X - - | - X - X | X X X X | - X - -,16,8,1,ระบำอยุธยา
P982,BJFI,- X - - | - - X X | X - X - | - X - X,16,7,1,อาเฮีย เถา
P983,BJID,- X - - | - - X X | - X - X | - - - X,16,6,1,อาเฮีย เถา
P984,BLIB,- X - - | X X - X | - X - X | - X - -,16,7,1,ฟ้อนม่านมงคลใหม่
P985,BLJO,- X - - | X X - X | - - X X | - - - -,16,6,1,ระบำม่านมุ้ยเชียงตา
P986,BMOO,- X - - | X - X X | - - - - | - - - -,16,4,1,ราตรีประดับดาว เถา
P987,BMPE,- X - - | X - X X | X X X X | X X - -,16,10,1,ราตรีประดับดาว เถา
P988,BNIN,- X - - | - X X X | - X - X | - X X X,16,9,1,ระบำดาวดึงส์
P989,BNNJ,- X - - | - X X X | - X X X | - - X X,16,9,1,แขกโอด สามชั้น
P990,BOJO,- X - - | - - - - | - - X X | - - - -,16,3,1,แขกโอด สามชั้น
P991,BOOO,- X - - | - - - - | - - - - | - - - -,16,1,1,เขมรลออองค์ เถา
P992,BPBO,- X - - | X X X X | - X - - | - - - -,16,6,1,อาเฮีย เถา
P993,BPEP,- X - - | X X X X | X X - - | X X X X,16,11,1,แขกโอด สามชั้น
P994,BPNN,- X - - | X X X X | - X X X | - X X X,16,11,1,แขกโอด สามชั้น
P995,BPOO,- X - - | X X X X | - - - - | - - - -,16,5,1,แขกโอด สามชั้น
P996,CAJI,- - X - | X - - - | - - X X | - X - X,16,6,1,ราตรีประดับดาว เถา
P997,CCNP,- - X - | - - X - | - X X X | X X X X,16,9,1,โสมส่องแสง เถา
P998,CFFB,- - X - | X - X - | X - X - | - X - -,16,6,1,ทยอยนอก สามชั้น
P999,CIBE,- - X - | - X - X | - X - - | X X - -,16,6,1,ตระปลายพระลักษมณ์
P1000,CIIC,- - X - | - X - X | - X - X | - - X -,16,6,1,ตระปลายพระลักษมณ์
P1001,CIPP,- - X - | - X - X | X X X X | X X X X,16,11,1,แขกกุลิต เถา
P1002,DBBL,- - - X | - X - - | - X - - | X X - X,16,6,1,พม่าเห่ เถา
P1003,DBEI,- - - X | - X - - | X X - - | - X - X,16,6,1,ราตรีประดับดาว เถา
P1004,DBIO,- - - X | - X - - | - X - X | - - - -,16,4,1,แขกต่อยหม้อ เถา
P1005,DBMI,- - - X | - X - - | X - X X | - X - X,16,7,1,ระบำนกเขามะราปี
P1006,DBPN,- - - X | - X - - | X X X X | - X X X,16,9,1,เสมอลาว
P1007,DCBP,- - - X | - - X - | - X - - | X X X X,16,7,1,ตระปลายพระลักษมณ์
P1008,DDBN,- - - X | - - - X | - X - - | - X X X,16,6,1,รำวงมาตรฐาน
P1009,DDBP,- - - X | - - - X | - X - - | X X X X,16,7,1,ตระปลายพระลักษมณ์
P1010,DDD,- - - X | - - - X | - - - X,12,3,1,สรภัญญะ
P1011,DDJD,- - - X | - - - X | - - X X | - - - X,16,5,1,บาทสกุณี (เสมอตีนนก)
P1012,DDJE,- - - X | - - - X | - - X X | X X - -,16,6,1,ทยอยนอก สามชั้น
P1013,DDL,- - - X | - - - X | X X - X,12,5,1,ชมตลาด
P1014,DDND,- - - X | - - - X | - X X X | - - - X,16,6,1,ระบำทวารวดี
P1015,DDNE,- - - X | - - - X | - X X X | X X - -,16,7,1,ลาวดำเนินทราย สองชั้น
P1016,DDOD,- - - X | - - - X | - - - - | - - - X,16,3,1,ระบำบันเทิงกาสร
P1017,DDOI,- - - X | - - - X | - - - - | - X - X,16,4,1,ระบำชุมนุมเผ่าไทย
P1018,DDPD,- - - X | - - - X | X X X X | - - - X,16,7,1,ระบำชุมนุมเผ่าไทย
P1019,DDPN,- - - X | - - - X | X X X X | - X X X,16,9,1,ฟ้าคะนอง สองชั้น
P1020,DHIO,- - - X | - X X - | - X - X | - - - -,16,5,1,โสมส่องแสง เถา
P1021,DIBI,- - - X | - X - X | - X - - | - X - X,16,6,1,ระบำม่านมุ้ยเชียงตา
P1022,DIIE,- - - X | - X - X | - X - X | X X - -,16,7,1,นกจาก สองชั้น
P1023,DIJB,- - - X | - X - X | - - X X | - X - -,16,6,1,รำวงมาตรฐาน
P1024,DIJD,- - - X | - X - X | - - X X | - - - X,16,6,1,คุกพาทย์
P1025,DIJE,- - - X | - X - X | - - X X | X X - -,16,7,1,ระบำม่านมุ้ยเชียงตา
P1026,DIJL,- - - X | - X - X | - - X X | X X - X,16,8,1,ฉิ่งเรื่องพระฉันเพล (จิ้งจกทอง)
P1027,DIL,- - - X | - X - X | X X - X,12,6,1,ชมตลาด
P1028,DJBP,- - - X | - - X X | - X - - | X X X X,16,8,1,ตระมารละม่อม
P1029,DJDI,- - - X | - - X X | - - - X | - X - X,16,6,1,บาทสกุณี (เสมอตีนนก)
P1030,DJIB,- - - X | - - X X | - X - X | - X - -,16,6,1,เบ้าหลุด ชั้นเดียว
P1031,DJIJ,- - - X | - - X X | - X - X | - - X X,16,7,1,ตระปลายพระลักษมณ์
P1032,DJOP,- - - X | - - X X | - - - - | X X X X,16,7,1,เขมรไทรโยค
P1033,DJPE,- - - X | - - X X | X X X X | X X - -,16,9,1,ระบำมฤคระเริง
P1034,DL,- - - X | X X - X,8,4,1,เจดีย์เจ็ดยอด
P1035,DLDP,- - - X | X X - X | - - - X | X X X X,16,9,1,ลาวจ้อย สองชั้น
P1036,DLOI,- - - X | X X - X | - - - - | - X - X,16,6,1,ลาวจ้อย สองชั้น
P1037,DLPI,- - - X | X X - X | X X X X | - X - X,16,10,1,ลาวจ้อย สองชั้น
P1038,DNDI,- - - X | - X X X | - - - X | - X - X,16,7,1,ชมตลาด
P1039,DNOO,- - - X | - X X X | - - - - | - - - -,16,4,1,พม่าเห่ เถา
P1040,DNPI,- - - X | - X X X | X X X X | - X - X,16,10,1,ฉิ่งเรื่องพระฉันเพล (จิ้งจกทอง)
P1041,DNPP,- - - X | - X X X | X X X X | X X X X,16,12,1,โสมส่องแสง เถา
P1042,DOIB,- - - X | - - - - | - X - X | - X - -,16,4,1,โสมส่องแสง เถา
P1043,DOJD,- - - X | - - - - | - - X X | - - - X,16,4,1,บาทสกุณี (เสมอตีนนก)
P1044,DOOO,- - - X | - - - - | - - - - | - - - -,16,1,1,ฉิ่งเรื่องพระฉันเช้า (ยิกิน)
P1045,DOPO,- - - X | - - - - | X X X X | - - - -,16,5,1,ช้างประสานงา เถา
P1046,DP,- - - X | X X X X,8,5,1,ระบำกุญชรเกษม
P1047,DPDI,- - - X | X X X X | - - - X | - X - X,16,8,1,หกบท เถา
P1048,DPDJ,- - - X | X X X X | - - - X | - - X X,16,8,1,ฟ้อนพวงมาลัย
P1049,DPLN,- - - X | X X X X | X X - X | - X X X,16,11,1,ระบำชาวนา
P1050,DPNI,- - - X | X X X X | - X X X | - X - X,16,10,1,แขกขาว เถา
P1051,DPOO,- - - X | X X X X | - - - - | - - - -,16,5,1,ช้างประสานงา เถา
P1052,DPPN,- - - X | X X X X | X X X X | - X X X,16,12,1,ระบำเชียงแสน
P1053,EBIJ,X X - - | - X - - | - X - X | - - X X,16,7,1,สร้อยลำปาง เถา
P1054,EBJJ,X X - - | - X - - | - - X X | - - X X,16,7,1,ช้างประสานงา เถา
P1055,EBOO,X X - - | - X - - | - - - - | - - - -,16,3,1,ราตรีประดับดาว เถา
P1056,ED,X X - - | - - - X,8,3,1,เจดีย์เจ็ดยอด
P1057,EEBI,X X - - | X X - - | - X - - | - X - X,16,7,1,สร้อยลำปาง เถา
P1058,EECF,X X - - | X X - - | - - X - | X - X -,16,7,1,แขกลพบุรี สามชั้น
P1059,EEEJ,X X - - | X X - - | X X - - | - - X X,16,8,1,แขกลพบุรี สามชั้น
P1060,EEEP,X X - - | X X - - | X X - - | X X X X,16,10,1,อาเฮีย เถา
P1061,EEKI,X X - - | X X - - | X X X - | - X - X,16,9,1,อาเฮีย เถา
P1062,EENI,X X - - | X X - - | - X X X | - X - X,16,9,1,เขมรลออองค์ เถา
P1063,EEPD,X X - - | X X - - | X X X X | - - - X,16,9,1,อาเฮีย เถา
P1064,EEPO,X X - - | X X - - | X X X X | - - - -,16,8,1,โสมส่องแสง เถา
P1065,EIII,X X - - | - X - X | - X - X | - X - X,16,8,1,ราตรีประดับดาว เถา
P1066,EJEL,X X - - | - - X X | X X - - | X X - X,16,9,1,แขกขาว เถา
P1067,EMOD,X X - - | X - X X | - - - - | - - - X,16,6,1,เขมรลออองค์ เถา
P1068,ENI,X X - - | - X X X | - X - X,12,7,1,เขมรโพธิสัตว์ เถา
P1069,EPEE,X X - - | X X X X | X X - - | X X - -,16,10,1,ราตรีประดับดาว เถา
P1070,EPEO,X X - - | X X X X | X X - - | - - - -,16,8,1,อาเฮีย เถา
P1071,EPEP,X X - - | X X X X | X X - - | X X X X,16,12,1,อาเฮีย เถา
P1072,EPJJ,X X - - | X X X X | - - X X | - - X X,16,10,1,อาเฮีย เถา
P1073,EPPP,X X - - | X X X X | X X X X | X X X X,16,14,1,แสนสุดสวาท สามชั้น
P1074,FF,X - X - | X - X -,8,4,1,เจดีย์เจ็ดยอด
P1075,FFFJ,X - X - | X - X - | X - X - | - - X X,16,8,1,แขกลพบุรี สามชั้น
P1076,FFJN,X - X - | X - X - | - - X X | - X X X,16,9,1,แขกกุลิต เถา
P1077,FFJP,X - X - | X - X - | - - X X | X X X X,16,10,1,แขกลพบุรี สามชั้น
P1078,FIOJ,X - X - | - X - X | - - - - | - - X X,16,6,1,ราตรีประดับดาว เถา
P1079,FJJP,X - X - | - - X X | - - X X | X X X X,16,10,1,เขมรไทรโยค
P1080,FNOO,X - X - | - X X X | - - - - | - - - -,16,5,1,แขกกุลิต เถา
P1081,GDOD,X - - X | - - - X | - - - - | - - - X,16,4,1,ระบำเริงอรุณ
P1082,GFJJ,X - - X | X - X - | - - X X | - - X X,16,8,1,โสมส่องแสง เถา
P1083,HIII,- X X - | - X - X | - X - X | - X - X,16,8,1,พม่าห้าท่อน สามชั้น
P1084,HIOO,- X X - | - X - X | - - - - | - - - -,16,4,1,โสมส่องแสง เถา
P1085,HLNE,- X X - | X X - X | - X X X | X X - -,16,10,1,ฉิ่งเรื่องพระฉันเช้า (ยิกิน)
P1086,HLNI,- X X - | X X - X | - X X X | - X - X,16,10,1,ฉิ่งเรื่องพระฉันเช้า (ยิกิน)
P1087,HLOO,- X X - | X X - X | - - - - | - - - -,16,5,1,เขมรไทรโยค
P1088,HPHP,- X X - | X X X X | - X X - | X X X X,16,12,1,แขกต่อยหม้อ เถา
P1089,HPIH,- X X - | X X X X | - X - X | - X X -,16,10,1,ตระปลายพระลักษมณ์
P1090,HPIN,- X X - | X X X X | - X - X | - X X X,16,11,1,ตระปลายพระลักษมณ์
P1091,HPIP,- X X - | X X X X | - X - X | X X X X,16,12,1,แขกต่อยหม้อ เถา
P1092,IBEC,- X - X | - X - - | X X - - | - - X -,16,6,1,ตระสันนิบาต
P1093,IBEL,- X - X | - X - - | X X - - | X X - X,16,8,1,ทยอยนอก สามชั้น
P1094,IBIO,- X - X | - X - - | - X - X | - - - -,16,5,1,ราตรีประดับดาว เถา
P1095,IBKJ,- X - X | - X - - | X X X - | - - X X,16,8,1,ตระจอมศรี
P1096,IBLO,- X - X | - X - - | X X - X | - - - -,16,6,1,เขมรโพธิสัตว์ เถา
P1097,IBME,- X - X | - X - - | X - X X | X X - -,16,8,1,มอญรำดาบ เถา
P1098,IBML,- X - X | - X - - | X - X X | X X - X,16,9,1,นางครวญ เถา
P1099,IBMN,- X - X | - X - - | X - X X | - X X X,16,9,1,ฟ้อนม่านมงคลใหม่
P1100,IBMP,- X - X | - X - - | X - X X | X X X X,16,10,1,ฟ้อนม่านมงคล
P1101,IDBB,- X - X | - - - X | - X - - | - X - -,16,5,1,สุดสงวน เถา
P1102,IDBE,- X - X | - - - X | - X - - | X X - -,16,6,1,ราตรีประดับดาว เถา
P1103,IDD,- X - X | - - - X | - - - X,12,4,1,เขมรปี่แก้ว สามชั้น
P1104,IDDN,- X - X | - - - X | - - - X | - X X X,16,7,1,อาถรรพ์ เถา
P1105,IDDO,- X - X | - - - X | - - - X | - - - -,16,4,1,โสมส่องแสง เถา
P1106,IDIJ,- X - X | - - - X | - X - X | - - X X,16,7,1,เขมรโพธิสัตว์ เถา
P1107,IDIL,- X - X | - - - X | - X - X | X X - X,16,8,1,พญาเดิน
P1108,IDJI,- X - X | - - - X | - - X X | - X - X,16,7,1,ระบำชาวนา
P1109,IDJL,- X - X | - - - X | - - X X | X X - X,16,8,1,โอ้ลาว เถา
P1110,IDLO,- X - X | - - - X | X X - X | - - - -,16,6,1,เขมรโพธิสัตว์ เถา
P1111,IDNI,- X - X | - - - X | - X X X | - X - X,16,8,1,แขกโอด สามชั้น
P1112,IDNN,- X - X | - - - X | - X X X | - X X X,16,9,1,เชิดจีน
P1113,IDOO,- X - X | - - - X | - - - - | - - - -,16,3,1,พม่าเห่ เถา
P1114,IELE,- X - X | X X - - | X X - X | X X - -,16,9,1,เขมรลออองค์ เถา
P1115,IHDJ,- X - X | - X X - | - - - X | - - X X,16,7,1,ตระเชิงเทียน
P1116,IIBB,- X - X | - X - X | - X - - | - X - -,16,6,1,เขมรปี่แก้ว สามชั้น
P1117,IIBG,- X - X | - X - X | - X - - | X - - X,16,7,1,ระบำม่านมุ้ยเชียงตา
P1118,IIDJ,- X - X | - X - X | - - - X | - - X X,16,7,1,พม่าเห่ เถา
P1119,IIDN,- X - X | - X - X | - - - X | - X X X,16,8,1,ตับสมิงทอง
P1120,IIDP,- X - X | - X - X | - - - X | X X X X,16,9,1,สร้อยลำปาง เถา
P1121,IIFL,- X - X | - X - X | X - X - | X X - X,16,9,1,ระบำม่านมุ้ยเชียงตา
P1122,IIIM,- X - X | - X - X | - X - X | X - X X,16,9,1,ระบำม่านมุ้ยเชียงตา
P1123,IIINP,- X - X | - X - X | - X - X | - X X X | X X X X,20,13,1,ฉิ่งเรื่องพระฉันเช้า (ยิกิน)
P1124,IIJO,- X - X | - X - X | - - X X | - - - -,16,6,1,ระบำกฤดาภินิหาร
P1125,IIL,- X - X | - X - X | X X - X,12,7,1,อาเฮีย เถา
P1126,IINB,- X - X | - X - X | - X X X | - X - -,16,8,1,พญาเดิน
P1127,IIOP,- X - X | - X - X | - - - - | X X X X,16,8,1,ราตรีประดับดาว เถา
P1128,IIPD,- X - X | - X - X | X X X X | - - - X,16,9,1,ระบำมฤคระเริง
P1129,IJB,- X - X | - - X X | - X - -,12,5,1,ระบำกฤดาภินิหาร
P1130,IJDJ,- X - X | - - X X | - - - X | - - X X,16,7,1,เขมรลออองค์ เถา
P1131,IJEN,- X - X | - - X X | X X - - | - X X X,16,9,1,เขมรโพธิสัตว์ เถา
P1132,IJIN,- X - X | - - X X | - X - X | - X X X,16,9,1,แขกลพบุรี สามชั้น
P1133,IJJI,- X - X | - - X X | - - X X | - X - X,16,8,1,ราตรีประดับดาว เถา
P1134,IJJJ,- X - X | - - X X | - - X X | - - X X,16,8,1,ราตรีประดับดาว เถา
P1135,ILBL,- X - X | X X - X | - X - - | X X - X,16,9,1,ลาวดวงเดือน สองชั้น
P1136,ILDB,- X - X | X X - X | - - - X | - X - -,16,7,1,โหมโรงแขกมอญทางหลีก
P1137,ILJE,- X - X | X X - X | - - X X | X X - -,16,9,1,เขมรลออองค์ เถา
P1138,ILLD,- X - X | X X - X | X X - X | - - - X,16,9,1,อาเฮีย เถา
P1139,ILLP,- X - X | X X - X | X X - X | X X X X,16,12,1,อาเฮีย เถา
P1140,ILMI,- X - X | X X - X | X - X X | - X - X,16,10,1,สุดสงวน เถา
P1141,ILNO,- X - X | X X - X | - X X X | - - - -,16,8,1,พม่าเห่ เถา
P1142,ILOO,- X - X | X X - X | - - - - | - - - -,16,5,1,เขมรไทรโยค
P1143,INDN,- X - X | - X X X | - - - X | - X X X,16,9,1,ลาวดำเนินทราย สองชั้น
P1144,INIP,- X - X | - X X X | - X - X | X X X X,16,11,1,ฉิ่งเรื่องพระฉันเพล (จิ้งจกทอง)
P1145,INJN,- X - X | - X X X | - - X X | - X X X,16,10,1,ต่อยรูป เถา
P1146,INOD,- X - X | - X X X | - - - - | - - - X,16,6,1,เขมรไทรโยค
P1147,IO,- X - X | - - - -,8,2,1,เจดีย์เจ็ดยอด
P1148,IOOJ,- X - X | - - - - | - - - - | - - X X,16,4,1,เขมรลออองค์ เถา
P1149,IPBK,- X - X | X X X X | - X - - | X X X -,16,10,1,โสมส่องแสง เถา
P1150,IPBP,- X - X | X X X X | - X - - | X X X X,16,11,1,ช้าเรื่องขอมดำดิน
P1151,IPDD,- X - X | X X X X | - - - X | - - - X,16,8,1,พันธุ์ฝรั่ง เถา
P1152,IPIJ,- X - X | X X X X | - X - X | - - X X,16,10,1,ราตรีประดับดาว เถา
P1153,IPIM,- X - X | X X X X | - X - X | X - X X,16,11,1,เขมรลออองค์ เถา
P1154,IPIO,- X - X | X X X X | - X - X | - - - -,16,8,1,ราตรีประดับดาว เถา
P1155,IPJE,- X - X | X X X X | - - X X | X X - -,16,10,1,ช้าเรื่องจีนแส (พระนคร)
P1156,IPJL,- X - X | X X X X | - - X X | X X - X,16,11,1,ช้าเรื่องจีนแส (พระนคร)
P1157,IPJO,- X - X | X X X X | - - X X | - - - -,16,8,1,พม่าเห่ เถา
P1158,IPN,- X - X | X X X X | - X X X,12,9,1,ราตรีประดับดาว เถา
P1159,IPOI,- X - X | X X X X | - - - - | - X - X,16,8,1,สุดสงวน เถา
P1160,IPON,- X - X | X X X X | - - - - | - X X X,16,9,1,สุดสงวน เถา
P1161,IPOO,- X - X | X X X X | - - - - | - - - -,16,6,1,ฝรั่งรำเท้า
P1162,JA,- - X X | X - - -,8,3,1,เจดีย์เจ็ดยอด
P1163,JB,- - X X | - X - -,8,3,1,ใบ้คลั่ง เถา
P1164,JBBI,- - X X | - X - - | - X - - | - X - X,16,6,1,รำวงมาตรฐาน
P1165,JBIL,- - X X | - X - - | - X - X | X X - X,16,8,1,ระบำนพรัตน์
P1166,JBIP,- - X X | - X - - | - X - X | X X X X,16,9,1,เขมรพวง เถา
P1167,JBL,- - X X | - X - - | X X - X,12,6,1,ระบำกฤดาภินิหาร
P1168,JBLN,- - X X | - X - - | X X - X | - X X X,16,9,1,ระบำนพรัตน์
P1169,JBMI,- - X X | - X - - | X - X X | - X - X,16,8,1,ระบำเทพบันเทิง
P1170,JBMN,- - X X | - X - - | X - X X | - X X X,16,9,1,ระบำเทพบันเทิง
P1171,JBNL,- - X X | - X - - | - X X X | X X - X,16,9,1,พันธุ์ฝรั่ง เถา
P1172,JBPB,- - X X | - X - - | X X X X | - X - -,16,8,1,เขมรโพธิสัตว์ เถา
P1173,JCDO,- - X X | - - X - | - - - X | - - - -,16,4,1,โสมส่องแสง เถา
P1174,JD,- - X X | - - - X,8,3,1,เขมรไทรโยค
P1175,JDPI,- - X X | - - - X | X X X X | - X - X,16,9,1,ราตรีประดับดาว เถา
P1176,JEBO,- - X X | X X - - | - X - - | - - - -,16,5,1,ราตรีประดับดาว เถา
P1177,JEIL,- - X X | X X - - | - X - X | X X - X,16,9,1,ระบำนกเขามะราปี
P1178,JEJJ,- - X X | X X - - | - - X X | - - X X,16,8,1,แขกขาว เถา
P1179,JELO,- - X X | X X - - | X X - X | - - - -,16,7,1,อาเฮีย เถา
P1180,JENN,- - X X | X X - - | - X X X | - X X X,16,10,1,เขมรลออองค์ เถา
P1181,JENP,- - X X | X X - - | - X X X | X X X X,16,11,1,จีนขิมเล็ก เถา
P1182,JF,- - X X | X - X -,8,4,1,เจดีย์เจ็ดยอด
P1183,JFIO,- - X X | X - X - | - X - X | - - - -,16,6,1,ราตรีประดับดาว เถา
P1184,JIBI,- - X X | - X - X | - X - - | - X - X,16,7,1,ระบำชาวนา
P1185,JIBM,- - X X | - X - X | - X - - | X - X X,16,8,1,ตระสันนิบาต
P1186,JIDL,- - X X | - X - X | - - - X | X X - X,16,8,1,ระบำสุโขทัย
P1187,JIIM,- - X X | - X - X | - X - X | X - X X,16,9,1,ระบำสี่บท
P1188,JIJB,- - X X | - X - X | - - X X | - X - -,16,7,1,วิลันดาโอด สองชั้น
P1189,JILI,- - X X | - X - X | X X - X | - X - X,16,9,1,เขมรโพธิสัตว์ เถา
P1190,JILO,- - X X | - X - X | X X - X | - - - -,16,7,1,ราตรีประดับดาว เถา
P1191,JIPF,- - X X | - X - X | X X X X | X - X -,16,10,1,เขมรพวง เถา
P1192,JJDD,- - X X | - - X X | - - - X | - - - X,16,6,1,ระบำกรับ
P1193,JJDI,- - X X | - - X X | - - - X | - X - X,16,7,1,แขกลพบุรี สามชั้น
P1194,JJDJ,- - X X | - - X X | - - - X | - - X X,16,7,1,ทยอยนอก สามชั้น
P1195,JJDO,- - X X | - - X X | - - - X | - - - -,16,5,1,อาเฮีย เถา
P1196,JJID,- - X X | - - X X | - X - X | - - - X,16,7,1,บาทสกุณี (เสมอตีนนก)
P1197,JJJE,- - X X | - - X X | - - X X | X X - -,16,8,1,แขกลพบุรี สามชั้น
P1198,JJLI,- - X X | - - X X | X X - X | - X - X,16,9,1,ลาวชมดง สองชั้น
P1199,JJNN,- - X X | - - X X | - X X X | - X X X,16,10,1,แขกโอด สามชั้น
P1200,JJOL,- - X X | - - X X | - - - - | X X - X,16,7,1,ระบำเริงอรุณ
P1201,JLBP,- - X X | X X - X | - X - - | X X X X,16,10,1,ระบำสุโขทัย
P1202,JLDN,- - X X | X X - X | - - - X | - X X X,16,9,1,ลิงโลด สองชั้น
P1203,JLHL,- - X X | X X - X | - X X - | X X - X,16,10,1,ระบำมยุราภิรมย์
P1204,JLIL,- - X X | X X - X | - X - X | X X - X,16,10,1,ระบำสุโขทัย
P1205,JLJO,- - X X | X X - X | - - X X | - - - -,16,7,1,ระบำม่านมุ้ยเชียงตา
P1206,JLPP,- - X X | X X - X | X X X X | X X X X,16,13,1,ทยอยเขมร สามชั้น
P1207,JNBI,- - X X | - X X X | - X - - | - X - X,16,8,1,มอญรำดาบ เถา
P1208,JNDD,- - X X | - X X X | - - - X | - - - X,16,7,1,เขมรพวง เถา
P1209,JNJJ,- - X X | - X X X | - - X X | - - X X,16,9,1,ระบำอัศวลีลา
P1210,JNNJ,- - X X | - X X X | - X X X | - - X X,16,10,1,แขกโอด สามชั้น
P1211,JNNL,- - X X | - X X X | - X X X | X X - X,16,11,1,เขมรพวง เถา
P1212,JNON,- - X X | - X X X | - - - - | - X X X,16,8,1,แขกกุลิต เถา
P1213,JNPP,- - X X | - X X X | X X X X | X X X X,16,13,1,ระบำกุญชรเกษม
P1214,JOEG,- - X X | - - - - | X X - - | X - - X,16,6,1,ลาวดำเนินทราย สองชั้น
P1215,JOII,- - X X | - - - - | - X - X | - X - X,16,6,1,ลาวดำเนินทราย สองชั้น
P1216,JOJO,- - X X | - - - - | - - X X | - - - -,16,4,1,อาเฮีย เถา
P1217,JONP,- - X X | - - - - | - X X X | X X X X,16,9,1,แขกขาว เถา
P1218,JOOB,- - X X | - - - - | - - - - | - X - -,16,3,1,แขกโอด สามชั้น
P1219,JOPP,- - X X | - - - - | X X X X | X X X X,16,10,1,แขกกุลิต เถา
P1220,JPDB,- - X X | X X X X | - - - X | - X - -,16,8,1,ระบำกรับ
P1221,JPDJ,- - X X | X X X X | - - - X | - - X X,16,9,1,ฟ้อนพวงมาลัย
P1222,JPHL,- - X X | X X X X | - X X - | X X - X,16,11,1,ระบำมยุราภิรมย์
P1223,JPIP,- - X X | X X X X | - X - X | X X X X,16,12,1,แขกกุลิต เถา
P1224,JPJI,- - X X | X X X X | - - X X | - X - X,16,10,1,โสมส่องแสง เถา
P1225,JPLJ,- - X X | X X X X | X X - X | - - X X,16,11,1,แขกลพบุรี สามชั้น
P1226,JPLN,- - X X | X X X X | X X - X | - X X X,16,12,1,ทยอย
P1227,JPLO,- - X X | X X X X | X X - X | - - - -,16,9,1,ระบำชุมนุมเผ่าไทย
P1228,JPMN,- - X X | X X X X | X - X X | - X X X,16,12,1,ระบำมฤคระเริง
P1229,JPNL,- - X X | X X X X | - X X X | X X - X,16,12,1,อาเฮีย เถา
P1230,JPOD,- - X X | X X X X | - - - - | - - - X,16,7,1,แขกขาว เถา
P1231,JPOP,- - X X | X X X X | - - - - | X X X X,16,10,1,แขกขาว เถา
P1232,JPPM,- - X X | X X X X | X X X X | X - X X,16,13,1,แขกโอด สามชั้น
P1233,KGFJ,X X X - | X - - X | X - X - | - - X X,16,9,1,โสมส่องแสง เถา
P1234,KMII,X X X - | X - X X | - X - X | - X - X,16,10,1,เงี้ยวรำลึก เถา
P1235,LBEB,X X - X | - X - - | X X - - | - X - -,16,7,1,เขมรปี่แก้ว สามชั้น
P1236,LDII,X X - X | - - - X | - X - X | - X - X,16,8,1,แขกโอด สามชั้น
P1237,LEBI,X X - X | X X - - | - X - - | - X - X,16,8,1,ใบ้คลั่ง เถา
P1238,LIBI,X X - X | - X - X | - X - - | - X - X,16,8,1,ระบำชาวนา
P1239,LIIO,X X - X | - X - X | - X - X | - - - -,16,7,1,ช้างประสานงา เถา
P1240,LILJ,X X - X | - X - X | X X - X | - - X X,16,10,1,เขมรปี่แก้ว สามชั้น
P1241,LILL,X X - X | - X - X | X X - X | X X - X,16,11,1,ลิงโลด สองชั้น
P1242,LILN,X X - X | - X - X | X X - X | - X X X,16,11,1,เขมรปี่แก้ว สามชั้น
P1243,LIPN,X X - X | - X - X | X X X X | - X X X,16,12,1,ระบำทวารวดี
P1244,LJBL,X X - X | - - X X | - X - - | X X - X,16,9,1,แขกกุลิต เถา
P1245,LJII,X X - X | - - X X | - X - X | - X - X,16,9,1,แขกไทร สามชั้น
P1246,LJJJ,X X - X | - - X X | - - X X | - - X X,16,9,1,ราตรีประดับดาว เถา
P1247,LJOP,X X - X | - - X X | - - - - | X X X X,16,9,1,แขกไทร สามชั้น
P1248,LJPP,X X - X | - - X X | X X X X | X X X X,16,13,1,แขกโอด สามชั้น
P1249,LLBL,X X - X | X X - X | - X - - | X X - X,16,10,1,ช้างประสานงา เถา
P1250,LLLJ,X X - X | X X - X | X X - X | - - X X,16,11,1,อาเฮีย เถา
P1251,LLLP,X X - X | X X - X | X X - X | X X X X,16,13,1,เขมรโพธิสัตว์ เถา
P1252,LLNP,X X - X | X X - X | - X X X | X X X X,16,13,1,เขมรไทรโยค
P1253,LLOO,X X - X | X X - X | - - - - | - - - -,16,6,1,โสมส่องแสง เถา
P1254,LLPL,X X - X | X X - X | X X X X | X X - X,16,13,1,โหมโรงกราวนอก
P1255,LNPI,X X - X | - X X X | X X X X | - X - X,16,12,1,แขกไทร สามชั้น
P1256,LODJ,X X - X | - - - - | - - - X | - - X X,16,6,1,แขกโอด สามชั้น
P1257,LODN,X X - X | - - - - | - - - X | - X X X,16,7,1,แขกโอด สามชั้น
P1258,LOIO,X X - X | - - - - | - X - X | - - - -,16,5,1,เขมรลออองค์ เถา
P1259,LOPP,X X - X | - - - - | X X X X | X X X X,16,11,1,เขมรพวง เถา
P1260,LPJP,X X - X | X X X X | - - X X | X X X X,16,13,1,ราตรีประดับดาว เถา
P1261,LPPP,X X - X | X X X X | X X X X | X X X X,16,15,1,แขกโอด สามชั้น
P1262,MBMI,X - X X | - X - - | X - X X | - X - X,16,9,1,ระบำม้า (เพลงม้าโขยก)
P1263,MBOO,X - X X | - X - - | - - - - | - - - -,16,4,1,ราตรีประดับดาว เถา
P1264,MBPP,X - X X | - X - - | X X X X | X X X X,16,12,1,ราตรีประดับดาว เถา
P1265,MINP,X - X X | - X - X | - X X X | X X X X,16,12,1,ระบำม้า (เพลงม้าโขยก)
P1266,MIOO,X - X X | - X - X | - - - - | - - - -,16,5,1,เขมรลออองค์ เถา
P1267,MIPI,X - X X | - X - X | X X X X | - X - X,16,11,1,เขมรลออองค์ เถา
P1268,MIPO,X - X X | - X - X | X X X X | - - - -,16,9,1,ระบำม้า (เพลงม้าโขยก)
P1269,MJJI,X - X X | - - X X | - - X X | - X - X,16,9,1,แขกลพบุรี สามชั้น
P1270,MJJO,X - X X | - - X X | - - X X | - - - -,16,7,1,แสนสุดสวาท สามชั้น
P1271,MLII,X - X X | X X - X | - X - X | - X - X,16,10,1,ฉิ่งเรื่องพระฉันเช้า (ยิกิน)
P1272,MOJO,X - X X | - - - - | - - X X | - - - -,16,5,1,แขกโอด สามชั้น
P1273,MOLO,X - X X | - - - - | X X - X | - - - -,16,6,1,ราตรีประดับดาว เถา
P1274,MOMP,X - X X | - - - - | X - X X | X X X X,16,10,1,อาเฮีย เถา
P1275,MOPP,X - X X | - - - - | X X X X | X X X X,16,11,1,แขกโอด สามชั้น
P1276,MPJP,X - X X | X X X X | - - X X | X X X X,16,13,1,ราตรีประดับดาว เถา
P1277,NBBI,- X X X | - X - - | - X - - | - X - X,16,7,1,แขกอาหวัง สองชั้น
P1278,NBBP,- X X X | - X - - | - X - - | X X X X,16,9,1,ระบำชุมนุมเผ่าไทย
P1279,NBID,- X X X | - X - - | - X - X | - - - X,16,7,1,ระบำศรีชัยสิงห์
P1280,NBIL,- X X X | - X - - | - X - X | X X - X,16,9,1,ระบำไกรลาศสำเริง
P1281,NBNB,- X X X | - X - - | - X X X | - X - -,16,8,1,กราวใน
P1282,NBPL,- X X X | - X - - | X X X X | X X - X,16,11,1,ระบำนพรัตน์
P1283,NELO,- X X X | X X - - | X X - X | - - - -,16,8,1,อาเฮีย เถา
P1284,NENI,- X X X | X X - - | - X X X | - X - X,16,10,1,ระบำนพรัตน์
P1285,NIIM,- X X X | - X - X | - X - X | X - X X,16,10,1,พระรามเดินดง
P1286,NIJP,- X X X | - X - X | - - X X | X X X X,16,11,1,พันธุ์ฝรั่ง เถา
P1287,NILP,- X X X | - X - X | X X - X | X X X X,16,12,1,ตระปลายพระลักษมณ์
P1288,NININI,- X X X | - X - X | - X X X | - X - X | - X X X | - X - X,24,15,1,ช้าเรื่องตะนาว (พระนคร)
P1289,NINJ,- X X X | - X - X | - X X X | - - X X,16,10,1,อาเฮีย เถา
P1290,NIOD,- X X X | - X - X | - - - - | - - - X,16,6,1,ฉิ่งเรื่องพระฉันเช้า (ยิกิน)
P1291,NIOO,- X X X | - X - X | - - - - | - - - -,16,5,1,เขมรลออองค์ เถา
P1292,NIPO,- X X X | - X - X | X X X X | - - - -,16,9,1,ระบำชุมนุมเผ่าไทย
P1293,NJNO,- X X X | - - X X | - X X X | - - - -,16,8,1,แขกกุลิต เถา
P1294,NLIB,- X X X | X X - X | - X - X | - X - -,16,9,1,อะแซหวุ่นกี้ เถา
P1295,NLIN,- X X X | X X - X | - X - X | - X X X,16,11,1,ระบำชุมนุมเผ่าไทย
P1296,NLJO,- X X X | X X - X | - - X X | - - - -,16,8,1,ระบำม่านมุ้ยเชียงตา
P1297,NLNI,- X X X | X X - X | - X X X | - X - X,16,11,1,ระบำชุมนุมเผ่าไทย
P1298,NLPN,- X X X | X X - X | X X X X | - X X X,16,13,1,ฉิ่งเรื่องพระฉันเพล (จิ้งจกทอง)
P1299,NNNE,- X X X | - X X X | - X X X | X X - -,16,11,1,อาหนู เถา
P1300,NNNJ,- X X X | - X X X | - X X X | - - X X,16,11,1,แขกโอด สามชั้น
P1301,NNPN,- X X X | - X X X | X X X X | - X X X,16,13,1,ระบำกรับ
P1302,NOLD,- X X X | - - - - | X X - X | - - - X,16,7,1,แขกไทร สามชั้น
P1303,NONI,- X X X | - - - - | - X X X | - X - X,16,8,1,ฉิ่งเรื่องพระฉันเช้า (ยิกิน)
P1304,NONL,- X X X | - - - - | - X X X | X X - X,16,9,1,อะแซหวุ่นกี้ เถา
P1305,NONO,- X X X | - - - - | - X X X | - - - -,16,6,1,ช้าเรื่องตะนาว (พระนคร)
P1306,NOPO,- X X X | - - - - | X X X X | - - - -,16,7,1,แขกไทร สามชั้น
P1307,NPJO,- X X X | X X X X | - - X X | - - - -,16,9,1,ระบำทวารวดี
P1308,NPLI,- X X X | X X X X | X X - X | - X - X,16,12,1,อาเฮีย เถา
P1309,NPNE,- X X X | X X X X | - X X X | X X - -,16,12,1,ลาวดำเนินทราย สองชั้น
P1310,NPOJ,- X X X | X X X X | - - - - | - - X X,16,9,1,เขมรไทรโยค
P1311,NPPK,- X X X | X X X X | X X X X | X X X -,16,14,1,ทยอยใน เถา
P1312,OBEL,- - - - | - X - - | X X - - | X X - X,16,6,1,แขกมอญบางขุนพรหม เถา
P1313,OBJN,- - - - | - X - - | - - X X | - X X X,16,6,1,อาเฮีย เถา
P1314,OBJP,- - - - | - X - - | - - X X | X X X X,16,7,1,อาเฮีย เถา
P1315,OBKO,- - - - | - X - - | X X X - | - - - -,16,4,1,อาเฮีย เถา
P1316,OBMO,- - - - | - X - - | X - X X | - - - -,16,4,1,ราตรีประดับดาว เถา
P1317,OBMP,- - - - | - X - - | X - X X | X X X X,16,8,1,ราตรีประดับดาว เถา
P1318,OBPJ,- - - - | - X - - | X X X X | - - X X,16,7,1,อาเฮีย เถา
P1319,OBPO,- - - - | - X - - | X X X X | - - - -,16,5,1,แขกโอด สามชั้น
P1320,OCAJ,- - - - | - - X - | X - - - | - - X X,16,4,1,ราตรีประดับดาว เถา
P1321,OCIO,- - - - | - - X - | - X - X | - - - -,16,3,1,เขมรลออองค์ เถา
P1322,OCLJ,- - - - | - - X - | X X - X | - - X X,16,6,1,เขมรลออองค์ เถา
P1323,ODIJ,- - - - | - - - X | - X - X | - - X X,16,5,1,รำวงมาตรฐาน
P1324,ODIL,- - - - | - - - X | - X - X | X X - X,16,6,1,จีนเก็บบุปผา
P1325,ODIP,- - - - | - - - X | - X - X | X X X X,16,7,1,ระบำลพบุรี
P1326,ODNB,- - - - | - - - X | - X X X | - X - -,16,5,1,ระบำชาวนา
P1327,ODP,- - - - | - - - X | X X X X,12,5,1,โลมพม่า
P1328,ODPB,- - - - | - - - X | X X X X | - X - -,16,6,1,มอญรำดาบ เถา
P1329,ODPP,- - - - | - - - X | X X X X | X X X X,16,9,1,เงี้ยวรำลึก เถา
P1330,OECI,- - - - | X X - - | - - X - | - X - X,16,5,1,แขกขาว เถา
P1331,OEEC,- - - - | X X - - | X X - - | - - X -,16,5,1,แขกลพบุรี สามชั้น
P1332,OEEO,- - - - | X X - - | X X - - | - - - -,16,4,1,แขกลพบุรี สามชั้น
P1333,OEEP,- - - - | X X - - | X X - - | X X X X,16,8,1,แขกลพบุรี สามชั้น
P1334,OI,- - - - | - X - X,8,2,1,เชิดจีน
P1335,OIDJ,- - - - | - X - X | - - - X | - - X X,16,5,1,รำวงมาตรฐาน
P1336,OIHL,- - - - | - X - X | - X X - | X X - X,16,7,1,ระบำนกเขามะราปี
P1337,OIIB,- - - - | - X - X | - X - X | - X - -,16,5,1,ระบำศรีวิชัย
P1338,OIJE,- - - - | - X - X | - - X X | X X - -,16,6,1,หนีเสือ
P1339,OIJJ,- - - - | - X - X | - - X X | - - X X,16,6,1,เขมรพวง เถา
P1340,OIOB,- - - - | - X - X | - - - - | - X - -,16,3,1,แขกไทร สามชั้น
P1341,OION,- - - - | - X - X | - - - - | - X X X,16,5,1,เขมรไทรโยค
P1342,OIOO,- - - - | - X - X | - - - - | - - - -,16,2,1,ราตรีประดับดาว เถา
P1343,OIOP,- - - - | - X - X | - - - - | X X X X,16,6,1,รำวงมาตรฐาน
P1344,OJBO,- - - - | - - X X | - X - - | - - - -,16,3,1,เขมรโพธิสัตว์ เถา
P1345,OJDD,- - - - | - - X X | - - - X | - - - X,16,4,1,ตระจอมศรี
P1346,OJDO,- - - - | - - X X | - - - X | - - - -,16,3,1,อาเฮีย เถา
P1347,OJDP,- - - - | - - X X | - - - X | X X X X,16,7,1,ราตรีประดับดาว เถา
P1348,OJIJ,- - - - | - - X X | - X - X | - - X X,16,6,1,อาเฮีย เถา
P1349,OJIO,- - - - | - - X X | - X - X | - - - -,16,4,1,ระบำอู่ทอง
P1350,OJJD,- - - - | - - X X | - - X X | - - - X,16,5,1,เชิดจีน
P1351,OJJE,- - - - | - - X X | - - X X | X X - -,16,6,1,ราตรีประดับดาว เถา
P1352,OJJI,- - - - | - - X X | - - X X | - X - X,16,6,1,ราตรีประดับดาว เถา
P1353,OJJO,- - - - | - - X X | - - X X | - - - -,16,4,1,อาเฮีย เถา
P1354,OJJP,- - - - | - - X X | - - X X | X X X X,16,8,1,อาเฮีย เถา
P1355,OJLI,- - - - | - - X X | X X - X | - X - X,16,7,1,แขกขาว เถา
P1356,OLJL,- - - - | X X - X | - - X X | X X - X,16,8,1,เขมรไทรโยค
P1357,OLO,- - - - | X X - X | - - - -,12,3,1,ระบำเริงอรุณ
P1358,OMJO,- - - - | X - X X | - - X X | - - - -,16,5,1,อาเฮีย เถา
P1359,OMJP,- - - - | X - X X | - - X X | X X X X,16,9,1,อาเฮีย เถา
P1360,OMMN,- - - - | X - X X | X - X X | - X X X,16,9,1,ฟ้อนม่านมงคลใหม่
P1361,OMOO,- - - - | X - X X | - - - - | - - - -,16,3,1,แขกโอด สามชั้น
P1362,ONDD,- - - - | - X X X | - - - X | - - - X,16,5,1,ฉิ่งเรื่องพระฉันเพล (จิ้งจกทอง)
P1363,ONDI,- - - - | - X X X | - - - X | - X - X,16,6,1,ฉิ่งเรื่องพระฉันเพล (จิ้งจกทอง)
P1364,ONIO,- - - - | - X X X | - X - X | - - - -,16,5,1,ฉิ่งเรื่องพระฉันเพล (จิ้งจกทอง)
P1365,ONNL,- - - - | - X X X | - X X X | X X - X,16,9,1,ทยอยใน เถา
P1366,ONPN,- - - - | - X X X | X X X X | - X X X,16,10,1,ระบำเทพบันเทิง
P1367,ONPO,- - - - | - X X X | X X X X | - - - -,16,7,1,ระบำทวารวดี
P1368,OOBE,- - - - | - - - - | - X - - | X X - -,16,3,1,แสนสุดสวาท สามชั้น
P1369,OOBF,- - - - | - - - - | - X - - | X - X -,16,3,1,ช้างประสานงา เถา
P1370,OOBO,- - - - | - - - - | - X - - | - - - -,16,1,1,เขมรลออองค์ เถา
P1371,OOEA,- - - - | - - - - | X X - - | X - - -,16,3,1,ลาวดำเนินทราย สองชั้น
P1372,OOEF,- - - - | - - - - | X X - - | X - X -,16,4,1,ช้างประสานงา เถา
P1373,OOEL,- - - - | - - - - | X X - - | X X - X,16,5,1,กล่อมนารี เถา
P1374,OOIO,- - - - | - - - - | - X - X | - - - -,16,2,1,ราตรีประดับดาว เถา
P1375,OOJC,- - - - | - - - - | - - X X | - - X -,16,3,1,โสมส่องแสง เถา
P1376,OOJH,- - - - | - - - - | - - X X | - X X -,16,4,1,ลาวดำเนินทราย สองชั้น
P1377,OOJM,- - - - | - - - - | - - X X | X - X X,16,5,1,ระบำเริงอรุณ
P1378,OOOG,- - - - | - - - - | - - - - | X - - X,16,2,1,เขมรไทรโยค
P1379,OOOJ,- - - - | - - - - | - - - - | - - X X,16,2,1,โสมส่องแสง เถา
P1380,OOOL,- - - - | - - - - | - - - - | X X - X,16,3,1,ระบำเริงอรุณ
P1381,OPHL,- - - - | X X X X | - X X - | X X - X,16,9,1,ระบำนกเขามะราปี
P1382,OPHP,- - - - | X X X X | - X X - | X X X X,16,10,1,แขกต่อยหม้อ เถา
P1383,OPJI,- - - - | X X X X | - - X X | - X - X,16,8,1,ระบำเชียงแสน
P1384,OPPB,- - - - | X X X X | X X X X | - X - -,16,9,1,ระบำกรับ
P1385,PBEO,X X X X | - X - - | X X - - | - - - -,16,7,1,อาเฮีย เถา
P1386,PBEP,X X X X | - X - - | X X - - | X X X X,16,11,1,อาเฮีย เถา
P1387,PBLJ,X X X X | - X - - | X X - X | - - X X,16,10,1,เขมรโพธิสัตว์ เถา
P1388,PBPN,X X X X | - X - - | X X X X | - X X X,16,12,1,แขกโอด สามชั้น
P1389,PEEJ,X X X X | X X - - | X X - - | - - X X,16,10,1,ราตรีประดับดาว เถา
P1390,PEEP,X X X X | X X - - | X X - - | X X X X,16,12,1,อาเฮีย เถา
P1391,PEII,X X X X | X X - - | - X - X | - X - X,16,10,1,อาหนู เถา
P1392,PEIL,X X X X | X X - - | - X - X | X X - X,16,11,1,ระบำนพรัตน์
P1393,PEIP,X X X X | X X - - | - X - X | X X X X,16,12,1,เงี้ยวรำลึก เถา
P1394,PEJP,X X X X | X X - - | - - X X | X X X X,16,12,1,ทยอยใน เถา
P1395,PEMP,X X X X | X X - - | X - X X | X X X X,16,13,1,เขมรโพธิสัตว์ เถา
P1396,PEPL,X X X X | X X - - | X X X X | X X - X,16,13,1,เสมอลาว
P1397,PFOI,X X X X | X - X - | - - - - | - X - X,16,8,1,เขมรพวง เถา
P1398,PIDB,X X X X | - X - X | - - - X | - X - -,16,8,1,ฟ้อนม่านมงคล
P1399,PIDI,X X X X | - X - X | - - - X | - X - X,16,9,1,แขกต่อยหม้อ สองชั้น
P1400,PIDL,X X X X | - X - X | - - - X | X X - X,16,10,1,ระบำกรับ
P1401,PIDN,X X X X | - X - X | - - - X | - X X X,16,10,1,ช้าเรื่องจีนแส (พระนคร)
P1402,PII,X X X X | - X - X | - X - X,12,8,1,โลมสิงโต
P1403,PIIN,X X X X | - X - X | - X - X | - X X X,16,11,1,นางครวญ เถา
P1404,PIIP,X X X X | - X - X | - X - X | X X X X,16,12,1,แขกยิงนก ชั้นเดียว
P1405,PIJL,X X X X | - X - X | - - X X | X X - X,16,11,1,ทยอยนอก สามชั้น
P1406,PIJP,X X X X | - X - X | - - X X | X X X X,16,12,1,แขกยิงนก ชั้นเดียว
P1407,PILI,X X X X | - X - X | X X - X | - X - X,16,11,1,เขมรปี่แก้ว สามชั้น
P1408,PINL,X X X X | - X - X | - X X X | X X - X,16,12,1,แขกมอญบางขุนพรหม เถา
P1409,PINN,X X X X | - X - X | - X X X | - X X X,16,12,1,ระบำกรับ
P1410,PINO,X X X X | - X - X | - X X X | - - - -,16,9,1,พันธุ์ฝรั่ง เถา
P1411,PIOD,X X X X | - X - X | - - - - | - - - X,16,7,1,เขมรลออองค์ เถา
P1412,PJBO,X X X X | - - X X | - X - - | - - - -,16,7,1,แขกกุลิต เถา
P1413,PJIP,X X X X | - - X X | - X - X | X X X X,16,12,1,แขกลพบุรี สามชั้น
P1414,PJJD,X X X X | - - X X | - - X X | - - - X,16,9,1,แขกลพบุรี สามชั้น
P1415,PJJO,X X X X | - - X X | - - X X | - - - -,16,8,1,แขกลพบุรี สามชั้น
P1416,PJJP,X X X X | - - X X | - - X X | X X X X,16,12,1,แขกลพบุรี สามชั้น
P1417,PJPL,X X X X | - - X X | X X X X | X X - X,16,13,1,โสมส่องแสง เถา
P1418,PJPP,X X X X | - - X X | X X X X | X X X X,16,14,1,แขกโอด สามชั้น
P1419,PLCO,X X X X | X X - X | - - X - | - - - -,16,8,1,เขมรลออองค์ เถา
P1420,PLFP,X X X X | X X - X | X - X - | X X X X,16,13,1,เขมรลออองค์ เถา
P1421,PLIL,X X X X | X X - X | - X - X | X X - X,16,12,1,เขมรลออองค์ เถา
P1422,PLJJ,X X X X | X X - X | - - X X | - - X X,16,11,1,แขกลพบุรี สามชั้น
P1423,PLLB,X X X X | X X - X | X X - X | - X - -,16,11,1,ช้างประสานงา เถา
P1424,PLOD,X X X X | X X - X | - - - - | - - - X,16,8,1,เขมรพวง เถา
P1425,PMBO,X X X X | X - X X | - X - - | - - - -,16,8,1,ราตรีประดับดาว เถา
P1426,PMBP,X X X X | X - X X | - X - - | X X X X,16,12,1,ราตรีประดับดาว เถา
P1427,PMDP,X X X X | X - X X | - - - X | X X X X,16,12,1,อาเฮีย เถา
P1428,PMOO,X X X X | X - X X | - - - - | - - - -,16,7,1,แขกโอด สามชั้น
P1429,PMOP,X X X X | X - X X | - - - - | X X X X,16,11,1,แขกโอด สามชั้น
P1430,PNJE,X X X X | - X X X | - - X X | X X - -,16,11,1,หนีเสือ
P1431,PNKB,X X X X | - X X X | X X X - | - X - -,16,11,1,เขมรปี่แก้ว สามชั้น
P1432,PNNJ,X X X X | - X X X | - X X X | - - X X,16,12,1,แขกโอด สามชั้น
P1433,PNNO,X X X X | - X X X | - X X X | - - - -,16,10,1,พันธุ์ฝรั่ง เถา
P1434,PNOO,X X X X | - X X X | - - - - | - - - -,16,7,1,โหมโรงสามม้า
P1435,PNPL,X X X X | - X X X | X X X X | X X - X,16,14,1,แขกโอด สามชั้น
P1436,POOB,X X X X | - - - - | - - - - | - X - -,16,5,1,แขกโอด สามชั้น
P1437,POPN,X X X X | - - - - | X X X X | - X X X,16,11,1,แขกไทร สามชั้น
P1438,PPBE,X X X X | X X X X | - X - - | X X - -,16,11,1,โสมส่องแสง เถา
P1439,PPBP,X X X X | X X X X | - X - - | X X X X,16,13,1,โหมโรงจอมสุรางค์
P1440,PPDJ,X X X X | X X X X | - - - X | - - X X,16,11,1,เชิดจีน
P1441,PPFE,X X X X | X X X X | X - X - | X X - -,16,12,1,แสนสุดสวาท สามชั้น
P1442,PPIM,X X X X | X X X X | - X - X | X - X X,16,13,1,เขมรลออองค์ เถา
P1443,PPJC,X X X X | X X X X | - - X X | - - X -,16,11,1,กล่อมนารี เถา
P1444,PPJI,X X X X | X X X X | - - X X | - X - X,16,12,1,ช้างประสานงา เถา
P1445,PPJL,X X X X | X X X X | - - X X | X X - X,16,13,1,โหมโรงพม่าวัด
P1446,PPLJ,X X X X | X X X X | X X - X | - - X X,16,13,1,แขกลพบุรี สามชั้น
P1447,PPLN,X X X X | X X X X | X X - X | - X X X,16,14,1,นางครวญ เถา
P1448,PPMI,X X X X | X X X X | X - X X | - X - X,16,13,1,ช้างประสานงา เถา
P1449,PPNB,X X X X | X X X X | - X X X | - X - -,16,12,1,ฟ้อนม่านมงคลใหม่
P1450,PPOJ,X X X X | X X X X | - - - - | - - X X,16,10,1,เขมรไทรโยค
