song_id,section,sentence_no,luktok_id,pair
CHD001,ตัวที่1,1,มซ19,มซ
CHD001,ตัวที่1,2,ซซ33,ซซ
CHD001,ตัวที่1,3,มซ19,มซ
CHD001,ตัวที่1,4,ทล48,ทล
CHD001,ตัวที่1,5,มท21,มท
CHD001,ตัวที่1,6,ลม38,ลม
CHD001,ตัวที่1,7,ดด01,ดด
CHD001,ตัวที่1,8,ลม38,ลม
CHD001,ตัวที่ 2,9,มซ19,มซ
CHD001,ตัวที่ 2,10,ซซ33,ซซ
CHD001,ตัวที่ 2,11,มซ19,มซ
CHD001,ตัวที่ 2,12,ทล48,ทล
CHD001,ตัวที่ 2,13,มท21,มท
CHD001,ตัวที่ 2,14,ลม38,ลม
CHD001,ตัวที่ 2,15,ดด01,ดด
CHD001,ตัวที่ 2,16,ลม38,ลม
CHD001,ตัวที่3,17,ทท49,ทท
CHD001,ตัวที่3,18,รซ12,รซ
CHD001,ตัวที่3,19,ซท35,ซท
CHD001,ตัวที่3,20,ทร44,ทร
CHD001,ตัวที่3,21,ทล48,ทล
CHD001,ตัวที่3,22,มท21,มท
CHD001,ตัวที่3,23,ลม38,ลม
CHD001,ตัวที่3,24,ดด01,ดด
CHD001,ตัวที่3,25,ลม38,ลม
CHD001,ตัวที่ 4,26,ทท49,ทท
CHD001,ตัวที่ 4,27,ซซ33,ซซ
CHD001,ตัวที่ 4,28,ซท35,ซท
CHD001,ตัวที่ 4,29,ทซ47,ทซ
CHD001,ตัวที่ 4,30,ทล48,ทล
CHD001,ตัวที่ 4,31,มท21,มท
CHD001,ตัวที่ 4,32,ลม38,ลม
CHD001,ตัวที่ 4,33,ดด01,ดด
CHD001,ตัวที่ 4,34,ลม38,ลม
CHD001,ตัวที่ 5,35,ซท35,ซท
CHD001,ตัวที่ 5,36,ซซ33,ซซ
CHD001,ตัวที่ 5,37,ซซ33,ซซ
CHD001,ตัวที่ 5,38,ทซ47,ทซ
CHD001,ตัวที่ 5,39,ทล48,ทล
CHD001,ตัวที่ 5,40,มท21,มท
CHD001,ตัวที่ 5,41,ลม38,ลม
CHD001,ตัวที่ 5,42,ดด01,ดด
CHD001,ตัวที่ 5,43,ลม38,ลม
CHD002,ตัวที่ 6,1,ทท49,ทท
CHD002,ตัวที่ 6,2,รท14,รท
CHD002,ตัวที่ 6,3,มท21,มท
CHD002,ตัวที่ 6,4,ซท35,ซท
CHD002,ตัวที่ 6,5,ทร44,ทร
CHD002,ตัวที่ 6,6,ทม45,ทม
CHD002,ตัวที่ 6,7,ทล48,ทล
CHD002,ตัวที่ 6,8,มซ19,มซ
CHD002,ตัวที่ 6,9,รล13,รล
CHD002,ตัวที่ 6,10,มล20,มล
CHD002,ตัวที่ 6,11,ซท35,ซท
CHD002,ตัวที่ 7,12,รล13,รล
CHD002,ตัวที่ 7,13,รม10,รม
CHD002,ตัวที่ 7,14,ทซ47,ทซ
CHD002,ตัวที่ 7,15,รล13,รล
CHD002,ตัวที่ 7,16,รม10,รม
CHD002,ตัวที่ 7,17,ทล48,ทล
CHD002,ตัวที่ 7,18,มซ19,มซ
CHD002,ตัวที่ 7,19,รล13,รล
CHD002,ตัวที่ 7,20,มล20,มล
CHD002,ตัวที่ 7,21,ซท35,ซท
CHD002,ตัวที่ 8,22,ทซ47,ทซ
CHD002,ตัวที่ 8,23,ซม31,ซม
CHD002,ตัวที่ 8,24,ทซ47,ทซ
CHD002,ตัวที่ 8,25,ทซ47,ทซ
CHD002,ตัวที่ 8,26,ซม31,ซม
CHD002,ตัวที่ 8,27,ทล48,ทล
CHD002,ตัวที่ 8,28,มซ19,มซ
CHD002,ตัวที่ 8,29,รล13,รล
CHD002,ตัวที่ 8,30,มล20,มล
CHD002,ตัวที่ 8,31,ซท35,ซท
CHD002,ตัวที่ 9,32,ซล34,ซล
CHD002,ตัวที่ 9,33,มท21,มท
CHD002,ตัวที่ 9,34,ซซ33,ซซ
CHD002,ตัวที่ 9,35,ลม38,ลม
CHD002,ตัวที่ 9,36,ทล48,ทล
CHD002,ตัวที่ 9,37,มซ19,มซ
CHD002,ตัวที่ 9,38,รล13,รล
CHD002,ตัวที่ 9,39,มล20,มล
CHD002,ตัวที่ 9,40,ซท35,ซท
CHD002,ตัวที่ 10,41,รซ12,รซ
CHD002,ตัวที่ 10,42,ซม31,ซม
CHD002,ตัวที่ 10,43,ทซ47,ทซ
CHD002,ตัวที่ 10,44,รซ12,รซ
CHD002,ตัวที่ 10,45,ซม31,ซม
CHD002,ตัวที่ 10,46,ทล48,ทล
CHD002,ตัวที่ 10,47,มซ19,มซ
CHD002,ตัวที่ 10,48,รล13,รล
CHD002,ตัวที่ 10,49,มล20,มล
CHD002,ตัวที่ 10,50,ซท35,ซท
CHD002,ตัวที่ 11,51,ลซ40,ลซ
CHD002,ตัวที่ 11,52,ทม45,ทม
CHD002,ตัวที่ 11,53,ทซ47,ทซ
CHD002,ตัวที่ 11,54,ลซ40,ลซ
CHD002,ตัวที่ 11,55,ทม45,ทม
CHD002,ตัวที่ 11,56,ทล48,ทล
CHD002,ตัวที่ 11,57,มซ19,มซ
CHD002,ตัวที่ 11,58,รล13,รล
CHD002,ตัวที่ 11,59,มล20,มล
CHD002,ตัวที่ 11,60,ซท35,ซท
CHD002,ตัวที่ 12,61,ลล41,ลล
CHD002,ตัวที่ 12,62,ลม38,ลม
CHD002,ตัวที่ 12,63,ทซ47,ทซ
CHD002,ตัวที่ 12,64,ลล41,ลล
CHD002,ตัวที่ 12,65,ลม38,ลม
CHD002,ตัวที่ 12,66,ทล48,ทล
CHD002,ตัวที่ 12,67,มซ19,มซ
CHD002,ตัวที่ 12,68,รล13,รล
CHD002,ตัวที่ 12,69,มล20,มล
CHD002,ตัวที่ 12,70,ซท35,ซท
CHN001,-,1,มม17,มม
CHN001,-,2,ดด01,ดด
CHN001,-,3,ฟม24,ฟม
CHN001,-,4,ลม38,ลม
CHN001,-,5,รท14,รท
CHN001,-,6,ทม45,ทม
CHN001,-,7,มร16,มร
CHN001,-,8,ลม38,ลม
CHN001,-,9,มม17,มม
CHN001,-,10,ดด01,ดด
CHN001,-,11,ฟม24,ฟม
CHN001,-,12,ลม38,ลม
CHN001,-,13,รท14,รท
CHN001,-,14,ทล48,ทล
CHN001,-,15,ลซ40,ลซ
HOH001,วรรคนำ,1,ลซ40,ลซ
HOH001,เสียงที่ 1 ท่อน 1,2,ซท35,ซท
HOH001,เสียงที่ 1 ท่อน 1,3,ทซ47,ทซ
HOH001,เสียงที่ 1 ท่อน 1,4,รซ12,รซ
HOH001,เสียงที่ 1 ท่อน 1,5,มซ19,มซ
HOH001,เสียงที่ 1 ท่อน 2,6,ลร37,ลร
HOH001,เสียงที่ 1 ท่อน 2,7,รซ12,รซ
HOH001,เสียงที่ 1 ท่อน 2,8,รซ12,รซ
HOH001,เสียงที่ 1 ท่อน 2,9,มซ19,มซ
HOH001,เสียงที่ 2 ท่อน 1,10,ดม03,ดม
HOH001,เสียงที่ 2 ท่อน 1,11,มด15,มด
HOH001,เสียงที่ 2 ท่อน 1,12,ซด29,ซด
HOH001,เสียงที่ 2 ท่อน 1,13,ลด36,ลด
HOH001,เสียงที่ 2 ท่อน 2,14,รซ12,รซ
HOH001,เสียงที่ 2 ท่อน 2,15,ซด29,ซด
HOH001,เสียงที่ 2 ท่อน 2,16,ซด29,ซด
HOH001,เสียงที่ 2 ท่อน 2,17,ลด36,ลด
HOH001,เสียงที่ 3 ท่อน 1,18,ฟล27,ฟล
HOH001,เสียงที่ 3 ท่อน 1,19,ลฟ39,ลฟ
HOH001,เสียงที่ 3 ท่อน 1,20,ดฟ04,ดฟ
HOH001,เสียงที่ 3 ท่อน 1,21,รฟ11,รฟ
HOH001,เสียงที่ 3 ท่อน 2,22,ซด29,ซด
HOH001,เสียงที่ 3 ท่อน 2,23,ดฟ04,ดฟ
HOH001,เสียงที่ 3 ท่อน 2,24,ดฟ04,ดฟ
HOH001,เสียงที่ 3 ท่อน 2,25,รฟ11,รฟ
JDY001,ท่อน 1,1,ลล41,ลล
JDY001,ท่อน 1,2,ลล41,ลล
JDY001,ท่อน 1,3,รร09,รร
JDY001,ท่อน 1,4,ลล41,ลล
JDY001,ท่อน 1,5,รร09,รร
JDY001,ท่อน 1,6,ลฟ39,ลฟ
JDY001,ท่อน 1,7,ทท49,ทท
JDY001,ท่อน 1,8,ทท49,ทท
JDY001,ท่อน 2,9,ทร44,ทร
JDY001,ท่อน 2,10,รซ12,รซ
JDY001,ท่อน 2,11,รซ12,รซ
JDY001,ท่อน 2,12,ทซ47,ทซ
JDY001,ท่อน 2,13,ทซ47,ทซ
JDY001,ท่อน 2,14,ซล34,ซล
JDY001,ท่อน 2,15,ทท49,ทท
JDY001,ท่อน 2,16,รร09,รร
JDY001,ท่อน 2,17,รล13,รล
JDY001,ท่อน 2,18,ฟท28,ฟท
JDY001,ท่อน 2,19,ทท49,ทท
JDY001,ท่อน 2,20,ทท49,ทท
JDY001,ท่อน 3,21,ทม45,ทม
JDY001,ท่อน 3,22,ซท35,ซท
JDY001,ท่อน 3,23,ทล48,ทล
JDY001,ท่อน 3,24,ลท42,ลท
JDY001,ท่อน 3,25,ทร44,ทร
JDY001,ท่อน 3,26,ทร44,ทร
JDY001,ท่อน 3,27,ทซ47,ทซ
JDY001,ท่อน 3,28,ทซ47,ทซ
JDY001,ท่อน 4,29,ทร44,ทร
JDY001,ท่อน 4,30,รร09,รร
JDY001,ท่อน 4,31,รร09,รร
JDY001,ท่อน 4,32,ลล41,ลล
JDY001,ท่อน 4,33,ทร44,ทร
JDY001,ท่อน 4,34,มม17,มม
JDY001,ท่อน 4,35,มม17,มม
JDY001,ท่อน 4,36,มม17,มม
JDY001,ท่อน 4,37,ทท49,ทท
JDY001,ท่อน 4,38,ทท49,ทท
JDY001,ท่อน 4,39,ทท49,ทท
JDY001,ท้ายปฐม,40,ลท42,ลท
JDY001,ท้ายปฐม,41,มล20,มล
JJT001,เพลงจิ้งจกทอง ท่อน 1,1,ซร30,ซร
JJT001,เพลงจิ้งจกทอง ท่อน 1,2,ซร30,ซร
JJT001,เพลงจิ้งจกทอง ท่อน 1,3,ซท35,ซท
JJT001,เพลงจิ้งจกทอง ท่อน 1,4,ดด01,ดด
JJT001,เพลงจิ้งจกทอง ท่อน 1,5,ทด43,ทด
JJT001,เพลงจิ้งจกทอง ท่อน 1,6,ทซ47,ทซ
JJT001,เพลงจิ้งจกทอง ท่อน 1,7,ซซ33,ซซ
JJT001,เพลงจิ้งจกทอง ท่อน 2,8,ซซ33,ซซ
JJT001,เพลงจิ้งจกทอง ท่อน 2,9,ซซ33,ซซ
JJT001,เพลงจิ้งจกทอง ท่อน 2,10,ซซ33,ซซ
JJT001,เพลงจิ้งจกทอง ท่อน 2,11,ลม38,ลม
JJT001,เพลงจิ้งจกทอง ท่อน 2,12,มท21,มท
JJT001,เพลงจิ้งจกทอง ท่อน 2,13,ทซ47,ทซ
JJT001,เพลงจิ้งจกทอง ท่อน 2,14,ดซ05,ดซ
JJT001,เพลงจิ้งจกทอง ท่อน 2,15,ซซ33,ซซ
JJT001,เพลงจิ้งจกทอง ท่อน 3,16,ทท49,ทท
JJT001,เพลงจิ้งจกทอง ท่อน 3,17,ทท49,ทท
JJT001,เพลงจิ้งจกทอง ท่อน 3,18,ทท49,ทท
JJT001,เพลงจิ้งจกทอง ท่อน 3,19,ทท49,ทท
JJT001,เพลงจิ้งจกทอง ท่อน 3,20,ทท49,ทท
JJT001,เพลงจิ้งจกทอง ท่อน 3,21,ทท49,ทท
JJT001,เพลงจิ้งจกทอง ท่อน 3,22,รล13,รล
JJT001,เพลงจิ้งจกทอง ท่อน 3,23,ลร37,ลร
JJT001,เพลงจิ้งจกทอง ท่อน 3,24,รล13,รล
JJT001,เพลงจิ้งจกทอง ท่อน 3,25,ทซ47,ทซ
JJT001,เพลงจิ้งจกทอง ท่อน 3,26,ซซ33,ซซ
JJT001,เพลงตะท่าล่า ท่อน 1,27,ซล34,ซล
JJT001,เพลงตะท่าล่า ท่อน 1,28,ซร30,ซร
JJT001,เพลงตะท่าล่า ท่อน 1,29,รร09,รร
JJT001,เพลงตะท่าล่า ท่อน 2,30,ลล41,ลล
JJT001,เพลงตะท่าล่า ท่อน 2,31,รร09,รร
JJT001,เพลงตะท่าล่า ท่อน 2,32,รล13,รล
JJT001,เพลงตะท่าล่า ท่อน 2,33,ลร37,ลร
JJT001,เพลงตะท่าล่า ท่อน 2,34,รร09,รร
JJT001,เพลงตะท่าล่า ท่อน 2,35,ฟท28,ฟท
JJT001,เพลงตะท่าล่า ท่อน 2,36,ฟท28,ฟท
JJT001,เพลงตะท่าล่า ท่อน 2,37,ลด36,ลด
JJT001,เพลงตะท่าล่า ท่อน 2,38,ดซ05,ดซ
JJT001,เพลงตะท่าล่า ท่อน 2,39,ลท42,ลท
JJT001,เพลงตะท่าล่า ท่อน 2,40,ดซ05,ดซ
JJT001,เพลงตะท่าล่า ท่อน 3,41,ลด36,ลด
JJT001,เพลงตะท่าล่า ท่อน 3,42,ดร02,ดร
JJT001,เพลงตะท่าล่า ท่อน 3,43,ดร02,ดร
JJT001,เพลงตะท่าล่า ท่อน 3,44,ฟร23,ฟร
JJT001,เพลงตะท่าล่า ท่อน 3,45,ลด36,ลด
JJT001,เพลงตะท่าล่า ท่อน 3,46,ดร02,ดร
JJT001,เพลงตะท่าล่า ท่อน 3,47,ดร02,ดร
JJT001,เพลงตะท่าล่า ท่อน 3,48,มท21,มท
JJT001,เพลงตะท่าล่า ท่อน 3,49,ลด36,ลด
JJT001,เพลงตะท่าล่า ท่อน 3,50,ดซ05,ดซ
JJT001,เพลงตะท่าล่า ท่อน 3,51,ลท42,ลท
JJT001,เพลงตะท่าล่า ท่อน 3,52,ดซ05,ดซ
JJT001,เพลงตะท่าล่า ท่อน 4,53,รร09,รร
JJT001,เพลงตะท่าล่า ท่อน 4,54,รร09,รร
JJT001,เพลงตะท่าล่า ท่อน 4,55,รร09,รร
JJT001,เพลงตะท่าล่า ท่อน 4,56,รร09,รร
JJT001,เพลงตะท่าล่า ท่อน 5,57,ดท07,ดท
JJT001,เพลงตะท่าล่า ท่อน 5,58,ดท07,ดท
JJT001,เพลงตะท่าล่า ท่อน 5,59,ทร44,ทร
JJT001,เพลงตะท่าล่า ท่อน 5,60,ทร44,ทร
JJT001,เพลงตะท่าล่า ท่อน 6,61,รด08,รด
JJT001,เพลงตะท่าล่า ท่อน 6,62,รด08,รด
JJT001,เพลงตะท่าล่า ท่อน 6,63,ซฟ32,ซฟ
JJT001,เพลงตะท่าล่า ท่อน 6,64,รซ12,รซ
JJT001,เพลงตะท่าล่า ท่อน 6,65,ซฟ32,ซฟ
JJT001,เพลงตะท่าล่า ท่อน 6,66,ฟฟ25,ฟฟ
JJT001,เพลงตะท่าล่า ท่อน 6,67,ฟร23,ฟร
JJT001,เพลงตะท่าล่า ท่อน 6,68,รร09,รร
JJT001,เพลงตะท่าล่า ท่อน 6,69,ซฟ32,ซฟ
JJT001,เพลงตะท่าล่า ท่อน 6,70,รซ12,รซ
JJT001,เพลงตะท่าล่า ท่อน 6,71,ซฟ32,ซฟ
JJT001,เพลงตะท่าล่า ท่อน 6,72,ฟฟ25,ฟฟ
JJT001,เพลงตะท่าล่า ท่อน 6,73,ฟร23,ฟร
JJT001,เพลงตะท่าล่า ท่อน 6,74,รร09,รร
JJT001,เพลงท่าน้ำ ท่อน 1,75,ดซ05,ดซ
JJT001,เพลงท่าน้ำ ท่อน 1,76,ดซ05,ดซ
JJT001,เพลงท่าน้ำ ท่อน 1,77,ซร30,ซร
JJT001,เพลงท่าน้ำ ท่อน 1,78,ซร30,ซร
JJT001,เพลงท่าน้ำ ท่อน 1,79,ดซ05,ดซ
JJT001,เพลงท่าน้ำ ท่อน 1,80,ดซ05,ดซ
JJT001,เพลงท่าน้ำ ท่อน 1,81,ซร30,ซร
JJT001,เพลงท่าน้ำ ท่อน 1,82,ซร30,ซร
JJT001,เพลงท่าน้ำ ท่อน 1,83,รซ12,รซ
JJT001,เพลงท่าน้ำ ท่อน 1,84,ลร37,ลร
JJT001,เพลงท่าน้ำ ท่อน 1,85,ซล34,ซล
JJT001,เพลงท่าน้ำ ท่อน 1,86,รร09,รร
JJT001,เพลงท่าน้ำ ท่อน 1,87,มร16,มร
JJT001,เพลงท่าน้ำ ท่อน 1,88,ลล41,ลล
JJT001,เพลงท่าน้ำ ท่อน 1,89,มซ19,มซ
JJT001,เพลงท่าน้ำ ท่อน 1,90,ลล41,ลล
JJT001,เพลงท่าน้ำ ท่อน 1,91,มซ19,มซ
JJT001,เพลงท่าน้ำ ท่อน 1,92,รร09,รร
JJT001,เพลงฟองน้ำ,93,ฟซ26,ฟซ
JJT001,เพลงฟองน้ำ,94,ฟซ26,ฟซ
JJT001,เพลงฟองน้ำ,95,รร09,รร
JJT001,เพลงฟองน้ำ,96,ฟซ26,ฟซ
JJT001,เพลงฟองน้ำ,97,ฟซ26,ฟซ
JJT001,เพลงฟองน้ำ,98,ซล34,ซล
JJT001,เพลงฟองน้ำ,99,มซ19,มซ
JJT001,เพลงฟองน้ำ,100,ซล34,ซล
JJT001,เพลงฟองน้ำ,101,มซ19,มซ
JJT001,เพลงฟองน้ำ,102,ลซ40,ลซ
JJT001,เพลงฟองน้ำ,103,ลม38,ลม
JJT001,เพลงฟองน้ำ,104,ซล34,ซล
JJT001,เพลงฟองน้ำ,105,ซล34,ซล
JJT001,เพลงฟองน้ำ,106,มซ19,มซ
JJT001,เพลงฟองน้ำ,107,รร09,รร
JJT001,เพลงคลื่นกระทบฝั่ง ท่อน 1,108,ซท35,ซท
JJT001,เพลงคลื่นกระทบฝั่ง ท่อน 1,109,ทม45,ทม
JJT001,เพลงคลื่นกระทบฝั่ง ท่อน 1,110,ซร30,ซร
JJT001,เพลงคลื่นกระทบฝั่ง ท่อน 1,111,รร09,รร
JJT001,เพลงคลื่นกระทบฝั่ง ท่อน 2,112,ซร30,ซร
JJT001,เพลงคลื่นกระทบฝั่ง ท่อน 2,113,มม17,มม
JJT001,เพลงคลื่นกระทบฝั่ง ท่อน 2,114,ซร30,ซร
JJT001,เพลงคลื่นกระทบฝั่ง ท่อน 2,115,รร09,รร
JJT001,เพลงมีลม ท่อน 1,116,ซร30,ซร
JJT001,เพลงมีลม ท่อน 1,117,มม17,มม
JJT001,เพลงมีลม ท่อน 1,118,มซ19,มซ
JJT001,เพลงมีลม ท่อน 1,119,รด08,รด
JJT001,เพลงมีลม ท่อน 1,120,ดด01,ดด
JJT001,เพลงมีลม ท่อน 1,121,ดล06,ดล
JJT001,เพลงมีลม ท่อน 1,122,ลล41,ลล
JJT001,เพลงมีลม ท่อน 2,123,ฟร23,ฟร
JJT001,เพลงมีลม ท่อน 2,124,รฟ11,รฟ
JJT001,เพลงมีลม ท่อน 2,125,ซฟ32,ซฟ
JJT001,เพลงมีลม ท่อน 2,126,รร09,รร
JJT001,เพลงมีลม ท่อน 2,127,ฟล27,ฟล
JJT001,เพลงมีลม ท่อน 2,128,รร09,รร
JJT001,เพลงมีลม ท่อน 2,129,ฟล27,ฟล
JJT001,เพลงมีลม ท่อน 2,130,รร09,รร
JJT001,เพลงมีลม ท่อน 2,131,ฟฟ25,ฟฟ
JJT001,เพลงมีลม ท่อน 2,132,ซฟ32,ซฟ
JJT001,เพลงมีลม ท่อน 2,133,ฟฟ25,ฟฟ
JJT001,เพลงมีลม ท่อน 2,134,ซฟ32,ซฟ
JJT001,เพลงมีลม ท่อน 2,135,ฟด22,ฟด
JJT001,เพลงมีลม ท่อน 2,136,รด08,รด
JJT001,เพลงมีลม ท่อน 2,137,ดด01,ดด
JJT001,เพลงมีลม ท่อน 2,138,รด08,รด
JJT001,เพลงมีลม ท่อน 2,139,ดฟ04,ดฟ
JJT001,เพลงมีลม ท่อน 2,140,ซฟ32,ซฟ
JJT001,เพลงมีลม ท่อน 2,141,ฟฟ25,ฟฟ
JJT001,เพลงมีลม ท่อน 2,142,ซฟ32,ซฟ
JJT001,เพลงมีลม ท่อน 2,143,ฟซ26,ฟซ
JJT001,เพลงมีลม ท่อน 2,144,ซซ33,ซซ
JJT001,เพลงฝั่งน้ำ ท่อน 1,145,รร09,รร
JJT001,เพลงฝั่งน้ำ ท่อน 1,146,ดร02,ดร
JJT001,เพลงฝั่งน้ำ ท่อน 2,147,รล13,รล
JJT001,เพลงฝั่งน้ำ ท่อน 3,148,ทร44,ทร
JJT001,เพลงฝั่งน้ำ ท่อน 3,149,ทซ47,ทซ
JJT001,เพลงฝั่งน้ำ ท่อน 3,150,ทร44,ทร
JJT001,เพลงฝั่งน้ำ ท่อน 3,151,ทซ47,ทซ
JJT001,เพลงฝั่งน้ำ ท่อน 4,152,มซ19,มซ
JJT001,เพลงฝั่งน้ำ ท่อน 4,153,มด15,มด
JJT001,เพลงฝั่งน้ำ ท่อน 5,154,มซ19,มซ
JJT001,เพลงฝั่งน้ำ ท่อน 5,155,มด15,มด
JJT001,เพลงฝั่งน้ำ ท่อน 6,156,ดซ05,ดซ
JJT001,เพลงฝั่งน้ำ ท่อน 6,157,ดซ05,ดซ
JJT001,เพลงฝั่งน้ำ ท่อน 6,158,ดซ05,ดซ
JJT001,เพลงฝั่งน้ำ ท่อน 6,159,ดซ05,ดซ
JJT001,เพลงฝั่งน้ำ ท่อน 6,160,ลซ40,ลซ
JJT001,เพลงฝั่งน้ำ ท่อน 6,161,ลซ40,ลซ
JJT001,เพลงฝั่งน้ำ ท่อน 6,162,ซซ33,ซซ
JJT001,เพลงทะเลบ้า ท่อน 1,163,ซซ33,ซซ
JJT001,เพลงทะเลบ้า ท่อน 1,164,ซซ33,ซซ
JJT001,เพลงทะเลบ้า ท่อน 1,165,ทท49,ทท
JJT001,เพลงทะเลบ้า ท่อน 1,166,ทท49,ทท
JJT001,เพลงทะเลบ้า ท่อน 1,167,ซซ33,ซซ
JJT001,เพลงทะเลบ้า ท่อน 1,168,ซซ33,ซซ
JJT001,เพลงทะเลบ้า ท่อน 1,169,ซท35,ซท
JJT001,เพลงทะเลบ้า ท่อน 1,170,ทท49,ทท
JJT001,เพลงทะเลบ้า ท่อน 2,171,ทท49,ทท
JJT001,เพลงทะเลบ้า ท่อน 2,172,ทท49,ทท
JJT001,เพลงทะเลบ้า ท่อน 2,173,ทท49,ทท
JJT001,เพลงทะเลบ้า ท่อน 2,174,ทท49,ทท
JJT001,เพลงทะเลบ้า ท่อน 2,175,ทท49,ทท
JJT001,เพลงทะเลบ้า ท่อน 2,176,ทท49,ทท
JJT001,เพลงทะเลบ้า ท่อน 2,177,ทท49,ทท
JJT001,เพลงทะเลบ้า ท่อน 2,178,ทท49,ทท
JJT001,เพลงลอยถาด ท่อน 1,179,ซซ33,ซซ
JJT001,เพลงลอยถาด ท่อน 1,180,ลล41,ลล
JJT001,เพลงลอยถาด ท่อน 1,181,ลล41,ลล
JJT001,เพลงลอยถาด ท่อน 2,182,ลล41,ลล
JJT001,เพลงลอยถาด ท่อน 2,183,ลล41,ลล
JJT001,เพลงลอยถาด ท่อน 2,184,ลล41,ลล
JJT001,เพลงลอยถาด ท่อน 3,185,รร09,รร
JJT001,เพลงลอยถาด ท่อน 3,186,รร09,รร
JJT001,เพลงพระยาพายเรือ ท่อน 1,187,รร09,รร
JJT001,เพลงพระยาพายเรือ ท่อน 1,188,รร09,รร
JJT001,เพลงพระยาพายเรือ ท่อน 1,189,ดร02,ดร
JJT001,เพลงพระยาพายเรือ ท่อน 1,190,รร09,รร
JJT001,เพลงพระยาพายเรือ ท่อน 1,191,รร09,รร
JJT001,เพลงพระยาพายเรือ ท่อน 1,192,รร09,รร
JJT001,เพลงพระยาพายเรือ ท่อน 1,193,ลท42,ลท
JJT001,เพลงพระยาพายเรือ ท่อน 1,194,รร09,รร
JJT001,เพลงพระยาพายเรือ ท่อน 1,195,รร09,รร
JJT001,เพลงพระยาพายเรือ ท่อน 2,196,ลล41,ลล
JJT001,เพลงพระยาพายเรือ ท่อน 2,197,ลร37,ลร
JJT001,เพลงพระยาพายเรือ ท่อน 2,198,ซซ33,ซซ
JJT001,เพลงพระยาพายเรือ ท่อน 2,199,รร09,รร
JJT001,เพลงพระยาพายเรือ ท่อน 2,200,รร09,รร
JJT001,เพลงพระยาพายเรือ ท่อน 3,201,รร09,รร
JJT001,เพลงพระยาพายเรือ ท่อน 3,202,ซร30,ซร
JJT001,เพลงพระยาพายเรือ ท่อน 3,203,รซ12,รซ
JJT001,เพลงพระยาพายเรือ ท่อน 3,204,ซท35,ซท
JJT001,เพลงพระยาพายเรือ ท่อน 3,205,ทล48,ทล
JJT001,เพลงพระยาพายเรือ ท่อน 3,206,ทท49,ทท
JJT001,เพลงพระยาพายเรือ ท่อน 3,207,ทล48,ทล
JJT001,เพลงพระยาพายเรือ ท่อน 3,208,ทท49,ทท
JJT001,เพลงพระยาพายเรือ ท่อน 3,209,ทร44,ทร
JJT001,เพลงพระยาพายเรือ ท่อน 3,210,รร09,รร
JJT001,เพลงพระยาพายเรือ ท่อน 3,211,ซร30,ซร
JJT001,เพลงพระยาพายเรือ ท่อน 3,212,รซ12,รซ
JJT001,เพลงพระยาพายเรือ ท่อน 3,213,ซท35,ซท
JJT001,เพลงพระยาพายเรือ ท่อน 3,214,ทล48,ทล
JJT001,เพลงพระยาพายเรือ ท่อน 3,215,ทท49,ทท
JJT001,เพลงพระยาพายเรือ ท่อน 3,216,ทล48,ทล
JJT001,เพลงพระยาพายเรือ ท่อน 3,217,ทท49,ทท
JJT001,เพลงพระยาพายเรือ ท่อน 3,218,ทร44,ทร
JJT001,เพลงพระยาพายเรือ ท่อน 3,219,รร09,รร
JJT001,เพลงพระยาพายเรือ ท่อน 4,220,ซม31,ซม
JJT001,เพลงพระยาพายเรือ ท่อน 4,221,มซ19,มซ
JJT001,เพลงพระยาพายเรือ ท่อน 4,222,มม17,มม
JJT001,เพลงพระยาพายเรือ ท่อน 4,223,ลร37,ลร
JJT001,เพลงพระยาพายเรือ ท่อน 4,224,มล20,มล
JJT001,เพลงพระยาพายเรือ ท่อน 4,225,ลร37,ลร
JJT001,เพลงพระยาพายเรือ ท่อน 4,226,มล20,มล
JJT001,เพลงพระยาพายเรือ ท่อน 4,227,ซร30,ซร
JJT001,เพลงพระยาพายเรือ ท่อน 4,228,ซร30,ซร
JJT001,เพลงพระยาพายเรือ ท่อน 4,229,รร09,รร
JJT001,เพลงพระยาพายเรือ ท่อน 4,230,ดร02,ดร
JJT001,เพลงพระยาพายเรือ ท่อน 4,231,มร16,มร
JJT001,เพลงพระยาพายเรือ ท่อน 4,232,ดร02,ดร
JJT001,เพลงพระยาพายเรือ ท่อน 4,233,มซ19,มซ
JJT001,เพลงพระยาพายเรือ ท่อน 4,234,ซล34,ซล
JJT001,เพลงพระยาพายเรือ ท่อน 4,235,ลล41,ลล
JJT001,เพลงพระยาพายเรือ ท่อน 4,236,ซซ33,ซซ
JJT001,11. เพลงแขกมะตีมูว (แขกมัดตีนหมู) ท่อน 1,237,รซ12,รซ
JJT001,11. เพลงแขกมะตีมูว (แขกมัดตีนหมู) ท่อน 1,238,รซ12,รซ
JJT001,11. เพลงแขกมะตีมูว (แขกมัดตีนหมู) ท่อน 1,239,มม17,มม
JJT001,11. เพลงแขกมะตีมูว (แขกมัดตีนหมู) ท่อน 1,240,มด15,มด
JJT001,11. เพลงแขกมะตีมูว (แขกมัดตีนหมู) ท่อน 1,241,ดซ05,ดซ
JJT001,11. เพลงแขกมะตีมูว (แขกมัดตีนหมู) ท่อน 1,242,ซซ33,ซซ
JJT001,11. เพลงแขกมะตีมูว (แขกมัดตีนหมู) ท่อน 1,243,ซซ33,ซซ
JJT001,11. เพลงแขกมะตีมูว (แขกมัดตีนหมู) ท่อน 2,244,มท21,มท
JJT001,11. เพลงแขกมะตีมูว (แขกมัดตีนหมู) ท่อน 2,245,มท21,มท
JJT001,11. เพลงแขกมะตีมูว (แขกมัดตีนหมู) ท่อน 2,246,ซท35,ซท
JJT001,11. เพลงแขกมะตีมูว (แขกมัดตีนหมู) ท่อน 2,247,ซล34,ซล
JJT001,11. เพลงแขกมะตีมูว (แขกมัดตีนหมู) ท่อน 2,248,ซล34,ซล
JJT001,11. เพลงแขกมะตีมูว (แขกมัดตีนหมู) ท่อน 2,249,ซซ33,ซซ
JJT001,11. เพลงแขกมะตีมูว (แขกมัดตีนหมู) ท่อน 2,250,ซซ33,ซซ
JJT001,11. เพลงแขกมะตีมูว (แขกมัดตีนหมู) ท่อน 3,251,ซด29,ซด
JJT001,11. เพลงแขกมะตีมูว (แขกมัดตีนหมู) ท่อน 3,252,ดซ05,ดซ
JJT001,11. เพลงแขกมะตีมูว (แขกมัดตีนหมู) ท่อน 3,253,ซซ33,ซซ
JJT001,11. เพลงแขกมะตีมูว (แขกมัดตีนหมู) ท่อน 4,254,ซซ33,ซซ
JJT001,11. เพลงแขกมะตีมูว (แขกมัดตีนหมู) ท่อน 4,255,ลล41,ลล
JJT001,11. เพลงแขกมะตีมูว (แขกมัดตีนหมู) ท่อน 4,256,ดล06,ดล
JJT001,11. เพลงแขกมะตีมูว (แขกมัดตีนหมู) ท่อน 4,257,ดร02,ดร
JJT001,11. เพลงแขกมะตีมูว (แขกมัดตีนหมู) ท่อน 4,258,มม17,มม
JJT001,11. เพลงแขกมะตีมูว (แขกมัดตีนหมู) ท่อน 4,259,ลล41,ลล
JJT001,11. เพลงแขกมะตีมูว (แขกมัดตีนหมู) ท่อน 4,260,ดล06,ดล
JJT001,11. เพลงแขกมะตีมูว (แขกมัดตีนหมู) ท่อน 4,261,รร09,รร
JJT001,11. เพลงแขกมะตีมูว (แขกมัดตีนหมู) ท่อน 4,262,ซซ33,ซซ
JJT001,11. เพลงแขกมะตีมูว (แขกมัดตีนหมู) ท่อน 4,263,ซซ33,ซซ
JJT001,11. เพลงแขกมะตีมูว (แขกมัดตีนหมู) ท่อน 4,264,ซซ33,ซซ
JJT001,11. เพลงแขกมะตีมูว (แขกมัดตีนหมู) ท่อน 4,265,ซซ33,ซซ
JJT001,11. เพลงแขกมะตีมูว (แขกมัดตีนหมู) ท่อน 4,266,ซซ33,ซซ
JJT001,11. เพลงแขกมะตีมูว (แขกมัดตีนหมู) ท่อน 5,267,ซซ33,ซซ
JJT001,11. เพลงแขกมะตีมูว (แขกมัดตีนหมู) ท่อน 5,268,ซซ33,ซซ
JJT001,11. เพลงแขกมะตีมูว (แขกมัดตีนหมู) ท่อน 5,269,ซซ33,ซซ
JJT001,11. เพลงแขกมะตีมูว (แขกมัดตีนหมู) ท่อน 5,270,ดด01,ดด
JJT001,11. เพลงแขกมะตีมูว (แขกมัดตีนหมู) ท่อน 5,271,ทท49,ทท
JJT001,11. เพลงแขกมะตีมูว (แขกมัดตีนหมู) ท่อน 5,272,ทท49,ทท
JJT001,11. เพลงแขกมะตีมูว (แขกมัดตีนหมู) ท่อน 5,273,ทท49,ทท
JJT001,11. เพลงแขกมะตีมูว (แขกมัดตีนหมู) ท่อน 5,274,ทซ47,ทซ
JJT001,11. เพลงแขกมะตีมูว (แขกมัดตีนหมู) ท่อน 5,275,ซท35,ซท
JJT001,11. เพลงแขกมะตีมูว (แขกมัดตีนหมู) ท่อน 5,276,ซท35,ซท
JJT001,11. เพลงแขกมะตีมูว (แขกมัดตีนหมู) ท่อน 5,277,ซซ33,ซซ
JJT001,11. เพลงแขกมะตีมูว (แขกมัดตีนหมู) ท่อน 5,278,ซซ33,ซซ
JJT001,12. เพลงนกกิ้งโครง ท่อน 1,279,ซซ33,ซซ
JJT001,12. เพลงนกกิ้งโครง ท่อน 1,280,ซซ33,ซซ
JJT001,12. เพลงนกกิ้งโครง ท่อน 1,281,ซซ33,ซซ
JJT001,12. เพลงนกกิ้งโครง ท่อน 1,282,ซซ33,ซซ
JJT001,12. เพลงนกกิ้งโครง ท่อน 1,283,ดด01,ดด
JJT001,12. เพลงนกกิ้งโครง ท่อน 1,284,ดด01,ดด
JJT001,12. เพลงนกกิ้งโครง ท่อน 1,285,ดด01,ดด
JJT001,12. เพลงนกกิ้งโครง ท่อน 1,286,ดด01,ดด
JJT001,12. เพลงนกกิ้งโครง ท่อน 1,287,ดซ05,ดซ
JJT001,12. เพลงนกกิ้งโครง ท่อน 1,288,ดซ05,ดซ
JJT001,12. เพลงนกกิ้งโครง ท่อน 2,289,ซซ33,ซซ
JJT001,12. เพลงนกกิ้งโครง ท่อน 2,290,ซซ33,ซซ
JJT001,12. เพลงนกกิ้งโครง ท่อน 2,291,ทซ47,ทซ
JJT001,12. เพลงนกกิ้งโครง ท่อน 2,292,ทซ47,ทซ
JJT001,12. เพลงนกกิ้งโครง ท่อน 2,293,ฟซ26,ฟซ
JJT001,12. เพลงนกกิ้งโครง ท่อน 2,294,ฟซ26,ฟซ
JJT001,12. เพลงนกกิ้งโครง ท่อน 2,295,ฟซ26,ฟซ
JJT001,12. เพลงนกกิ้งโครง ท่อน 2,296,ฟซ26,ฟซ
JJT001,12. เพลงนกกิ้งโครง ท่อน 2,297,ดร02,ดร
JJT001,12. เพลงนกกิ้งโครง ท่อน 2,298,ดร02,ดร
JJT001,12. เพลงนกกิ้งโครง ท่อน 2,299,ดซ05,ดซ
JJT001,12. เพลงนกกิ้งโครง ท่อน 2,300,ดซ05,ดซ
JNS001,เพลงช้า ท่อน 1 (จีนแส),1,รร09,รร
JNS001,เพลงช้า ท่อน 1 (จีนแส),2,ซซ33,ซซ
JNS001,เพลงช้า ท่อน 1 (จีนแส),3,ลล41,ลล
JNS001,เพลงช้า ท่อน 1 (จีนแส),4,รร09,รร
JNS001,เพลงช้า ท่อน 2 (จีนแส),5,ทซ47,ทซ
JNS001,เพลงช้า ท่อน 2 (จีนแส),6,ทม45,ทม
JNS001,เพลงช้า ท่อน 2 (จีนแส),7,ทม45,ทม
JNS001,เพลงช้า ท่อน 2 (จีนแส),8,ทซ47,ทซ
JNS001,เพลงช้า ท่อน 3,9,ทซ47,ทซ
JNS001,เพลงช้า ท่อน 3,10,ทซ47,ทซ
JNS001,เพลงช้า ท่อน 3,11,มซ19,มซ
JNS001,เพลงช้า ท่อน 3,12,มซ19,มซ
JNS001,เพลงช้า ท่อน 3,13,มซ19,มซ
JNS001,เพลงช้า ท่อน 3,14,มซ19,มซ
JNS001,เพลงช้า ท่อน 3,15,รม10,รม
JNS001,เพลงช้า ท่อน 3,16,ซซ33,ซซ
JNS001,เพลงช้า ท่อน 3,17,ลล41,ลล
JNS001,เพลงช้า ท่อน 3,18,รร09,รร
JNS001,เพลงช้า ท่อน 4,19,มซ19,มซ
JNS001,เพลงช้า ท่อน 4,20,มม17,มม
JNS001,เพลงช้า ท่อน 4,21,ทซ47,ทซ
JNS001,เพลงช้า ท่อน 4,22,ซม31,ซม
JNS001,เพลงช้า ท่อน 4,23,ซซ33,ซซ
JNS001,เพลงช้า ท่อน 4,24,ทม45,ทม
JNS001,เพลงช้า ท่อน 4,25,ทซ47,ทซ
JNS001,เพลงช้า ท่อน 4,26,ซม31,ซม
JNS001,เพลงช้า ท่อน 4,27,ซซ33,ซซ
JNS001,เพลงช้า ท่อน 5,28,มร16,มร
JNS001,เพลงช้า ท่อน 5,29,มท21,มท
JNS001,เพลงช้า ท่อน 5,30,ลท42,ลท
JNS001,เพลงช้า ท่อน 5,31,มม17,มม
JNS001,เพลงช้า ท่อน 5,32,ทซ47,ทซ
JNS001,เพลงช้า ท่อน 5,33,ซม31,ซม
JNS001,เพลงช้า ท่อน 5,34,ซซ33,ซซ
JNS001,สองไม้ ท่อน 1 (อาหนู),35,มท21,มท
JNS001,สองไม้ ท่อน 1 (อาหนู),36,มท21,มท
JNS001,สองไม้ ท่อน 1 (อาหนู),37,รล13,รล
JNS001,สองไม้ ท่อน 1 (อาหนู),38,รล13,รล
JNS001,สองไม้ ท่อน 1 (อาหนู),39,มซ19,มซ
JNS001,สองไม้ ท่อน 1 (อาหนู),40,มซ19,มซ
JNS001,สองไม้ ท่อน 2 (อาหนู),41,ซซ33,ซซ
JNS001,สองไม้ ท่อน 2 (อาหนู),42,ซซ33,ซซ
JNS001,สองไม้ ท่อน 2 (อาหนู),43,ทท49,ทท
JNS001,สองไม้ ท่อน 2 (อาหนู),44,มซ19,มซ
JNS001,สองไม้ ท่อน 2 (อาหนู),45,มซ19,มซ
JNS001,เพลงเร็ว ท่อน 1,46,ลล41,ลล
JNS001,เพลงเร็ว ท่อน 1,47,มร16,มร
JNS001,เพลงเร็ว ท่อน 1,48,ซล34,ซล
JNS001,เพลงเร็ว ท่อน 1,49,ลม38,ลม
JNS001,เพลงเร็ว ท่อน 1,50,รซ12,รซ
JNS001,เพลงเร็ว ท่อน 1,51,ซซ33,ซซ
JNS001,เพลงเร็ว ท่อน 1,52,ซร30,ซร
JNS001,เพลงเร็ว ท่อน 1,53,รท14,รท
JNS001,เพลงเร็ว ท่อน 1,54,รท14,รท
JNS001,เพลงเร็ว ท่อน 2,55,ทม45,ทม
JNS001,เพลงเร็ว ท่อน 2,56,รล13,รล
JNS001,เพลงเร็ว ท่อน 2,57,ซท35,ซท
JNS001,เพลงเร็ว ท่อน 2,58,ทซ47,ทซ
JNS001,เพลงเร็ว ท่อน 2,59,มม17,มม
JNS001,เพลงเร็ว ท่อน 3,60,รร09,รร
JNS001,เพลงเร็ว ท่อน 3,61,ซร30,ซร
JNS001,เพลงเร็ว ท่อน 3,62,รซ12,รซ
JNS001,เพลงเร็ว ท่อน 3,63,มล20,มล
JNS001,เพลงเร็ว ท่อน 3,64,ซม31,ซม
JNS001,เพลงเร็ว ท่อน 3,65,ลซ40,ลซ
JNS001,สร้อย,66,รร09,รร
JNS001,สร้อย,67,ซร30,ซร
JNS001,สร้อย,68,รล13,รล
JNS001,สร้อย,69,ลล41,ลล
JNS001,สร้อย,70,รร09,รร
JNS001,สร้อย,71,ซร30,ซร
JNS001,สร้อย,72,รล13,รล
JNS001,สร้อย,73,ลล41,ลล
JNS001,ท่อน 4,74,ลล41,ลล
JNS001,ท่อน 4,75,ลล41,ลล
JNS001,ท่อน 4,76,ลล41,ลล
JNS001,ท่อน 4,77,ซซ33,ซซ
JNS001,เพลงลา,78,มล20,มล
JNS001,เพลงลา,79,ทท49,ทท
JNS001,เพลงลา,80,ลม38,ลม
JNS001,เพลงลา,81,มซ19,มซ
KDD001,เพลงช้า ท่อน 1 (ขอมดำดิน),1,มท21,มท
KDD001,เพลงช้า ท่อน 1 (ขอมดำดิน),2,ลร37,ลร
KDD001,เพลงช้า ท่อน 1 (ขอมดำดิน),3,รร09,รร
KDD001,เพลงช้า ท่อน 1 (ขอมดำดิน),4,ทซ47,ทซ
KDD001,เพลงช้า ท่อน 1 (ขอมดำดิน),5,ลซ40,ลซ
KDD001,เพลงช้า ท่อน 1 (ขอมดำดิน),6,มท21,มท
KDD001,เพลงช้า ท่อน 1 (ขอมดำดิน),7,ลร37,ลร
KDD001,เพลงช้า ท่อน 1 (ขอมดำดิน),8,รร09,รร
KDD001,เพลงช้า ท่อน 1 (ขอมดำดิน),9,ทซ47,ทซ
KDD001,เพลงช้า ท่อน 2 (เสภาใน),10,ลล41,ลล
KDD001,เพลงช้า ท่อน 2 (เสภาใน),11,ซม31,ซม
KDD001,เพลงช้า ท่อน 2 (เสภาใน),12,มม17,มม
KDD001,เพลงช้า ท่อน 2 (เสภาใน),13,มม17,มม
KDD001,เพลงช้า ท่อน 2 (เสภาใน),14,รล13,รล
KDD001,เพลงช้า ท่อน 2 (เสภาใน),15,มล20,มล
KDD001,เพลงช้า ท่อน 2 (เสภาใน),16,มล20,มล
KDD001,เพลงช้า ท่อน 2 (เสภาใน),17,มซ19,มซ
KDD001,เพลงช้า ท่อน 3 (เสภากลาง),18,มล20,มล
KDD001,เพลงช้า ท่อน 3 (เสภากลาง),19,มร16,มร
KDD001,เพลงช้า ท่อน 3 (เสภากลาง),20,รล13,รล
KDD001,เพลงช้า ท่อน 3 (เสภากลาง),21,มร16,มร
KDD001,เพลงช้า ท่อน 3 (เสภากลาง),22,ดม03,ดม
KDD001,เพลงช้า ท่อน 3 (เสภากลาง),23,ซซ33,ซซ
KDD001,เพลงช้า ท่อน 3 (เสภากลาง),24,ลด36,ลด
KDD001,เพลงช้า ท่อน 3 (เสภากลาง),25,รด08,รด
KDD001,เพลงช้า ท่อน 4 (เสภานอก),26,ลซ40,ลซ
KDD001,เพลงช้า ท่อน 4 (เสภานอก),27,ดล06,ดล
KDD001,เพลงช้า ท่อน 4 (เสภานอก),28,ซม31,ซม
KDD001,เพลงช้า ท่อน 4 (เสภานอก),29,ลม38,ลม
KDD001,เพลงช้า ท่อน 4 (เสภานอก),30,มม17,มม
KDD001,เพลงช้า ท่อน 4 (เสภานอก),31,รล13,รล
KDD001,เพลงช้า ท่อน 4 (เสภานอก),32,มด15,มด
KDD001,เพลงช้า ท่อน 4 (เสภานอก),33,มซ19,มซ
KDD001,สองไม้ ท่อน 1 (เถรลอยชาย),34,มล20,มล
KDD001,สองไม้ ท่อน 1 (เถรลอยชาย),35,ฟร23,ฟร
KDD001,สองไม้ ท่อน 1 (เถรลอยชาย),36,มล20,มล
KDD001,สองไม้ ท่อน 1 (เถรลอยชาย),37,ฟร23,ฟร
KDD001,สองไม้ ท่อน 1 (เถรลอยชาย),38,ทม45,ทม
KDD001,สองไม้ ท่อน 1 (เถรลอยชาย),39,ฟร23,ฟร
KDD001,สองไม้ ท่อน 1 (เถรลอยชาย),40,ทม45,ทม
KDD001,สองไม้ ท่อน 1 (เถรลอยชาย),41,ฟร23,ฟร
KDD001,สองไม้ ท่อน 2 (เถรลอยชาย),42,รล13,รล
KDD001,สองไม้ ท่อน 2 (เถรลอยชาย),43,มซ19,มซ
KDD001,สองไม้ ท่อน 2 (เถรลอยชาย),44,ลล41,ลล
KDD001,สองไม้ ท่อน 2 (เถรลอยชาย),45,มซ19,มซ
KDD001,สองไม้ ท่อน 2 (เถรลอยชาย),46,ลม38,ลม
KDD001,สองไม้ ท่อน 2 (เถรลอยชาย),47,ทร44,ทร
KDD001,สองไม้ ท่อน 3 (เถรลอยชาย),48,ทร44,ทร
KDD001,สองไม้ ท่อน 3 (เถรลอยชาย),49,ทร44,ทร
KDD001,สองไม้ ท่อน 3 (เถรลอยชาย),50,ทร44,ทร
KDD001,สองไม้ ท่อน 3 (เถรลอยชาย),51,ทร44,ทร
KDD001,สองไม้ ท่อน 3 (เถรลอยชาย),52,ทล48,ทล
KDD001,สองไม้ ท่อน 3 (เถรลอยชาย),53,ลซ40,ลซ
KDD001,สองไม้ ท่อน 3 (เถรลอยชาย),54,ทล48,ทล
KDD001,สองไม้ ท่อน 3 (เถรลอยชาย),55,ลซ40,ลซ
KDD001,สองไม้ ท่อน 4 (เถรลอยชาย),56,ซล34,ซล
KDD001,สองไม้ ท่อน 4 (เถรลอยชาย),57,มซ19,มซ
KDD001,สองไม้ ท่อน 4 (เถรลอยชาย),58,ซล34,ซล
KDD001,สองไม้ ท่อน 4 (เถรลอยชาย),59,มซ19,มซ
KDD001,สองไม้ ท่อน 4 (เถรลอยชาย),60,ซซ33,ซซ
KDD001,สองไม้ ท่อน 4 (เถรลอยชาย),61,ลล41,ลล
KDD001,สองไม้ ท่อน 4 (เถรลอยชาย),62,มซ19,มซ
KDD001,สองไม้ ท่อน 4 (เถรลอยชาย),63,ซซ33,ซซ
KDD001,สองไม้ ท่อน 4 (เถรลอยชาย),64,ลล41,ลล
KDD001,สองไม้ ท่อน 4 (เถรลอยชาย),65,มซ19,มซ
KDD001,เพลงเร็ว ท่อน 1 (เถรลอยชาย),66,ลร37,ลร
KDD001,เพลงเร็ว ท่อน 1 (เถรลอยชาย),67,ลร37,ลร
KDD001,เพลงเร็ว ท่อน 1 (เถรลอยชาย),68,มร16,มร
KDD001,เพลงเร็ว ท่อน 1 (เถรลอยชาย),69,มร16,มร
KDD001,เพลงเร็ว ท่อน 2 (เถรลอยชาย),70,ลซ40,ลซ
KDD001,เพลงเร็ว ท่อน 2 (เถรลอยชาย),71,ลซ40,ลซ
KDD001,เพลงเร็ว ท่อน 2 (เถรลอยชาย),72,มร16,มร
KDD001,เพลงเร็ว ท่อน 2 (เถรลอยชาย),73,ลซ40,ลซ
KDD001,เพลงเร็ว ท่อน 2 (เถรลอยชาย),74,ลซ40,ลซ
KDD001,เพลงเร็ว ท่อน 2 (เถรลอยชาย),75,มร16,มร
KDD001,เพลงเร็ว ท่อน 3 (เถรลอยชาย),76,รร09,รร
KDD001,เพลงเร็ว ท่อน 3 (เถรลอยชาย),77,รร09,รร
KDD001,เพลงเร็ว ท่อน 3 (เถรลอยชาย),78,ลซ40,ลซ
KDD001,เพลงเร็ว ท่อน 3 (เถรลอยชาย),79,ลซ40,ลซ
KDD001,เพลงเร็ว ท่อน 4 (เถรลอยชาย),80,ลซ40,ลซ
KDD001,เพลงเร็ว ท่อน 4 (เถรลอยชาย),81,ลซ40,ลซ
KDD001,เพลงเร็ว ท่อน 4 (เถรลอยชาย),82,ซล34,ซล
KDD001,เพลงเร็ว ท่อน 4 (เถรลอยชาย),83,ซซ33,ซซ
KDD001,เพลงเร็ว ท่อน 4 (เถรลอยชาย),84,ลซ40,ลซ
KDD001,เพลงเร็ว ท่อน 5 (เพลงเร็วระบำดอกบัวไทย),85,ทท49,ทท
KDD001,เพลงเร็ว ท่อน 5 (เพลงเร็วระบำดอกบัวไทย),86,ลร37,ลร
KDD001,เพลงเร็ว ท่อน 5 (เพลงเร็วระบำดอกบัวไทย),87,ทล48,ทล
KDD001,เพลงเร็ว ท่อน 5 (เพลงเร็วระบำดอกบัวไทย),88,ลซ40,ลซ
KDD001,เพลงเร็ว ท่อน 6 (ใบ้คลั่ง),89,ทท49,ทท
KDD001,เพลงเร็ว ท่อน 6 (ใบ้คลั่ง),90,รร09,รร
KDD001,เพลงเร็ว ท่อน 6 (ใบ้คลั่ง),91,รซ12,รซ
KDD001,เพลงเร็ว ท่อน 6 (ใบ้คลั่ง),92,ซซ33,ซซ
KDD001,เพลงเร็ว ท่อน 7 (ใบ้คลั่ง),93,รซ12,รซ
KDD001,เพลงเร็ว ท่อน 8 (ใบ้คลั่ง),94,ทซ47,ทซ
KDD001,เพลงเร็ว ท่อน 8 (ใบ้คลั่ง),95,ลซ40,ลซ
KDD001,เพลงเร็ว ท่อน 9 (ใบ้คลั่ง),96,ทซ47,ทซ
KDD001,เพลงลา,97,มล20,มล
KDD001,เพลงลา,98,ทท49,ทท
KDD001,เพลงลา,99,ลม38,ลม
KDD001,เพลงลา,100,มซ19,มซ
KLM001,เสียงที่ 1,1,ทท49,ทท
KLM001,เสียงที่ 1,2,ทท49,ทท
KLM001,เสียงที่ 1,3,ทท49,ทท
KLM001,เสียงที่ 1,4,ฟท28,ฟท
KLM001,เสียงที่ 1,5,ฟท28,ฟท
KLM001,เสียงที่ 1,6,ทท49,ทท
KLM001,เสียงที่ 1,7,ฟฟ25,ฟฟ
KLM001,เสียงที่ 1,8,ลม38,ลม
KLM001,เสียงที่ 1,9,รม10,รม
KLM001,เสียงที่ 1,10,รท14,รท
KLM001,เสียงที่ 1,11,รม10,รม
KLM001,เสียงที่ 1,12,รม10,รม
KLM001,เสียงที่ 1,13,มม17,มม
KLM001,เสียงที่ 1,14,มม17,มม
KLM001,เสียงที่ 1,15,ทท49,ทท
KLM001,เสียงที่ 1,16,ทฟ46,ทฟ
KLM001,เสียงที่ 1,17,ฟล27,ฟล
KLM001,เสียงที่ 1,18,มร16,มร
KLM001,เสียงที่ 1,19,มร16,มร
KLM001,เสียงที่ 1,20,ทร44,ทร
KLM001,เสียงที่ 1,21,มร16,มร
KLM001,เสียงที่ 1,22,มม17,มม
KLM001,เสียงที่ 1,23,มม17,มม
KLM001,เสียงที่ 2,24,มม17,มม
KLM001,เสียงที่ 2,25,มท21,มท
KLM001,เสียงที่ 2,26,ทร44,ทร
KLM001,เสียงที่ 2,27,ลซ40,ลซ
KLM001,เสียงที่ 2,28,ลซ40,ลซ
KLM001,เสียงที่ 2,29,มซ19,มซ
KLM001,เสียงที่ 2,30,ลซ40,ลซ
KLM001,เสียงที่ 2,31,ลล41,ลล
KLM001,เสียงที่ 2,32,ลล41,ลล
KLM001,เสียงที่ 3,33,ลล41,ลล
KLM001,เสียงที่ 3,34,ลม38,ลม
KLM001,เสียงที่ 3,35,มซ19,มซ
KLM001,เสียงที่ 3,36,รด08,รด
KLM001,เสียงที่ 3,37,รด08,รด
KLM001,เสียงที่ 3,38,ลด36,ลด
KLM001,เสียงที่ 3,39,รด08,รด
KLM001,เสียงที่ 3,40,รร09,รร
KLM001,เสียงที่ 3,41,รร09,รร
KLM001,เสียงที่ 4,42,ทท49,ทท
KLM001,เสียงที่ 4,43,ลท42,ลท
KLM001,เสียงที่ 4,44,ทล48,ทล
KLM001,เสียงที่ 4,45,ทท49,ทท
KLM001,เสียงที่ 4,46,ฟฟ25,ฟฟ
KLM001,เสียงที่ 4,47,ลม38,ลม
KLM001,เสียงที่ 4,48,รม10,รม
KLM001,เสียงที่ 4,49,รท14,รท
KLM001,เสียงที่ 4,50,รม10,รม
KLM001,เสียงที่ 4,51,รม10,รม
KLM001,เสียงที่ 4,52,มม17,มม
KLM001,เสียงที่ 4,53,มม17,มม
KMN001,ต้นเข้าม่าน,1,ซม31,ซม
KMN001,ต้นเข้าม่าน,2,ลท42,ลท
KMN001,ต้นเข้าม่าน,3,มซ19,มซ
KMN001,ต้นเข้าม่าน,4,ซซ33,ซซ
KMN001,เข้าม่าน,5,ซซ33,ซซ
KMN001,เข้าม่าน,6,ซซ33,ซซ
KMN001,เข้าม่าน,7,ซท35,ซท
KMN001,เข้าม่าน,8,ทท49,ทท
KMN001,เข้าม่าน,9,ทท49,ทท
KMN001,เข้าม่าน,10,ทท49,ทท
KMN001,เข้าม่าน,11,ทท49,ทท
KMN001,เข้าม่าน,12,ฟล27,ฟล
KMN001,เข้าม่าน,13,ฟท28,ฟท
KMN001,เข้าม่าน,14,ฟล27,ฟล
KMN001,เข้าม่าน,15,ฟร23,ฟร
KMN001,เข้าม่าน,16,ทฟ46,ทฟ
KMN001,เข้าม่าน,17,ลฟ39,ลฟ
KMN001,เข้าม่าน,18,ลล41,ลล
KMN001,เข้าม่าน,19,ฟร23,ฟร
KMN001,เข้าม่าน,20,ทฟ46,ทฟ
KMN001,เข้าม่าน,21,ลด36,ลด
KMN001,เข้าม่าน,22,ลล41,ลล
KMN001,เข้าม่าน,23,ดด01,ดด
KMN001,เข้าม่าน,24,ดด01,ดด
KMN001,เข้าม่าน,25,ดล06,ดล
KMN001,เข้าม่าน,26,ลด36,ลด
KMN001,เข้าม่าน,27,ดด01,ดด
KMN001,เข้าม่าน,28,ดด01,ดด
KMN001,เข้าม่าน,29,ลล41,ลล
KMN001,เข้าม่าน,30,รร09,รร
KMN001,เข้าม่าน,31,รม10,รม
KMN001,เข้าม่าน,32,ทท49,ทท
KMN001,เข้าม่าน,33,ลซ40,ลซ
KMN001,เข้าม่าน,34,มล20,มล
KMN001,เข้าม่าน,35,มซ19,มซ
KMN001,เข้าม่าน,36,มร16,มร
KMN001,เข้าม่าน,37,ทม45,ทม
KMN001,เข้าม่าน,38,ซม31,ซม
KMN001,เข้าม่าน,39,ซซ33,ซซ
KMN001,เข้าม่าน,40,มร16,มร
KMN001,เข้าม่าน,41,ทม45,ทม
KMN001,เข้าม่าน,42,ซท35,ซท
KMN001,เข้าม่าน,43,ซซ33,ซซ
KMN001,เข้าม่าน,44,ทท49,ทท
KMN001,เข้าม่าน,45,ทท49,ทท
KMN001,เข้าม่าน,46,ทซ47,ทซ
KMN001,เข้าม่าน,47,ซท35,ซท
KMN001,เข้าม่าน,48,ทท49,ทท
KMN001,เข้าม่าน,49,ทท49,ทท
KMN001,เข้าม่าน,50,ซซ33,ซซ
KMN001,เข้าม่าน,51,รร09,รร
KMN001,เข้าม่าน,52,รม10,รม
KMN001,เข้าม่าน,53,ทท49,ทท
KMN001,เข้าม่าน,54,ลซ40,ลซ
KMN001,เข้าม่าน,55,มล20,มล
KMN001,เข้าม่าน,56,มซ19,มซ
KNK001,-,1,มม17,มม
KNK001,-,2,มม17,มม
KNK001,-,3,มม17,มม
KNK001,-,4,มม17,มม
KNK001,-,5,มม17,มม
KNK001,-,6,มม17,มม
KNK001,-,7,มม17,มม
KNK001,-,8,มม17,มม
KNK001,-,9,มม17,มม
KNK001,-,10,ลม38,ลม
KNK001,-,11,ลล41,ลล
KNK001,-,12,มล20,มล
KNK001,-,13,มล20,มล
KNK001,-,14,ลม38,ลม
KNK001,-,15,ลม38,ลม
KNK001,-,16,ลล41,ลล
KNK001,-,17,มล20,มล
KNK001,-,18,มท21,มท
KNK001,-,19,ลม38,ลม
KNK001,-,20,ทล48,ทล
KNK001,-,21,มซ19,มซ
KNK001,-,22,ลร37,ลร
KNK001,-,23,ซล34,ซล
KNK001,-,24,รม10,รม
KNK001,-,25,รม10,รม
KNK001,-,26,รร09,รร
KNK001,-,27,ซร30,ซร
KNK001,-,28,ซม31,ซม
KNK001,-,29,มม17,มม
KNK001,-,30,มม17,มม
KNK001,-,31,มร16,มร
KNK001,-,32,มร16,มร
KNK001,-,33,มซ19,มซ
KNK001,-,34,ซซ33,ซซ
KNK001,-,35,ซซ33,ซซ
KNK001,-,36,ซซ33,ซซ
KNK001,-,37,ซซ33,ซซ
KNK001,-,38,ซซ33,ซซ
KNK001,-,39,รร09,รร
KNK001,-,40,ซร30,ซร
KNK001,-,41,ซร30,ซร
KNK001,-,42,ซร30,ซร
KNK001,-,43,ซซ33,ซซ
KNK001,-,44,ซด29,ซด
KNK001,-,45,ดล06,ดล
KNK001,-,46,ลล41,ลล
KNK001,-,47,ลล41,ลล
KNK001,-,48,ลล41,ลล
KPT001,-,1,รล13,รล
KPT001,-,2,มม17,มม
KPT001,-,3,-,-
KPT001,-,4,ลล41,ลล
KPT001,-,5,-,-
KPT001,-,6,มท21,มท
KPT001,-,7,-,-
KPT001,-,8,ทร44,ทร
KPT001,-,9,รร09,รร
KPT001,-,10,-,-
KPT001,-,11,-,-
KPT001,-,12,รฟ11,รฟ
KPT001,-,13,มร16,มร
KPT001,-,14,-,-
KPT001,-,15,ลล41,ลล
KPT001,-,16,-,-
KPT001,-,17,ซซ33,ซซ
KPT001,-,18,รซ12,รซ
KRN001,-,1,ดด01,ดด
KRN001,-,2,ดด01,ดด
KRN001,-,3,ดด01,ดด
KRN001,-,4,ดร02,ดร
KRN001,-,5,ทร44,ทร
KRN001,-,6,รร09,รร
KRN001,-,7,รร09,รร
KRN001,-,8,รร09,รร
KRN001,-,9,ทร44,ทร
KRN001,-,10,ทร44,ทร
KRN001,-,11,ทท49,ทท
KRN001,-,12,ทท49,ทท
KRN001,-,13,ฟล27,ฟล
KRN001,-,14,ฟล27,ฟล
KRN001,-,15,ทร44,ทร
KRN001,-,16,ทร44,ทร
KRN001,-,17,ทท49,ทท
KRN001,-,18,ทท49,ทท
KRN001,-,19,ฟล27,ฟล
KRN001,-,20,ฟล27,ฟล
KRN001,-,21,ทร44,ทร
KRN001,-,22,ทร44,ทร
KRN001,-,23,รร09,รร
KRN001,-,24,รร09,รร
KRN001,-,25,รท14,รท
KRN001,-,26,ทท49,ทท
KRN001,-,27,ทม45,ทม
KRN001,-,28,มม17,มม
KRN001,-,29,มม17,มม
KRN001,-,30,มม17,มม
KRN001,-,31,มม17,มม
KRN001,-,32,มล20,มล
KRN001,-,33,ลล41,ลล
KRN001,-,34,ลล41,ลล
KRN001,-,35,ฟฟ25,ฟฟ
KRN001,-,36,ฟฟ25,ฟฟ
KRN001,-,37,ฟฟ25,ฟฟ
KRN001,-,38,ฟม24,ฟม
KRN001,-,39,มม17,มม
KRN001,-,40,มม17,มม
KRN001,-,41,มด15,มด
KRN001,-,42,ดด01,ดด
KRN001,-,43,ดด01,ดด
KRN001,-,44,ดด01,ดด
KRN001,-,45,ดด01,ดด
KRN001,-,46,ดด01,ดด
KRN001,-,47,ดด01,ดด
KRN001,-,48,ดด01,ดด
KRN001,-,49,รท14,รท
KRN001,-,50,รร09,รร
KRN001,-,51,รร09,รร
LAA001,-,1,มล20,มล
LAA001,-,2,ทท49,ทท
LAA001,-,3,ลม38,ลม
LAA001,-,4,มซ19,มซ
OOD001,-,1,ลล41,ลล
OOD001,-,2,ลล41,ลล
OOD001,-,3,ลล41,ลล
OOD002,-,1,ลล41,ลล
OOD002,-,2,ลล41,ลล
OOD002,-,3,ลล41,ลล
OOD002,-,4,ลซ40,ลซ
OOD002,-,5,ลม38,ลม
OOD002,-,6,ลซ40,ลซ
OOD002,-,7,ลม38,ลม
PCC001,เพลงต้นเพลงฉิ่ง สองชั้น ท่อน 1,1,รซ12,รซ
PCC001,เพลงต้นเพลงฉิ่ง สองชั้น ท่อน 1,2,ซซ33,ซซ
PCC001,เพลงต้นเพลงฉิ่ง สองชั้น ท่อน 1,3,ดร02,ดร
PCC001,เพลงต้นเพลงฉิ่ง สองชั้น ท่อน 2,4,ลม38,ลม
PCC001,เพลงต้นเพลงฉิ่ง สองชั้น ท่อน 2,5,ดร02,ดร
PCC001,เพลงต้นเพลงฉิ่ง สองชั้น ท่อน 3,6,ซซ33,ซซ
PCC001,เพลงต้นเพลงฉิ่ง สองชั้น ท่อน 3,7,ดร02,ดร
PCC001,เพลงสามเส้า สองชั้น ท่อน 1,8,รล13,รล
PCC001,เพลงสามเส้า สองชั้น ท่อน 1,9,มซ19,มซ
PCC001,เพลงสามเส้า สองชั้น ท่อน 1,10,ซล34,ซล
PCC001,เพลงสามเส้า สองชั้น ท่อน 1,11,มซ19,มซ
PCC001,เพลงสามเส้า สองชั้น ท่อน 2,12,ซม31,ซม
PCC001,เพลงสามเส้า สองชั้น ท่อน 2,13,ดร02,ดร
PCC001,เพลงสามเส้า สองชั้น ท่อน 2,14,รม10,รม
PCC001,เพลงสามเส้า สองชั้น ท่อน 2,15,ดร02,ดร
PCC001,เพลงสามเส้า สองชั้น ท่อน 3,16,ลร37,ลร
PCC001,เพลงสามเส้า สองชั้น ท่อน 3,17,ลด36,ลด
PCC001,เพลงจระเข้ขวางคลอง สองชั้น ท่อน 1,18,มม17,มม
PCC001,เพลงจระเข้ขวางคลอง สองชั้น ท่อน 1,19,มซ19,มซ
PCC001,เพลงจระเข้ขวางคลอง สองชั้น ท่อน 1,20,มม17,มม
PCC001,เพลงจระเข้ขวางคลอง สองชั้น ท่อน 1,21,รด08,รด
PCC001,เพลงจระเข้ขวางคลอง สองชั้น ท่อน 2,22,ลร37,ลร
PCC001,เพลงจระเข้ขวางคลอง สองชั้น ท่อน 2,23,ลด36,ลด
PCC001,เพลงถอยหลังเข้าคลอง สองชั้น ท่อน 1,24,ลซ40,ลซ
PCC001,เพลงถอยหลังเข้าคลอง สองชั้น ท่อน 1,25,มร16,มร
PCC001,เพลงถอยหลังเข้าคลอง สองชั้น ท่อน 2,26,ลร37,ลร
PCC001,เพลงถอยหลังเข้าคลอง สองชั้น ท่อน 2,27,ลด36,ลด
PCC001,เพลงตวงพระธาตุ สองชั้น ท่อน 1,28,ลซ40,ลซ
PCC001,เพลงตวงพระธาตุ สองชั้น ท่อน 1,29,ซม31,ซม
PCC001,เพลงตวงพระธาตุ สองชั้น ท่อน 2,30,ดด01,ดด
PCC001,เพลงตวงพระธาตุ สองชั้น ท่อน 2,31,รด08,รด
PCC001,เพลงสร้อยตวงพระธาตุ (สร้อยเพลงฉิ่ง),32,ลร37,ลร
PCC001,เพลงสร้อยตวงพระธาตุ (สร้อยเพลงฉิ่ง),33,ลด36,ลด
PCC001,เพลงยิกินใหญ่ ท่อน 1,34,ฟฟ25,ฟฟ
PCC001,เพลงยิกินใหญ่ ท่อน 1,35,ฟล27,ฟล
PCC001,เพลงยิกินใหญ่ ท่อน 1,36,ฟร23,ฟร
PCC001,เพลงยิกินใหญ่ ท่อน 1,37,รร09,รร
PCC001,เพลงยิกินใหญ่ ท่อน 1,38,ฟฟ25,ฟฟ
PCC001,เพลงยิกินใหญ่ ท่อน 1,39,ฟล27,ฟล
PCC001,เพลงยิกินใหญ่ ท่อน 1,40,ฟร23,ฟร
PCC001,เพลงยิกินใหญ่ ท่อน 1,41,ฟด22,ฟด
PCC001,เพลงยิกินใหญ่ ท่อน 1,42,ลร37,ลร
PCC001,เพลงยิกินใหญ่ ท่อน 1,43,ฟด22,ฟด
PCC001,เพลงยิกินใหญ่ ท่อน 1,44,ลร37,ลร
PCC001,เพลงยิกินใหญ่ ท่อน 1,45,ดซ05,ดซ
PCC001,เพลงยิกินใหญ่ ท่อน 1,46,ดร02,ดร
PCC001,เพลงยิกินใหญ่ ท่อน 1,47,ดซ05,ดซ
PCC001,เพลงยิกินใหญ่ ท่อน 1,48,ดร02,ดร
PCC001,เพลงยิกินใหญ่ ท่อน 1,49,รร09,รร
PCC001,เพลงยิกินใหญ่ ท่อน 2,50,ฟซ26,ฟซ
PCC001,เพลงยิกินใหญ่ ท่อน 2,51,ฟซ26,ฟซ
PCC001,เพลงยิกินใหญ่ ท่อน 2,52,ซร30,ซร
PCC001,เพลงยิกินใหญ่ ท่อน 2,53,รร09,รร
PCC001,เพลงยิกินใหญ่ ท่อน 2,54,ฟซ26,ฟซ
PCC001,เพลงยิกินใหญ่ ท่อน 2,55,ฟซ26,ฟซ
PCC001,เพลงยิกินใหญ่ ท่อน 2,56,ซร30,ซร
PCC001,เพลงยิกินใหญ่ ท่อน 2,57,ฟด22,ฟด
PCC001,เพลงยิกินใหญ่ ท่อน 2,58,ลร37,ลร
PCC001,เพลงยิกินใหญ่ ท่อน 2,59,ฟด22,ฟด
PCC001,เพลงยิกินใหญ่ ท่อน 2,60,ลร37,ลร
PCC001,เพลงยิกินใหญ่ ท่อน 2,61,ดซ05,ดซ
PCC001,เพลงยิกินใหญ่ ท่อน 2,62,ดร02,ดร
PCC001,เพลงยิกินใหญ่ ท่อน 2,63,ดซ05,ดซ
PCC001,เพลงยิกินใหญ่ ท่อน 2,64,ดร02,ดร
PCC001,เพลงยิกินใหญ่ ท่อน 2,65,รร09,รร
PCC001,เพลงยิกินใหญ่ ท่อน 3,66,ฟฟ25,ฟฟ
PCC001,เพลงยิกินใหญ่ ท่อน 3,67,ซซ33,ซซ
PCC001,เพลงยิกินใหญ่ ท่อน 3,68,ฟฟ25,ฟฟ
PCC001,เพลงยิกินใหญ่ ท่อน 3,69,ฟฟ25,ฟฟ
PCC001,เพลงยิกินใหญ่ ท่อน 3,70,ฟฟ25,ฟฟ
PCC001,เพลงยิกินใหญ่ ท่อน 3,71,ซซ33,ซซ
PCC001,เพลงยิกินใหญ่ ท่อน 3,72,ฟฟ25,ฟฟ
PCC001,เพลงยิกินใหญ่ ท่อน 3,73,ฟล27,ฟล
PCC001,เพลงยิกินใหญ่ ท่อน 3,74,ฟด22,ฟด
PCC001,เพลงยิกินใหญ่ ท่อน 3,75,ลร37,ลร
PCC001,เพลงยิกินใหญ่ ท่อน 3,76,ฟด22,ฟด
PCC001,เพลงยิกินใหญ่ ท่อน 3,77,ลร37,ลร
PCC001,เพลงยิกินใหญ่ ท่อน 3,78,ดซ05,ดซ
PCC001,เพลงยิกินใหญ่ ท่อน 3,79,ดร02,ดร
PCC001,เพลงยิกินใหญ่ ท่อน 3,80,ดซ05,ดซ
PCC001,เพลงยิกินใหญ่ ท่อน 3,81,ดร02,ดร
PCC001,เพลงยิกินใหญ่ ท่อน 3,82,รร09,รร
PCC001,เพลงยิกินใหญ่ ท่อน 4,83,ฟล27,ฟล
PCC001,เพลงยิกินใหญ่ ท่อน 4,84,ลฟ39,ลฟ
PCC001,เพลงยิกินใหญ่ ท่อน 4,85,ดฟ04,ดฟ
PCC001,เพลงยิกินใหญ่ ท่อน 4,86,ฟฟ25,ฟฟ
PCC001,เพลงยิกินใหญ่ ท่อน 4,87,ฟล27,ฟล
PCC001,เพลงยิกินใหญ่ ท่อน 4,88,ลฟ39,ลฟ
PCC001,เพลงยิกินใหญ่ ท่อน 4,89,ดฟ04,ดฟ
PCC001,เพลงยิกินใหญ่ ท่อน 4,90,ลด36,ลด
PCC001,เพลงยิกินใหญ่ ท่อน 4,91,ลร37,ลร
PCC001,เพลงยิกินใหญ่ ท่อน 4,92,ฟด22,ฟด
PCC001,เพลงยิกินใหญ่ ท่อน 4,93,ลร37,ลร
PCC001,เพลงยิกินใหญ่ ท่อน 4,94,ดซ05,ดซ
PCC001,เพลงยิกินใหญ่ ท่อน 4,95,ดร02,ดร
PCC001,เพลงยิกินใหญ่ ท่อน 4,96,ดซ05,ดซ
PCC001,เพลงยิกินใหญ่ ท่อน 4,97,ดร02,ดร
PCC001,เพลงยิกินใหญ่ ท่อน 4,98,รร09,รร
PCC001,เพลงฉิ่งนอก สองชั้น ท่อน 1,99,ลล41,ลล
PCC001,เพลงฉิ่งนอก สองชั้น ท่อน 1,100,รร09,รร
PCC001,เพลงฉิ่งนอก สองชั้น ท่อน 1,101,รล13,รล
PCC001,เพลงฉิ่งนอก สองชั้น ท่อน 1,102,ลร37,ลร
PCC001,เพลงฉิ่งนอก สองชั้น ท่อน 1,103,รร09,รร
PCC001,เพลงฉิ่งนอก สองชั้น ท่อน 1,104,รม10,รม
PCC001,เพลงฉิ่งนอก สองชั้น ท่อน 1,105,ซม31,ซม
PCC001,เพลงฉิ่งนอก สองชั้น ท่อน 1,106,ลล41,ลล
PCC001,เพลงฉิ่งนอก สองชั้น ท่อน 1,107,ซม31,ซม
PCC001,เพลงฉิ่งนอก สองชั้น ท่อน 1,108,ลล41,ลล
PCC001,เพลงฉิ่งนอก สองชั้น ท่อน 1,109,ซซ33,ซซ
PCC001,เพลงฉิ่งนอก สองชั้น ท่อน 2,110,มล20,มล
PCC001,เพลงฉิ่งนอก สองชั้น ท่อน 2,111,ซล34,ซล
PCC001,เพลงฉิ่งนอก สองชั้น ท่อน 2,112,ซล34,ซล
PCC001,เพลงฉิ่งนอก สองชั้น ท่อน 2,113,ฟล27,ฟล
PCC001,เพลงฉิ่งนอก สองชั้น ท่อน 2,114,รด08,รด
PCC001,เพลงฉิ่งนอก สองชั้น ท่อน 2,115,ดล06,ดล
PCC001,เพลงฉิ่งนอก สองชั้น ท่อน 2,116,ดด01,ดด
PCC001,เพลงฉิ่งนอก สองชั้น ท่อน 2,117,ลด36,ลด
PCC001,เพลงฉิ่งนอก สองชั้น ท่อน 2,118,รร09,รร
PCC001,เพลงฉิ่งนอก สองชั้น ท่อน 2,119,ซด29,ซด
PCC001,เพลงฉิ่งนอก สองชั้น ท่อน 2,120,รร09,รร
PCC001,เพลงฉิ่งนอก สองชั้น ท่อน 2,121,ซซ33,ซซ
PCC001,เพลงฉิ่งใน สองชั้น ท่อน 1,122,ซร30,ซร
PCC001,เพลงฉิ่งใน สองชั้น ท่อน 1,123,รซ12,รซ
PCC001,เพลงฉิ่งใน สองชั้น ท่อน 1,124,ซร30,ซร
PCC001,เพลงฉิ่งใน สองชั้น ท่อน 1,125,รซ12,รซ
PCC001,เพลงฉิ่งใน สองชั้น ท่อน 1,126,ลด36,ลด
PCC001,เพลงฉิ่งใน สองชั้น ท่อน 1,127,ดร02,ดร
PCC001,เพลงฉิ่งใน สองชั้น ท่อน 1,128,มซ19,มซ
PCC001,เพลงฉิ่งใน สองชั้น ท่อน 1,129,มซ19,มซ
PCC001,เพลงฉิ่งใน สองชั้น ท่อน 2,130,รม10,รม
PCC001,เพลงฉิ่งใน สองชั้น ท่อน 2,131,ซร30,ซร
PCC001,เพลงฉิ่งใน สองชั้น ท่อน 2,132,มซ19,มซ
PCC001,เพลงฉิ่งใน สองชั้น ท่อน 2,133,รซ12,รซ
PCC001,เพลงฉิ่งใน สองชั้น ท่อน 2,134,รซ12,รซ
PCC001,เพลงฉิ่งใน สองชั้น ท่อน 2,135,ลด36,ลด
PCC001,เพลงฉิ่งใน สองชั้น ท่อน 2,136,ดร02,ดร
PCC001,เพลงฉิ่งใน สองชั้น ท่อน 2,137,มซ19,มซ
PCC001,เพลงฉิ่งใน สองชั้น ท่อน 2,138,มซ19,มซ
PCC001,เพลงฉิ่งใหญ่ สองชั้น,139,ซซ33,ซซ
PCC001,เพลงฉิ่งใหญ่ สองชั้น,140,ซซ33,ซซ
PCC001,เพลงฉิ่งใหญ่ สองชั้น,141,มด15,มด
PCC001,เพลงฉิ่งใหญ่ สองชั้น,142,มด15,มด
PCC001,เพลงฉิ่งใหญ่ สองชั้น,143,ซซ33,ซซ
PCC001,เพลงฉิ่งใหญ่ สองชั้น,144,ซซ33,ซซ
PCC001,เพลงฉิ่งใหญ่ สองชั้น,145,มด15,มด
PCC001,เพลงฉิ่งใหญ่ สองชั้น,146,มด15,มด
PCC001,เพลงฉิ่งใหญ่ สองชั้น,147,ซร30,ซร
PCC001,เพลงฉิ่งใหญ่ สองชั้น,148,รท14,รท
PCC001,เพลงฉิ่งใหญ่ สองชั้น,149,ซซ33,ซซ
PCC001,เพลงฉิ่งใหญ่ สองชั้น,150,รร09,รร
PCC001,เพลงฉิ่งใหญ่ สองชั้น,151,ทซ47,ทซ
PCC001,เพลงฉิ่งกลาง สองชั้น,152,ซฟ32,ซฟ
PCC001,เพลงฉิ่งกลาง สองชั้น,153,ซฟ32,ซฟ
PCC001,เพลงฉิ่งกลาง สองชั้น,154,ฟร23,ฟร
PCC001,เพลงฉิ่งกลาง สองชั้น,155,ฟร23,ฟร
PCC001,เพลงฉิ่งกลาง สองชั้น,156,ทร44,ทร
PCC001,เพลงฉิ่งกลาง สองชั้น,157,ทร44,ทร
PCC001,เพลงฉิ่งกลาง สองชั้น,158,รร09,รร
PCC001,เพลงฉิ่งกลาง สองชั้น,159,รร09,รร
PCC001,เพลงฉิ่งเล็ก สองชั้น,160,รม10,รม
PCC001,เพลงฉิ่งเล็ก สองชั้น,161,รม10,รม
PCC001,เพลงฉิ่งเล็ก สองชั้น,162,ฟร23,ฟร
PCC001,เพลงฉิ่งเล็ก สองชั้น,163,ฟร23,ฟร
PCC001,เพลงฉิ่งสนาน สองชั้น ท่อน 1,164,ซซ33,ซซ
PCC001,เพลงฉิ่งสนาน สองชั้น ท่อน 1,165,ซฟ32,ซฟ
PCC001,เพลงฉิ่งสนาน สองชั้น ท่อน 1,166,ซซ33,ซซ
PCC001,เพลงฉิ่งสนาน สองชั้น ท่อน 1,167,ซฟ32,ซฟ
PCC001,เพลงฉิ่งสนาน สองชั้น ท่อน 1,168,มซ19,มซ
PCC001,เพลงฉิ่งสนาน สองชั้น ท่อน 1,169,มฟ18,มฟ
PCC001,เพลงฉิ่งสนาน สองชั้น ท่อน 1,170,มซ19,มซ
PCC001,เพลงฉิ่งสนาน สองชั้น ท่อน 1,171,มฟ18,มฟ
PCC001,เพลงฉิ่งสนาน สองชั้น ท่อน 2,172,ซด29,ซด
PCC001,เพลงฉิ่งสนาน สองชั้น ท่อน 2,173,ซฟ32,ซฟ
PCC001,เพลงฉิ่งสนาน สองชั้น ท่อน 2,174,ซด29,ซด
PCC001,เพลงฉิ่งสนาน สองชั้น ท่อน 2,175,ซฟ32,ซฟ
PCC001,เพลงฉิ่งสนาน สองชั้น ท่อน 2,176,มซ19,มซ
PCC001,เพลงฉิ่งสนาน สองชั้น ท่อน 2,177,มฟ18,มฟ
PCC001,เพลงฉิ่งสนาน สองชั้น ท่อน 2,178,มซ19,มซ
PCC001,เพลงฉิ่งสนาน สองชั้น ท่อน 2,179,มฟ18,มฟ
PCC001,เพลงฉิ่งสนาน สองชั้น ท่อน 3,180,ซฟ32,ซฟ
PCC001,เพลงฉิ่งสนาน สองชั้น ท่อน 3,181,ซฟ32,ซฟ
PCC001,เพลงฉิ่งสนาน สองชั้น ท่อน 3,182,มซ19,มซ
PCC001,เพลงฉิ่งสนาน สองชั้น ท่อน 3,183,มฟ18,มฟ
PCC001,เพลงฉิ่งสนาน สองชั้น ท่อน 3,184,มซ19,มซ
PCC001,เพลงฉิ่งสนาน สองชั้น ท่อน 3,185,มฟ18,มฟ
PCC001,เพลงฉิ่งสนาน สองชั้น ท่อน 4,186,ลฟ39,ลฟ
PCC001,เพลงฉิ่งสนาน สองชั้น ท่อน 4,187,ลฟ39,ลฟ
PCC001,เพลงฉิ่งสนาน สองชั้น ท่อน 4,188,มซ19,มซ
PCC001,เพลงฉิ่งสนาน สองชั้น ท่อน 4,189,มฟ18,มฟ
PCC001,เพลงฉิ่งสนาน สองชั้น ท่อน 4,190,มซ19,มซ
PCC001,เพลงฉิ่งสนาน สองชั้น ท่อน 4,191,มฟ18,มฟ
PCC001,เพลงฉิ่งสนาน ชั้นเดียว ท่อน 1,192,รร09,รร
PCC001,เพลงฉิ่งสนาน ชั้นเดียว ท่อน 1,193,ดด01,ดด
PCC001,เพลงฉิ่งสนาน ชั้นเดียว ท่อน 1,194,ลด36,ลด
PCC001,เพลงฉิ่งสนาน ชั้นเดียว ท่อน 1,195,ดฟ04,ดฟ
PCC001,เพลงฉิ่งสนาน ชั้นเดียว ท่อน 1,196,ซฟ32,ซฟ
PCC001,เพลงฉิ่งสนาน ชั้นเดียว ท่อน 1,197,ซฟ32,ซฟ
PCC001,เพลงฉิ่งสนาน ชั้นเดียว ท่อน 2,198,ดด01,ดด
PCC001,เพลงฉิ่งสนาน ชั้นเดียว ท่อน 2,199,รด08,รด
PCC001,เพลงฉิ่งสนาน ชั้นเดียว ท่อน 2,200,รด08,รด
PCC001,เพลงฉิ่งสนาน ชั้นเดียว ท่อน 3,201,ดด01,ดด
PCC001,เพลงฉิ่งสนาน ชั้นเดียว ท่อน 3,202,รด08,รด
PCC001,เพลงฉิ่งสนาน ชั้นเดียว ท่อน 3,203,รด08,รด
PCC001,เพลงฉิ่งสนาน ชั้นเดียว ท่อน 4,204,รซ12,รซ
PCC001,เพลงฉิ่งสนาน ชั้นเดียว ท่อน 4,205,รซ12,รซ
PCC001,เพลงฉิ่งสนาน ชั้นเดียว ท่อน 4,206,ซซ33,ซซ
PCC001,เพลงกระบอกทอง ชั้นเดียว ท่อน 1,207,ลซ40,ลซ
PCC001,เพลงกระบอกทอง ชั้นเดียว ท่อน 1,208,ลซ40,ลซ
PCC001,เพลงกระบอกทอง ชั้นเดียว ท่อน 1,209,รซ12,รซ
PCC001,เพลงกระบอกทอง ชั้นเดียว ท่อน 1,210,รซ12,รซ
PCC001,เพลงกระบอกทอง ชั้นเดียว ท่อน 2,211,ลซ40,ลซ
PCC001,เพลงกระบอกทอง ชั้นเดียว ท่อน 2,212,ลซ40,ลซ
PCC001,เพลงกระบอกทอง ชั้นเดียว ท่อน 2,213,ลซ40,ลซ
PCC001,เพลงกระบอกทอง ชั้นเดียว ท่อน 2,214,ลซ40,ลซ
PCC001,เพลงกระบอกทอง ชั้นเดียว ท่อน 3,215,ลซ40,ลซ
PCC001,เพลงกระบอกทอง ชั้นเดียว ท่อน 3,216,ลซ40,ลซ
PCC001,เพลงกระบอกทอง ชั้นเดียว ท่อน 3,217,ลซ40,ลซ
PCC001,เพลงกระบอกทอง ชั้นเดียว ท่อน 3,218,ลซ40,ลซ
PCC001,เพลงกระบอกทอง ชั้นเดียว ท่อน 3 (กลับต้น),219,ลซ40,ลซ
PCC001,เพลงกระบอกทอง ชั้นเดียว ท่อน 3 (กลับต้น),220,ลซ40,ลซ
PCC001,เพลงฉิ่งช้างประสานงา ท่อน 1,221,มล20,มล
PCC001,เพลงฉิ่งช้างประสานงา ท่อน 1,222,มล20,มล
PCC001,เพลงฉิ่งช้างประสานงา ท่อน 1,223,ดล06,ดล
PCC001,เพลงฉิ่งช้างประสานงา ท่อน 1,224,ดล06,ดล
PCC001,เพลงฉิ่งช้างประสานงา ท่อน 1,225,ลล41,ลล
PCC001,เพลงฉิ่งช้างประสานงา ท่อน 1,226,ดม03,ดม
PCC001,เพลงฉิ่งช้างประสานงา ท่อน 1,227,ฟม24,ฟม
PCC001,เพลงฉิ่งช้างประสานงา ท่อน 1,228,ลล41,ลล
PCC001,เพลงฉิ่งช้างประสานงา ท่อน 1,229,ทด43,ทด
PCC001,เพลงฉิ่งช้างประสานงา ท่อน 1,230,รด08,รด
PCC001,เพลงฉิ่งช้างประสานงา ท่อน 1,231,รด08,รด
PCC001,เพลงฉิ่งช้างประสานงา ท่อน 1,232,ทล48,ทล
PCC001,เพลงฉิ่งช้างประสานงา ท่อน 1,233,ลล41,ลล
PCC001,เพลงฉิ่งช้างประสานงา ท่อน 2,234,ซร30,ซร
PCC001,เพลงฉิ่งช้างประสานงา ท่อน 2,235,ซร30,ซร
PCC001,เพลงฉิ่งช้างประสานงา ท่อน 2,236,รด08,รด
PCC001,เพลงฉิ่งช้างประสานงา ท่อน 2,237,รด08,รด
PCC001,เพลงฉิ่งช้างประสานงา ท่อน 2,238,ดด01,ดด
PCC001,เพลงฉิ่งช้างประสานงา ท่อน 2,239,ซด29,ซด
PCC001,เพลงฉิ่งช้างประสานงา ท่อน 2,240,ซด29,ซด
PCC001,เพลงฉิ่งช้างประสานงา ท่อน 2,241,ดด01,ดด
PCC001,เพลงฉิ่งช้างประสานงา ท่อน 2,242,ลล41,ลล
PCC001,เพลงฉิ่งช้างประสานงา ท่อน 3,243,รซ12,รซ
PCC001,เพลงฉิ่งช้างประสานงา ท่อน 3,244,ซด29,ซด
PCC001,เพลงฉิ่งช้างประสานงา ท่อน 3,245,ลด36,ลด
PCC001,เพลงฉิ่งช้างประสานงา ท่อน 3,246,ลม38,ลม
PCC001,เพลงฉิ่งช้างประสานงา ท่อน 3,247,ดม03,ดม
PCC001,เพลงฉิ่งช้างประสานงา ท่อน 3,248,ดล06,ดล
PCC001,เพลงฉิ่งช้างประสานงา ท่อน 3,249,ดล06,ดล
PCC001,เพลงฉิ่งช้างประสานงา ท่อน 3,250,ดล06,ดล
PCC001,เพลงฉิ่งช้างประสานงา ท่อน 3,251,ลล41,ลล
PCC001,เพลงฉิ่งช้างประสานงา ท่อน 4,252,ลม38,ลม
PCC001,เพลงฉิ่งช้างประสานงา ท่อน 4,253,มร16,มร
PCC001,เพลงฉิ่งช้างประสานงา ท่อน 4,254,ซม31,ซม
PCC001,เพลงฉิ่งช้างประสานงา ท่อน 4,255,ลล41,ลล
PCC001,เพลงฉิ่งช้างประสานงา ท่อน 5,256,ซล34,ซล
PCC001,เพลงฉิ่งช้างประสานงา ท่อน 5,257,ลร37,ลร
PCC001,เพลงฉิ่งช้างประสานงา ท่อน 5,258,ดร02,ดร
PCC001,เพลงฉิ่งช้างประสานงา ท่อน 5,259,ดด01,ดด
PCC001,เพลงฉิ่งช้างประสานงา ท่อน 5,260,รด08,รด
PCC001,เพลงฉิ่งช้างประสานงา ท่อน 5,261,ลล41,ลล
PCC001,เพลงฉิ่งช้างประสานงา ท่อน 6,262,ลล41,ลล
PCC001,เพลงฉิ่งช้างประสานงา ท่อน 7,263,ลล41,ลล
PCC001,เพลงฉิ่งช้างประสานงา ท่อน 7,264,ลร37,ลร
PCC001,เพลงฉิ่งช้างประสานงา ท่อน 8,265,รร09,รร
PCC001,เพลงฉิ่งตวงพระธาตุ,266,ลล41,ลล
PCC001,เพลงฉิ่งตวงพระธาตุ,267,ลล41,ลล
PCC001,เพลงฉิ่งตวงพระธาตุ,268,ดล06,ดล
PCC001,เพลงฉิ่งตวงพระธาตุ,269,ดล06,ดล
PCC001,เพลงฉิ่งตวงพระธาตุ,270,ฟฟ25,ฟฟ
PCC001,เพลงฉิ่งตวงพระธาตุ,271,ฟฟ25,ฟฟ
PCC001,เพลงฉิ่งตวงพระธาตุ,272,ลฟ39,ลฟ
PCC001,เพลงฉิ่งตวงพระธาตุ,273,ลฟ39,ลฟ
PCC001,เพลงฉิ่งตวงพระธาตุ,274,รร09,รร
PCC001,เพลงฉิ่งตวงพระธาตุ,275,ลล41,ลล
PCC001,เพลงฉิ่งตวงพระธาตุ,276,ลล41,ลล
PCC001,เพลงฉิ่งตวงพระธาตุ,277,ดร02,ดร
PCC001,เพลงฉิ่งตวงพระธาตุ,278,ดฟ04,ดฟ
PCC001,เพลงฉิ่งตวงพระธาตุ,279,ฟซ26,ฟซ
PCC001,เพลงฉิ่งตวงพระธาตุ,280,ฟซ26,ฟซ
PCC001,เพลงฉิ่งตวงพระธาตุ,281,ซร30,ซร
PCC001,เพลงฉิ่งตวงพระธาตุ,282,รร09,รร
PCC001,เพลงฉิ่งคางคกปากสระ,283,รล13,รล
PCC001,เพลงฉิ่งคางคกปากสระ,284,รล13,รล
PCC001,เพลงฉิ่งคางคกปากสระ,285,รล13,รล
PCC001,เพลงฉิ่งคางคกปากสระ,286,รล13,รล
PCC001,เพลงฉิ่งคางคกปากสระ,287,รซ12,รซ
PCC001,เพลงฉิ่งคางคกปากสระ,288,รซ12,รซ
PCC001,เพลงฉิ่งคางคกปากสระ,289,รซ12,รซ
PCC001,เพลงฉิ่งคางคกปากสระ,290,รร09,รร
PCC001,เพลงฉิ่งมุล่ง ชั้นเดียว ท่อน 1,291,ดซ05,ดซ
PCC001,เพลงฉิ่งมุล่ง ชั้นเดียว ท่อน 1,292,ซร30,ซร
PCC001,เพลงฉิ่งมุล่ง ชั้นเดียว ท่อน 1,293,รซ12,รซ
PCC001,เพลงฉิ่งมุล่ง ชั้นเดียว ท่อน 1,294,ลด36,ลด
PCC001,เพลงฉิ่งมุล่ง ชั้นเดียว ท่อน 1,295,ซล34,ซล
PCC001,เพลงฉิ่งมุล่ง ชั้นเดียว ท่อน 1,296,ดซ05,ดซ
PCC001,เพลงฉิ่งมุล่ง ชั้นเดียว ท่อน 1,297,ลล41,ลล
PCC001,เพลงฉิ่งมุล่ง ชั้นเดียว ท่อน 1,298,ฟล27,ฟล
PCC001,เพลงฉิ่งมุล่ง ชั้นเดียว ท่อน 1,299,ลร37,ลร
PCC001,เพลงฉิ่งมุล่ง ชั้นเดียว ท่อน 2,300,ดร02,ดร
PCC001,เพลงฉิ่งมุล่ง ชั้นเดียว ท่อน 2,301,ดร02,ดร
PCC001,เพลงฉิ่งมุล่ง ชั้นเดียว ท่อน 2,302,ลร37,ลร
PCC001,เพลงฉิ่งมุล่ง ชั้นเดียว ท่อน 2,303,ลร37,ลร
PCC001,เพลงฉิ่งมุล่ง ชั้นเดียว ท่อน 2,304,รร09,รร
PCC001,เพลงฉิ่งมุล่ง ชั้นเดียว ท่อน 2,305,รร09,รร
PCC001,เพลงฉิ่งมุล่ง ชั้นเดียว ท่อน 3,306,ดฟ04,ดฟ
PCC001,เพลงฉิ่งมุล่ง ชั้นเดียว ท่อน 3,307,ดฟ04,ดฟ
PCC001,เพลงฉิ่งมุล่ง ชั้นเดียว ท่อน 3,308,ฟซ26,ฟซ
PCC001,เพลงฉิ่งมุล่ง ชั้นเดียว ท่อน 3,309,ฟท28,ฟท
PCC001,เพลงฉิ่งมุล่ง ชั้นเดียว ท่อน 3,310,รด08,รด
PCC001,เพลงฉิ่งมุล่ง ชั้นเดียว ท่อน 3,311,รด08,รด
PCC001,เพลงฉิ่งมุล่ง ชั้นเดียว ท่อน 3,312,ลด36,ลด
PCC001,เพลงฉิ่งมุล่ง ชั้นเดียว ท่อน 3,313,ลด36,ลด
PCC001,เพลงฉิ่งมุล่ง ชั้นเดียว ท่อน 3,314,ดร02,ดร
PCC001,เพลงฉิ่งมุล่ง ชั้นเดียว ท่อน 3,315,ซร30,ซร
PCC001,เพลงฉิ่งมุล่ง ชั้นเดียว ท่อน 3,316,ลร37,ลร
PCC001,เพลงฉิ่งมุล่ง ชั้นเดียว ท่อน 3,317,ลร37,ลร
PCC001,เพลงฉิ่งมุล่ง ชั้นเดียว ท่อน 3,318,รล13,รล
PCC001,เพลงฉิ่งมุล่ง ชั้นเดียว ท่อน 3,319,รล13,รล
PCC001,เพลงฉิ่งมุล่ง ชั้นเดียว ท่อน 3,320,รม10,รม
PCC001,เพลงฉิ่งมุล่ง ชั้นเดียว ท่อน 3,321,ลล41,ลล
PCC001,เพลงฉิ่งมุล่ง ชั้นเดียว ท่อน 3,322,ลล41,ลล
PCC001,เพลงฉิ่งมุล่ง ชั้นเดียว ท่อน 3,323,ฟฟ25,ฟฟ
PCC001,เพลงฉิ่งตรัง ท่อน 1,324,ซร30,ซร
PCC001,เพลงฉิ่งตรัง ท่อน 1,325,ซร30,ซร
PCC001,เพลงฉิ่งตรัง ท่อน 1,326,ลร37,ลร
PCC001,เพลงฉิ่งตรัง ท่อน 1,327,ลร37,ลร
PCC001,เพลงฉิ่งตรัง ท่อน 2,328,ซท35,ซท
PCC001,เพลงฉิ่งตรัง ท่อน 2,329,ดซ05,ดซ
PCC001,เพลงฉิ่งตรัง ท่อน 2,330,ซท35,ซท
PCC001,เพลงฉิ่งตรัง ท่อน 2,331,ดซ05,ดซ
PCC001,เพลงฉิ่งตรัง ท่อน 2,332,ซด29,ซด
PCC001,เพลงฉิ่งตรัง ท่อน 2,333,รด08,รด
PCC001,เพลงฉิ่งตรัง ท่อน 2,334,รซ12,รซ
PCC001,เพลงฉิ่งตรัง ท่อน 2,335,ซด29,ซด
PCC001,เพลงฉิ่งตรัง ท่อน 2,336,รด08,รด
PCC001,เพลงฉิ่งตรัง ท่อน 2,337,รซ12,รซ
PCC001,เพลงฉิ่งตรัง ท่อน 2,338,ซท35,ซท
PCC001,เพลงฉิ่งตรัง ท่อน 2,339,ดซ05,ดซ
PCC001,เพลงฉิ่งตรัง ท่อน 2,340,ซท35,ซท
PCC001,เพลงฉิ่งตรัง ท่อน 2,341,ดซ05,ดซ
PCC001,เพลงฉิ่งตรัง ท่อน 2,342,ซด29,ซด
PCC001,เพลงฉิ่งตรัง ท่อน 2,343,รด08,รด
PCC001,เพลงฉิ่งตรัง ท่อน 2,344,รซ12,รซ
PCC001,เพลงฉิ่งตรัง ท่อน 2,345,ซด29,ซด
PCC001,เพลงฉิ่งตรัง ท่อน 2,346,รด08,รด
PCC001,เพลงฉิ่งตรัง ท่อน 2,347,รซ12,รซ
PCC001,เพลงฉิ่งตรัง ท่อน 3,348,ดด01,ดด
PCC001,เพลงฉิ่งตรัง ท่อน 3,349,ลด36,ลด
PCC001,เพลงฉิ่งตรัง ท่อน 3,350,ดล06,ดล
PCC001,เพลงฉิ่งตรัง ท่อน 3,351,ฟฟ25,ฟฟ
PCC001,เพลงฉิ่งตรัง ท่อน 3,352,รฟ11,รฟ
PCC001,เพลงฉิ่งตรัง ท่อน 3,353,ฟร23,ฟร
PCC001,เพลงฉิ่งตรัง ท่อน 4,354,รร09,รร
PCC001,เพลงฉิ่งตรัง ท่อน 4,355,ทร44,ทร
PCC001,เพลงฉิ่งตรัง ท่อน 4,356,รร09,รร
PCC001,เพลงฉิ่งตรัง ท่อน 4,357,ทร44,ทร
PCC001,เพลงฉิ่งตรัง ท่อน 4,358,มล20,มล
PCC001,เพลงฉิ่งตรัง ท่อน 4,359,รซ12,รซ
PCC001,เพลงฉิ่งตรัง ท่อน 4,360,ลร37,ลร
PCC001,เพลงฉิ่งตรัง ท่อน 4,361,ทร44,ทร
PCC001,เพลงฉิ่งตรัง ท่อน 4,362,มล20,มล
PCC001,เพลงฉิ่งตรัง ท่อน 4,363,รซ12,รซ
PCC001,เพลงฉิ่งตรัง ท่อน 4,364,ลร37,ลร
PCC001,เพลงฉิ่งตรัง ท่อน 4,365,ทร44,ทร
PCC001,เพลงฉิ่งตรัง ท่อน 4,366,รร09,รร
PCC001,เพลงฉิ่งตรัง ท่อน 4,367,ทร44,ทร
PCC001,เพลงฉิ่งตรัง ท่อน 4,368,รร09,รร
PCC001,เพลงฉิ่งตรัง ท่อน 4,369,ทร44,ทร
PCC001,เพลงฉิ่งตรัง ท่อน 4,370,มล20,มล
PCC001,เพลงฉิ่งตรัง ท่อน 4,371,รซ12,รซ
PCC001,เพลงฉิ่งตรัง ท่อน 4,372,ลร37,ลร
PCC001,เพลงฉิ่งตรัง ท่อน 4,373,ทร44,ทร
PCC001,เพลงฉิ่งตรัง ท่อน 4,374,มล20,มล
PCC001,เพลงฉิ่งตรัง ท่อน 4,375,รซ12,รซ
PCC001,เพลงฉิ่งตรัง ท่อน 4,376,ลร37,ลร
PCC001,เพลงฉิ่งตรัง ท่อน 5,377,รด08,รด
PCC001,เพลงฉิ่งตรัง ท่อน 5,378,ดซ05,ดซ
PCC001,เพลงฉิ่งตรัง ท่อน 5,379,รด08,รด
PCC001,เพลงฉิ่งตรัง ท่อน 5,380,ดซ05,ดซ
PCC001,เพลงฉิ่งตรัง ท่อน 6,381,ซล34,ซล
PCC001,เพลงฉิ่งตรัง ท่อน 6,382,ซซ33,ซซ
PCC001,เพลงฉิ่งตรัง ท่อน 6,383,ซล34,ซล
PCC001,เพลงฉิ่งตรัง ท่อน 6,384,ซซ33,ซซ
PCC001,เพลงฉิ่งตรัง ท่อน 6,385,ลร37,ลร
PCC001,เพลงฉิ่งตรัง ท่อน 6,386,ลซ40,ลซ
PCC001,เพลงฉิ่งตรัง ท่อน 6,387,ลร37,ลร
PCC001,เพลงฉิ่งตรัง ท่อน 6,388,ลซ40,ลซ
PCC001,เพลงฉิ่งตรัง ท่อน 7,389,ลล41,ลล
PCC001,เพลงฉิ่งตรัง ท่อน 7,390,ซล34,ซล
PCC001,เพลงฉิ่งตรัง ท่อน 7,391,ลซ40,ลซ
PCC001,เพลงฉิ่งตรัง ท่อน 7,392,รซ12,รซ
PCC001,เพลงฉิ่งตรัง ท่อน 7,393,รซ12,รซ
PCC001,เพลงฉิ่งตรัง ท่อน 7,394,ดล06,ดล
PCC001,เพลงฉิ่งตรัง ท่อน 7,395,ดซ05,ดซ
PCC001,เพลงฉิ่งตรัง ท่อน 7,396,ดล06,ดล
PCC001,เพลงฉิ่งตรัง ท่อน 7,397,ดซ05,ดซ
PCC001,เพลงฉิ่งตรัง ท่อน 7,398,รร09,รร
PCC001,เพลงฉิ่งตรัง ท่อน 7,399,ซร30,ซร
PCC001,เพลงฉิ่งตรัง ท่อน 7,400,ซร30,ซร
PCC001,เพลงฉิ่งตรัง ท่อน 7,401,รซ12,รซ
PCC001,เพลงฉิ่งตรัง ท่อน 7,402,รซ12,รซ
PCC001,เพลงฉิ่งตรัง ท่อน 7,403,ลล41,ลล
PCC001,เพลงฉิ่งตรัง ท่อน 7,404,ซล34,ซล
PCC001,เพลงฉิ่งตรัง ท่อน 7,405,ลซ40,ลซ
PCC001,เพลงฉิ่งตรัง ท่อน 7,406,รซ12,รซ
PCC001,เพลงฉิ่งตรัง ท่อน 7,407,รซ12,รซ
PCC001,เพลงฉิ่งตรัง ท่อน 8,408,ซล34,ซล
PCC001,เพลงฉิ่งตรัง ท่อน 8,409,รล13,รล
PCC001,เพลงฉิ่งตรัง ท่อน 8,410,ลซ40,ลซ
PCC001,เพลงฉิ่งตรัง ท่อน 8,411,ซล34,ซล
PCC001,เพลงฉิ่งตรัง ท่อน 8,412,รล13,รล
PCC001,เพลงฉิ่งตรัง ท่อน 8,413,ลซ40,ลซ
PCC001,เพลงฉิ่งตรัง ท่อน 8,414,ทท49,ทท
PCC001,เพลงฉิ่งตรัง ท่อน 8,415,ทท49,ทท
PCC001,เพลงฉิ่งตรัง ท่อน 8,416,ทซ47,ทซ
PCC001,เพลงฉิ่งตรัง ท่อน 8,417,ซล34,ซล
PCC001,เพลงฉิ่งตรัง ท่อน 8,418,รล13,รล
PCC001,เพลงฉิ่งตรัง ท่อน 8,419,ลซ40,ลซ
PCC001,เพลงฉิ่งตรัง ท่อน 8,420,ซล34,ซล
PCC001,เพลงฉิ่งตรัง ท่อน 8,421,รล13,รล
PCC001,เพลงฉิ่งตรัง ท่อน 8,422,ลซ40,ลซ
PCC001,เพลงฉิ่งตรัง ท่อน 8,423,ทท49,ทท
PCC001,เพลงฉิ่งตรัง ท่อน 8,424,ทท49,ทท
PCC001,เพลงฉิ่งตรัง ท่อน 8,425,ทซ47,ทซ
PCC001,เพลงฉิ่งตรัง ท่อน 8,426,ซล34,ซล
PCC001,เพลงฉิ่งตรัง ท่อน 8,427,รล13,รล
PCC001,เพลงฉิ่งตรัง ท่อน 8,428,ลซ40,ลซ
PCC001,เพลงฉิ่งตรัง ท่อน 8,429,ซล34,ซล
PCC001,เพลงฉิ่งตรัง ท่อน 8,430,รล13,รล
PCC001,เพลงฉิ่งตรัง ท่อน 8,431,ลซ40,ลซ
PCC001,เพลงรัวฉิ่ง วรรคที่ 1,432,ซซ33,ซซ
PCC001,เพลงรัวฉิ่ง วรรคที่ 2,433,รร09,รร
PCC001,เพลงรัวฉิ่ง วรรคที่ 3,434,มด15,มด
PCC001,เพลงรัวฉิ่ง วรรคที่ 4,435,ทซ47,ทซ
PRD001,เพลงช้า ท่อน 1,1,ซท35,ซท
PRD001,เพลงช้า ท่อน 1,2,ลท42,ลท
PRD001,เพลงช้า ท่อน 1,3,ลซ40,ลซ
PRD001,เพลงช้า ท่อน 2,4,ซล34,ซล
PRD001,เพลงช้า ท่อน 2,5,มม17,มม
PRD001,เพลงช้า ท่อน 2,6,มล20,มล
PRD001,เพลงช้า ท่อน 2,7,มล20,มล
PRD001,เพลงช้า ท่อน 2,8,มซ19,มซ
PRD001,เพลงช้า ท่อน 3,9,ซซ33,ซซ
PRD001,เพลงช้า ท่อน 3,10,ซล34,ซล
PRD001,เพลงช้า ท่อน 3,11,ลล41,ลล
PRD001,เพลงช้า ท่อน 3,12,ซซ33,ซซ
PRD001,เพลงช้า ท่อน 3,13,รม10,รม
PRD001,เพลงช้า ท่อน 3,14,มม17,มม
PRD001,เพลงช้า ท่อน 3,15,มม17,มม
PRD001,เพลงช้า ท่อน 3,16,มม17,มม
PRD001,เพลงช้า ท่อน 3,17,มท21,มท
PRD001,เพลงช้า ท่อน 3,18,ทซ47,ทซ
PRD001,เพลงช้า ท่อน 3,19,ซร30,ซร
PRD001,เพลงช้า ท่อน 3,20,รม10,รม
PRD001,เพลงช้า ท่อน 3,21,มท21,มท
PRD001,เพลงช้า ท่อน 3,22,ทซ47,ทซ
PRD001,เพลงช้า ท่อน 3,23,ลซ40,ลซ
PRD001,สองไม้ ท่อน 1,24,ลล41,ลล
PRD001,สองไม้ ท่อน 1,25,ลซ40,ลซ
PRD001,สองไม้ ท่อน 1,26,ลร37,ลร
PRD001,สองไม้ ท่อน 1,27,ลฟ39,ลฟ
PRD001,สองไม้ ท่อน 1,28,รร09,รร
PRD001,สองไม้ ท่อน 1,29,ลฟ39,ลฟ
PRD001,สองไม้ ท่อน 1,30,รร09,รร
PRD001,สองไม้ ท่อน 1,31,ลฟ39,ลฟ
PRD001,สองไม้ ท่อน 1,32,รซ12,รซ
PRD001,สองไม้ ท่อน 1,33,รซ12,รซ
PRD001,สองไม้ ท่อน 1,34,รร09,รร
PRD001,สองไม้ ท่อน 2,35,ซซ33,ซซ
PRD001,สองไม้ ท่อน 2,36,ซม31,ซม
PRD001,สองไม้ ท่อน 2,37,ซซ33,ซซ
PRD001,สองไม้ ท่อน 2,38,ซม31,ซม
PRD001,สองไม้ ท่อน 2,39,มม17,มม
PRD001,สองไม้ ท่อน 3,40,ดม03,ดม
PRD001,สองไม้ ท่อน 3,41,ดม03,ดม
PRD001,สองไม้ ท่อน 3,42,มม17,มม
PRD001,สองไม้ ท่อน 3,43,ดม03,ดม
PRD001,สองไม้ ท่อน 3,44,ดม03,ดม
PRD001,สองไม้ ท่อน 3,45,มม17,มม
PRD001,สองไม้ ท่อน 4,46,รด08,รด
PRD001,สองไม้ ท่อน 4,47,รด08,รด
PRD001,สองไม้ ท่อน 4,48,ซท35,ซท
PRD001,สองไม้ ท่อน 4,49,ลซ40,ลซ
PRD001,สองไม้ ท่อน 4,50,ซร30,ซร
PRD001,สองไม้ ท่อน 4,51,รร09,รร
PRD001,สองไม้ ท่อน 5,52,ทด43,ทด
PRD001,สองไม้ ท่อน 5,53,ซท35,ซท
PRD001,สองไม้ ท่อน 5,54,ดร02,ดร
PRD001,สองไม้ ท่อน 5,55,รร09,รร
PRD001,เพลงเร็ว ท่อน 1,56,รร09,รร
PRD001,เพลงเร็ว ท่อน 1,57,รซ12,รซ
PRD001,เพลงเร็ว ท่อน 1,58,รซ12,รซ
PRD001,เพลงเร็ว ท่อน 1,59,ซซ33,ซซ
PRD001,เพลงเร็ว ท่อน 1,60,ซร30,ซร
PRD001,เพลงเร็ว ท่อน 1,61,ซร30,ซร
PRD001,เพลงเร็ว ท่อน 2,62,รร09,รร
PRD001,เพลงเร็ว ท่อน 2,63,รร09,รร
PRD001,เพลงเร็ว ท่อน 2,64,รร09,รร
PRD001,เพลงเร็ว ท่อน 2,65,รร09,รร
PRD001,เพลงเร็ว ท่อน 2,66,ดซ05,ดซ
PRD001,เพลงเร็ว ท่อน 2,67,รท14,รท
PRD001,เพลงเร็ว ท่อน 2,68,รซ12,รซ
PRD001,เพลงเร็ว ท่อน 2,69,ซซ33,ซซ
PRD001,เพลงเร็ว ท่อน 3,70,รซ12,รซ
PRD001,เพลงเร็ว ท่อน 3,71,รร09,รร
PRD001,เพลงเร็ว ท่อน 3,72,ซซ33,ซซ
PRD001,เพลงเร็ว ท่อน 4,73,มซ19,มซ
PRD001,เพลงเร็ว ท่อน 4,74,มซ19,มซ
PRD001,เพลงเร็ว ท่อน 4,75,ซซ33,ซซ
PRD001,เพลงลา,76,มล20,มล
PRD001,เพลงลา,77,ทท49,ทท
PRD001,เพลงลา,78,ลม38,ลม
PRD001,เพลงลา,79,มซ19,มซ
PTM001,-,1,ลร37,ลร
PTM001,-,2,รร09,รร
PTM001,-,3,ทม45,ทม
PTM001,-,4,มม17,มม
PTM001,-,5,ทซ47,ทซ
PTM001,-,6,ทซ47,ทซ
PTM001,-,7,มล20,มล
PTM001,-,8,ทม45,ทม
PTM001,-,9,ซม31,ซม
PTM001,-,10,มม17,มม
PTM001,-,11,มล20,มล
PTM001,-,12,ทม45,ทม
PTM001,-,13,ซม31,ซม
PTM001,-,14,มม17,มม
PTM001,ท้ายปฐม (ปลายเข้าม่าน),15,ลท42,ลท
PTM001,ท้ายปฐม (ปลายเข้าม่าน),16,มล20,มล
PTM001,ท้ายปฐม (ปลายเข้าม่าน),17,ทซ47,ทซ
PTM002,-,1,ลร37,ลร
PTM002,-,2,รร09,รร
PTM002,-,3,มม17,มม
PTM002,-,4,มม17,มม
PTM002,-,5,ทซ47,ทซ
PTM002,-,6,ทซ47,ทซ
PTM002,-,7,มล20,มล
PTM002,-,8,ทม45,ทม
PTM002,-,9,ซม31,ซม
PTM002,-,10,มม17,มม
PTM002,-,11,มล20,มล
PTM002,-,12,ทม45,ทม
PTM002,-,13,ซม31,ซม
PTM002,-,14,มม17,มม
PTM002,ท้ายปฐม,15,ลท42,ลท
PTM002,ท้ายปฐม,16,มล20,มล
PYD001,ท่อน 1,1,ลล41,ลล
PYD001,ท่อน 1,2,รร09,รร
PYD001,ท่อน 1,3,ลซ40,ลซ
PYD001,ท่อน 1,4,ลซ40,ลซ
PYD001,กลับต้น,5,ซร30,ซร
PYD001,กลับต้น,6,ซร30,ซร
PYD001,ท่อน 2,7,ลล41,ลล
PYD001,ท่อน 2,8,ลล41,ลล
PYD001,ท่อน 2,9,ลล41,ลล
PYD001,ท่อน 2,10,ลซ40,ลซ
PYD001,ท่อน 2,11,ซซ33,ซซ
PYD001,ท่อน 2,12,ลล41,ลล
PYD001,ท่อน 3,13,ลร37,ลร
PYD001,ท่อน 3,14,รร09,รร
PYD001,ท่อน 3,15,รฟ11,รฟ
PYD001,ท่อน 3,16,ทฟ46,ทฟ
PYD001,ท่อน 3,17,ทท49,ทท
PYD001,ท่อน 3,18,ซล34,ซล
PYD001,ท่อน 3,19,ซร30,ซร
PYD001,ท่อน 4,20,ทม45,ทม
PYD001,ท่อน 4,21,ทล48,ทล
PYD001,ท่อน 4,22,ซร30,ซร
PYD001,ท่อน 4,23,รท14,รท
PYD001,ท่อน 4,24,ลท42,ลท
PYD001,ท่อน 4,25,รซ12,รซ
PYD001,ท่อน 4,26,ซซ33,ซซ
PYD001,ท่อน 4,27,ลร37,ลร
PYD001,ท่อน 4,28,รท14,รท
PYD001,ท่อน 4,29,ลท42,ลท
PYD001,ท่อน 4,30,รซ12,รซ
PYD001,ท่อน 4,31,ซซ33,ซซ
PYD001,ท่อน 4,32,ลร37,ลร
PYD001,ท่อน 5,33,ทล48,ทล
PYD001,ท่อน 5,34,ลม38,ลม
PYD001,ท่อน 5,35,มซ19,มซ
PYD001,ท่อน 5,36,ซร30,ซร
PYD001,ท่อน 6,37,ซท35,ซท
PYD001,ท่อน 6,38,ซร30,ซร
PYD001,ท่อน 6,39,ซท35,ซท
PYD001,ท่อน 6,40,ซร30,ซร
PYD001,ท่อน 6,41,ลซ40,ลซ
PYD001,ท่อน 6,42,ลซ40,ลซ
PYS001,-,1,ลล41,ลล
PYS001,-,2,ซล34,ซล
PYS001,-,3,ลฟ39,ลฟ
PYS001,-,4,มฟ18,มฟ
PYS001,-,5,รร09,รร
PYS001,-,6,มล20,มล
PYS001,-,7,ดด01,ดด
PYS001,-,8,ดล06,ดล
SAK001,-,1,ลร37,ลร
SAK001,-,2,ฟร23,ฟร
SAK001,-,3,มล20,มล
SAK001,-,4,ซล34,ซล
SAK001,-,5,ลม38,ลม
SAK001,-,6,ทล48,ทล
SAK001,-,7,มล20,มล
SAK001,-,8,ทซ47,ทซ
SAK001,-,9,ซท35,ซท
SAK001,-,10,มท21,มท
SAK001,-,11,ซล34,ซล
SAK001,-,12,ลม38,ลม
SAK001,-,13,มล20,มล
SAK001,-,14,ซล34,ซล
SAK001,-,15,ลม38,ลม
SAK001,-,16,ลร37,ลร
SAK001,-,17,รซ12,รซ
SAK001,-,18,ทซ47,ทซ
SAK001,-,19,ทม45,ทม
SAK001,-,20,ซท35,ซท
SAK001,-,21,ทซ47,ทซ
SAK001,-,22,ลล41,ลล
SAK001,-,23,รซ12,รซ
SAK001,-,24,มล20,มล
SAK001,-,25,ลท42,ลท
SAK001,-,26,มท21,มท
SAK001,-,27,ฟร23,ฟร
SAK001,-,28,รฟ11,รฟ
SAK001,-,29,ฟร23,ฟร
SAK001,-,30,มท21,มท
SAK001,-,31,ทม45,ทม
SAK001,-,32,ซล34,ซล
SAK001,-,33,ลร37,ลร
SAK001,-,34,ฟร23,ฟร
SAK001,-,35,มล20,มล
SAK001,-,36,ซล34,ซล
SAK001,-,37,ลม38,ลม
SAK001,-,38,ทล48,ทล
SAK001,-,39,มล20,มล
SAK001,-,40,ทซ47,ทซ
SAK001,-,41,ซท35,ซท
SAK001,-,42,มท21,มท
SAK001,-,43,ซล34,ซล
SAK001,-,44,ลม38,ลม
SAK001,-,45,มล20,มล
SAK001,-,46,ซล34,ซล
SAK001,-,47,ลม38,ลม
SAK001,-,48,ลร37,ลร
SAK001,-,49,รซ12,รซ
SAK001,-,50,ทซ47,ทซ
SAK001,-,51,ทม45,ทม
SAK001,พระเจ้าเปิดโลก,52,ลม38,ลม
SAK001,พระเจ้าเปิดโลก,53,มล20,มล
SAK001,พระเจ้าเปิดโลก,54,ซล34,ซล
SAK001,พระเจ้าเปิดโลก,55,ลร37,ลร
SMR001,-,1,ซฟ32,ซฟ
SMR001,-,2,ฟม24,ฟม
SMR001,-,3,ทท49,ทท
SMR001,-,4,รม10,รม
SNL001,ท่อน 1,1,ลล41,ลล
SNL001,ท่อน 1,2,มร16,มร
SNL001,ท่อน 2,3,ซซ33,ซซ
SNL001,ท่อน 2,4,ซร30,ซร
SNL001,ท่อน 3,5,ฟล27,ฟล
SNL001,ท่อน 3,6,ฟร23,ฟร
SNL001,ท่อน 5,7,มท21,มท
SNL001,ท่อน 5,8,มร16,มร
SNL002,ท่อน 1 (สีนวลใน),1,ทล48,ทล
SNL002,ท่อน 1 (สีนวลใน),2,ซซ33,ซซ
SNL002,ท่อน 2 (สีนวลใน),3,มล20,มล
SNL002,ท่อน 2 (สีนวลใน),4,มซ19,มซ
SNL002,ท่อน 3 (สีนวลใน),5,ทท49,ทท
SNL002,ท่อน 3 (สีนวลใน),6,ทซ47,ทซ
SNL002,ท่อน 4 (สีนวลใน),7,มท21,มท
SNL002,ท่อน 4 (สีนวลใน),8,ทท49,ทท
SNL002,ท่อน 4 (สีนวลใน),9,ทซ47,ทซ
SNL002,ท่อน 5 (สีนวลนอก),10,ซท35,ซท
SNL002,ท่อน 5 (สีนวลนอก),11,ทซ47,ทซ
SNL002,ท่อน 6 (สีนวลนอก),12,รท14,รท
SNL002,ท่อน 6 (สีนวลนอก),13,ทซ47,ทซ
SNL002,ท่อน 7,14,ทซ47,ทซ
SNL002,ท่อน 8,15,ซซ33,ซซ
SNL002,ท่อน 9,16,ทซ47,ทซ
SNL002,ท่อน 9,17,ทท49,ทท
SNL002,ท่อน 9,18,ซซ33,ซซ
SNL002,ท่อน 10,19,ซท35,ซท
SNL002,ท่อน 11 (คุดทะราดเหยียบกรวด),20,ทร44,ทร
SNL002,ท่อน 11 (คุดทะราดเหยียบกรวด),21,รล13,รล
SNL002,ท่อน 11 (คุดทะราดเหยียบกรวด),22,ทร44,ทร
SNL002,ท่อน 11 (คุดทะราดเหยียบกรวด),23,รล13,รล
SNL002,ท่อน 11 (คุดทะราดเหยียบกรวด),24,ลซ40,ลซ
SNL002,ท่อน 11 (คุดทะราดเหยียบกรวด),25,ลซ40,ลซ
SNL002,ท่อน 11 (คุดทะราดเหยียบกรวด),26,ลล41,ลล
SNL002,ท่อน 11 (คุดทะราดเหยียบกรวด),27,ลท42,ลท
SNL002,ท่อน 11 (คุดทะราดเหยียบกรวด),28,รร09,รร
SNL002,ท่อน 11 (คุดทะราดเหยียบกรวด),29,ลท42,ลท
SNL002,ท่อน 11 (คุดทะราดเหยียบกรวด),30,รร09,รร
SNL002,ท่อน 11 (คุดทะราดเหยียบกรวด),31,ลล41,ลล
SNL002,ท่อน 11 (คุดทะราดเหยียบกรวด),32,ซล34,ซล
SNL002,ท่อน 11 (คุดทะราดเหยียบกรวด),33,ซล34,ซล
SNL002,ท่อน 11 (คุดทะราดเหยียบกรวด),34,ลซ40,ลซ
SNL002,ท่อน 12 (กินนรรำ),35,มร16,มร
SNL002,ท่อน 12 (กินนรรำ),36,มร16,มร
SNL002,ท่อน 12 (กินนรรำ),37,ลซ40,ลซ
SNL002,ท่อน 12 (กินนรรำ),38,มด15,มด
SNL002,ท่อน 12 (กินนรรำ),39,ลซ40,ลซ
SNL002,ท่อน 12 (กินนรรำ),40,มด15,มด
SNL002,ท่อน 12 (กินนรรำ),41,ดด01,ดด
SNL002,ท่อน 12 (กินนรรำ),42,ลด36,ลด
SNL002,ท่อน 12 (กินนรรำ),43,ดร02,ดร
SNL002,ท่อน 12 (กินนรรำ),44,รร09,รร
SNL002,ท่อน 13 (เหมราช),45,มร16,มร
SNL002,ท่อน 13 (เหมราช),46,มซ19,มซ
SNL002,ท่อน 13 (เหมราช),47,มร16,มร
SNL002,ท่อน 13 (เหมราช),48,มซ19,มซ
SNL002,ท่อน 13 (เหมราช),49,ลซ40,ลซ
SNL002,ท่อน 13 (เหมราช),50,ลซ40,ลซ
SNL002,ท่อน 14 (เหมราช),51,ฟร23,ฟร
SNL002,ท่อน 14 (เหมราช),52,ฟร23,ฟร
SNL002,ท่อน 14 (เหมราช),53,มร16,มร
SNL002,ท่อน 14 (เหมราช),54,มร16,มร
SNL002,ท่อน 15 (เหมราช),55,มล20,มล
SNL002,ท่อน 15 (เหมราช),56,มล20,มล
SNL002,ท่อน 15 (เหมราช),57,รล13,รล
SNL002,ท่อน 15 (เหมราช),58,รล13,รล
SNL002,ท่อน 15 (เหมราช),59,ทล48,ทล
SNL002,ท่อน 15 (เหมราช),60,ทล48,ทล
SNL002,ท่อน 15 (เหมราช),61,มร16,มร
SNL002,ท่อน 15 (เหมราช),62,มร16,มร
SNL002,ท่อน 15 (เหมราช),63,มร16,มร
SNL002,ท่อน 15 (เหมราช),64,มร16,มร
SNL002,ท่อน 16 (สาวคำ),65,ลล41,ลล
SNL002,ท่อน 16 (สาวคำ),66,ลม38,ลม
SNL002,ท่อน 17 (สาวคำ),67,ทล48,ทล
SNL002,ท่อน 17 (สาวคำ),68,ลม38,ลม
SNL002,ท่อน 18 (สาวคำ),69,รฟ11,รฟ
SNL002,ท่อน 18 (สาวคำ),70,รซ12,รซ
SNL002,เพลงเร็ว ท่อน 1 (สาวคำ),71,ลม38,ลม
SNL002,เพลงเร็ว ท่อน 2 (สาวคำ),72,ลม38,ลม
SNL002,เพลงเร็ว ท่อน 3 (สาวคำ),73,ฟซ26,ฟซ
SNL002,เพลงเร็ว ท่อน 4 (เหมราช),74,รซ12,รซ
SNL002,เพลงเร็ว ท่อน 4 (เหมราช),75,รซ12,รซ
SNL002,เพลงเร็ว ท่อน 4 (เหมราช),76,ซซ33,ซซ
SNL002,เพลงเร็ว ท่อน 5 (เหมราช),77,รร09,รร
SNL002,เพลงเร็ว ท่อน 5 (เหมราช),78,รร09,รร
SNL002,เพลงเร็ว ท่อน 6 (เหมราช),79,ลล41,ลล
SNL002,เพลงเร็ว ท่อน 6 (เหมราช),80,ลล41,ลล
SNL002,เพลงเร็ว ท่อน 6 (เหมราช),81,ลล41,ลล
SNL002,เพลงเร็ว ท่อน 6 (เหมราช),82,รร09,รร
SNL002,เพลงเร็ว ท่อน 7,83,ลล41,ลล
SNL002,เพลงเร็ว ท่อน 7,84,ลล41,ลล
SNL002,เพลงเร็ว ท่อน 7,85,ลล41,ลล
SNL002,เพลงเร็ว ท่อน 7,86,ซด29,ซด
SNL002,เพลงเร็ว ท่อน 7,87,ลซ40,ลซ
SNL002,เพลงเร็ว ท่อน 7,88,ดล06,ดล
SNL002,เพลงเร็ว ท่อน 7,89,ลล41,ลล
SNL002,เพลงเร็ว ท่อน 7,90,ลล41,ลล
SNL002,เพลงเร็ว ท่อน 8,91,ลล41,ลล
SNL002,เพลงเร็ว ท่อน 8,92,ลล41,ลล
SNL002,เพลงเร็ว ท่อน 8,93,ลล41,ลล
SNL002,เพลงเร็ว ท่อน 8,94,ทม45,ทม
SNL002,เพลงเร็ว ท่อน 8,95,มท21,มท
SNL002,เพลงเร็ว ท่อน 8,96,มด15,มด
SNL002,เพลงเร็ว ท่อน 8,97,ลล41,ลล
SNL002,เพลงเร็ว ท่อน 8,98,ลด36,ลด
SNL002,เพลงเร็ว ท่อน 8,99,ลด36,ลด
SNL002,เพลงเร็ว ท่อน 8,100,ลล41,ลล
SNL002,เพลงเร็ว ท่อน 8,101,ลล41,ลล
SNL002,เพลงเร็ว ท่อน 8,102,ลล41,ลล
SNL002,เพลงลา,103,มล20,มล
SNL002,เพลงลา,104,ทท49,ทท
SNL002,เพลงลา,105,ลม38,ลม
SNL002,เพลงลา,106,มซ19,มซ
SSN001,ท่อน 1 (สร้อยสน),1,ลม38,ลม
SSN001,ท่อน 1 (สร้อยสน),2,รซ12,รซ
SSN001,ท่อน 1 (สร้อยสน),3,ซด29,ซด
SSN001,ท่อน 1 (สร้อยสน),4,รด08,รด
SSN001,ท่อน 1 (สร้อยสน),5,ลม38,ลม
SSN001,ท่อน 1 (สร้อยสน),6,รซ12,รซ
SSN001,ท่อน 1 (สร้อยสน),7,มม17,มม
SSN001,ท่อน 1 (สร้อยสน),8,มด15,มด
SSN001,ท่อน 2 (สร้อยสน),9,มล20,มล
SSN001,ท่อน 2 (สร้อยสน),10,ซด29,ซด
SSN001,ท่อน 2 (สร้อยสน),11,ดซ05,ดซ
SSN001,ท่อน 2 (สร้อยสน),12,ดซ05,ดซ
SSN001,ท่อน 2 (สร้อยสน),13,มล20,มล
SSN001,ท่อน 2 (สร้อยสน),14,รซ12,รซ
SSN001,ท่อน 2 (สร้อยสน),15,มม17,มม
SSN001,ท่อน 2 (สร้อยสน),16,มด15,มด
SSN001,ท่อน 3 (พวงร้อย),17,ซล34,ซล
SSN001,ท่อน 3 (พวงร้อย),18,ลด36,ลด
SSN001,ท่อน 3 (พวงร้อย),19,ฟม24,ฟม
SSN001,ท่อน 3 (พวงร้อย),20,รม10,รม
SSN001,ท่อน 3 (พวงร้อย),21,มม17,มม
SSN001,ท่อน 3 (พวงร้อย),22,มด15,มด
SSN001,ท่อน 4 (พวงร้อย),23,ดซ05,ดซ
SSN001,ท่อน 4 (พวงร้อย),24,ดซ05,ดซ
SSN001,ท่อน 4 (พวงร้อย),25,มล20,มล
SSN001,ท่อน 4 (พวงร้อย),26,ซด29,ซด
SSN001,ท่อน 4 (พวงร้อย),27,มม17,มม
SSN001,ท่อน 4 (พวงร้อย),28,มด15,มด
SSN001,สองไม้ ท่อน 1,29,ดร02,ดร
SSN001,สองไม้ ท่อน 1,30,ดซ05,ดซ
SSN001,สองไม้ ท่อน 1,31,ดร02,ดร
SSN001,สองไม้ ท่อน 1,32,ดซ05,ดซ
SSN001,สองไม้ ท่อน 2,33,ซซ33,ซซ
SSN001,สองไม้ ท่อน 3,34,ซล34,ซล
SSN001,สองไม้ ท่อน 3,35,ซซ33,ซซ
SSN001,สองไม้ ท่อน 4,36,ลร37,ลร
SSN001,สองไม้ ท่อน 5,37,ซล34,ซล
SSN001,สองไม้ ท่อน 5,38,ซร30,ซร
SSN001,เพลงเร็ว ท่อน 1,39,ทด43,ทด
SSN001,เพลงเร็ว ท่อน 1,40,ซด29,ซด
SSN001,เพลงเร็ว ท่อน 2,41,ดด01,ดด
SSN001,เพลงเร็ว ท่อน 3 (ต้นบรเทศ),42,ลร37,ลร
SSN001,เพลงเร็ว ท่อน 4 (ต้นบรเทศ),43,ฟร23,ฟร
SSN001,เพลงเร็ว ท่อน 5 (ต้นบรเทศ),44,ลร37,ลร
SSN001,เพลงเร็ว ท่อน 6 (ต้นบรเทศ),45,ฟล27,ฟล
SSN001,เพลงเร็ว ท่อน 7 (บรเทศ),46,ฟร23,ฟร
SSN001,เพลงเร็ว ท่อน 8 (บรเทศ),47,มร16,มร
SSN001,เพลงเร็ว ท่อน 9 (ต้นบรเทศ),48,รซ12,รซ
SSN001,เพลงเร็ว ท่อน 10 (ต้นบรเทศ),49,ทซ47,ทซ
SSN001,เพลงเร็ว ท่อน 11 (ต้นบรเทศ),50,รซ12,รซ
SSN001,เพลงเร็ว ท่อน 12 (ต้นบรเทศ),51,ทร44,ทร
SSN001,เพลงลา,52,มล20,มล
SSN001,เพลงลา,53,ทท49,ทท
SSN001,เพลงลา,54,ลม38,ลม
SSN001,เพลงลา,55,มซ19,มซ
SSN001,วิธีออกเพลงเร็วแบบที่ 2 - ขยี้เพลงเร็วท่อน 1,56,ดท07,ดท
SSN001,วิธีออกเพลงเร็วแบบที่ 2 - ขยี้เพลงเร็วท่อน 1,57,ทด43,ทด
SSN001,วิธีออกเพลงเร็วแบบที่ 2 - ขยี้เพลงเร็วท่อน 1,58,ดซ05,ดซ
SSN001,วิธีออกเพลงเร็วแบบที่ 2 - ขยี้เพลงเร็วท่อน 1,59,ซด29,ซด
SSN001,วิธีออกเพลงเร็วแบบที่ 2 - ขยี้เพลงเร็วท่อน 2,60,ฟด22,ฟด
TKY001,ท่อน 1,1,รซ12,รซ
TKY001,ท่อน 1,2,ซล34,ซล
TKY001,ท่อน 1,3,ซท35,ซท
TKY001,ท่อน 1,4,ซม31,ซม
TKY001,ท่อน 2,5,รซ12,รซ
TKY001,ท่อน 2,6,ซร30,ซร
TKY001,ท่อน 2,7,ซร30,ซร
TKY001,ท่อน 2,8,ทด43,ทด
TKY001,ท่อน 2,9,ซท35,ซท
TKY001,ท่อน 2,10,ดล06,ดล
TKY001,ท่อน 2,11,ซร30,ซร
TKY001,ท่อน 2,12,ทด43,ทด
TKY001,ท่อน 2,13,ซท35,ซท
TKY001,ท่อน 2,14,ดล06,ดล
TKY001,ท่อน 2,15,รล13,รล
TKY001,ท่อน 2,16,รล13,รล
TNW001,เพลงช้า ท่อน 1,1,ซล34,ซล
TNW001,เพลงช้า ท่อน 1,2,รล13,รล
TNW001,เพลงช้า ท่อน 1,3,ซซ33,ซซ
TNW001,เพลงช้า ท่อน 1,4,มม17,มม
TNW001,เพลงช้า ท่อน 1,5,ดร02,ดร
TNW001,เพลงช้า ท่อน 1,6,ลร37,ลร
TNW001,เพลงช้า ท่อน 1,7,ดร02,ดร
TNW001,เพลงช้า ท่อน 1,8,ฟร23,ฟร
TNW001,เพลงช้า ท่อน 1,9,ฟร23,ฟร
TNW001,เพลงช้า ท่อน 2,10,รล13,รล
TNW001,เพลงช้า ท่อน 2,11,ฟร23,ฟร
TNW001,เพลงช้า ท่อน 2,12,ดม03,ดม
TNW001,เพลงช้า ท่อน 2,13,รด08,รด
TNW001,เพลงช้า ท่อน 2,14,ดด01,ดด
TNW001,เพลงช้า ท่อน 2,15,รร09,รร
TNW001,เพลงช้า ท่อน 2,16,ฟร23,ฟร
TNW001,เพลงช้า ท่อน 2,17,ฟร23,ฟร
TNW001,สองไม้ ท่อน 1,18,ดซ05,ดซ
TNW001,สองไม้ ท่อน 1,19,ดซ05,ดซ
TNW001,สองไม้ ท่อน 1,20,รล13,รล
TNW001,สองไม้ ท่อน 1,21,ลล41,ลล
TNW001,สองไม้ ท่อน 2,22,ลซ40,ลซ
TNW001,สองไม้ ท่อน 2,23,ลซ40,ลซ
TNW001,สองไม้ ท่อน 2,24,รร09,รร
TNW001,สองไม้ ท่อน 3,25,ดล06,ดล
TNW001,สองไม้ ท่อน 3,26,ทล48,ทล
TNW001,สองไม้ ท่อน 3,27,ทร44,ทร
TNW001,สองไม้ ท่อน 3,28,ซท35,ซท
TNW001,สองไม้ ท่อน 3,29,ซท35,ซท
TNW001,สองไม้ ท่อน 3,30,รร09,รร
TNW001,สองไม้ ท่อน 4,31,รม10,รม
TNW001,สองไม้ ท่อน 4,32,ดด01,ดด
TNW001,สองไม้ ท่อน 4,33,ดด01,ดด
TNW001,สองไม้ ท่อน 4,34,ซซ33,ซซ
TNW001,สองไม้ ท่อน 5,35,รด08,รด
TNW001,สองไม้ ท่อน 5,36,ลซ40,ลซ
TNW001,สองไม้ ท่อน 5,37,รด08,รด
TNW001,สองไม้ ท่อน 5,38,ลซ40,ลซ
TNW001,สองไม้ ท่อน 5,39,ซซ33,ซซ
TNW001,สองไม้ ท่อน 6,40,ดด01,ดด
TNW001,สองไม้ ท่อน 6,41,ซซ33,ซซ
TNW001,เพลงเร็ว (ขยี้ฝากไว้ในสองไม้) ท่อน 1 (แม่วอนลูก),42,มซ19,มซ
TNW001,เพลงเร็ว (ขยี้ฝากไว้ในสองไม้) ท่อน 1 (แม่วอนลูก),43,ทซ47,ทซ
TNW001,เพลงเร็ว (ขยี้ฝากไว้ในสองไม้) ท่อน 2 (แม่วอนลูก),44,ดท07,ดท
TNW001,เพลงเร็ว (ขยี้ฝากไว้ในสองไม้) ท่อน 2 (แม่วอนลูก),45,ทซ47,ทซ
TNW001,เพลงเร็ว ท่อน 1 (แม่วอนลูก),46,ซซ33,ซซ
TNW001,เพลงเร็ว ท่อน 1 (แม่วอนลูก),47,ซซ33,ซซ
TNW001,เพลงเร็ว ท่อน 1 (แม่วอนลูก),48,ทซ47,ทซ
TNW001,เพลงเร็ว ท่อน 1 (แม่วอนลูก),49,ทซ47,ทซ
TNW001,เพลงเร็ว ท่อน 1 (แม่วอนลูก),50,ซซ33,ซซ
TNW001,เพลงเร็ว ท่อน 1 (แม่วอนลูก),51,ซซ33,ซซ
TNW001,เพลงเร็ว ท่อน 2 (แม่วอนลูก),52,รซ12,รซ
TNW001,เพลงเร็ว ท่อน 2 (แม่วอนลูก),53,ซซ33,ซซ
TNW001,เพลงเร็ว ท่อน 2 (แม่วอนลูก),54,ซล34,ซล
TNW001,เพลงเร็ว ท่อน 2 (แม่วอนลูก),55,รร09,รร
TNW001,เพลงเร็ว ท่อน 2 (แม่วอนลูก),56,รซ12,รซ
TNW001,เพลงเร็ว ท่อน 2 (แม่วอนลูก),57,ซซ33,ซซ
TNW001,เพลงเร็ว ท่อน 3 (ลูกวอนแม่),58,ซซ33,ซซ
TNW001,เพลงเร็ว ท่อน 3 (ลูกวอนแม่),59,ซท35,ซท
TNW001,เพลงเร็ว ท่อน 3 (ลูกวอนแม่),60,ซท35,ซท
TNW001,เพลงเร็ว ท่อน 4 (ลูกวอนแม่),61,รซ12,รซ
TNW001,เพลงเร็ว ท่อน 4 (ลูกวอนแม่),62,รซ12,รซ
TNW001,เพลงเร็ว ท่อน 4 (ลูกวอนแม่),63,ทซ47,ทซ
TNW001,เพลงเร็ว ท่อน 4 (ลูกวอนแม่),64,ทซ47,ทซ
TNW001,เพลงลา,65,มล20,มล
TNW001,เพลงลา,66,ทท49,ทท
TNW001,เพลงลา,67,ลม38,ลม
TNW001,เพลงลา,68,มซ19,มซ
TPT001,ท่อน 1,1,ลซ40,ลซ
TPT001,ท่อน 1,2,ซม31,ซม
TPT001,กลับต้น,3,ลซ40,ลซ
TPT001,กลับต้น,4,ซม31,ซม
TPT001,กลับต้น,5,ดด01,ดด
TPT001,กลับต้น,6,รด08,รด
TPT001,ท่อน 2,7,ดด01,ดด
TPT001,ท่อน 2,8,รด08,รด
TRN001,-,1,รร09,รร
TRN001,-,2,รด08,รด
TRN001,-,3,ดร02,ดร
TRN001,-,4,รม10,รม
TRN001,-,5,ทท49,ทท
TRN001,-,6,ซซ33,ซซ
TRN001,-,7,ทท49,ทท
TRN001,-,8,ทล48,ทล
TRN001,-,9,รร09,รร
TRN001,-,10,รด08,รด
TRN001,-,11,ดร02,ดร
TRN001,-,12,รม10,รม
TRN001,-,13,ทท49,ทท
TRN001,-,14,ซท35,ซท
TRN001,-,15,มซ19,มซ
TYP001,-,1,ลล41,ลล
TYP001,-,2,มล20,มล
TYP001,-,3,ซท35,ซท
TYP001,-,4,ทล48,ทล
TYP001,-,5,ทซ47,ทซ
TYP001,-,6,มล20,มล
TYP001,-,7,ซท35,ซท
TYP001,-,8,ทล48,ทล
TYP001,-,9,รท14,รท
TYP001,-,10,ซท35,ซท
TYP001,-,11,ลม38,ลม
TYP001,-,12,รซ12,รซ
TYP001,-,13,ลม38,ลม
TYP001,-,14,ทซ47,ทซ
TYP001,-,15,ลซ40,ลซ
TYY001,ท่อน 1,1,ลล41,ลล
TYY001,ท่อน 1,2,ลล41,ลล
TYY001,ท่อน 1,3,ลท42,ลท
TYY001,ท่อน 1,4,ซล34,ซล
TYY001,ท่อน 1,5,ฟร23,ฟร
TYY001,ท่อน 1,6,ลล41,ลล
TYY001,ท่อน 1,7,ลล41,ลล
TYY001,ท่อน 1,8,ลท42,ลท
TYY001,ท่อน 1,9,ซล34,ซล
TYY001,ท่อน 1,10,ฟร23,ฟร
TYY001,ท่อน 2,11,รฟ11,รฟ
TYY001,ท่อน 2,12,รม10,รม
TYY001,กลับต้น,13,ลล41,ลล
KMO001,ท่อน 1,1,ซร30,ซร
KMO001,ท่อน 1,2,ฟล27,ฟล
KMO001,ท่อน 1,3,ดซ05,ดซ
KMO001,ท่อน 1,4,ซด29,ซด
KMO001,ท่อน 1,5,ดล06,ดล
KMO001,ท่อน 1,6,ลฟ39,ลฟ
KMO001,ท่อน 1,7,รม10,รม
KMO001,ท่อน 1,8,ซฟ32,ซฟ
KMO001,ท่อน 1,9,ลฟ39,ลฟ
KMO001,ท่อน 1,10,ฟล27,ฟล
KMO001,ท่อน 1,11,รล13,รล
KMO001,ท่อน 1,12,ฟล27,ฟล
KMO001,ท่อน 2,13,มล20,มล
KMO001,ท่อน 2,14,ทร44,ทร
KMO001,ท่อน 2,15,รล13,รล
KMO001,ท่อน 2,16,ทร44,ทร
KMO001,ท่อน 2,17,มด15,มด
KMO001,ท่อน 2,18,ดล06,ดล
KMO001,ท่อน 2,19,รม10,รม
KMO001,ท่อน 2,20,ซฟ32,ซฟ
KMO001,ท่อน 2,21,ลฟ39,ลฟ
KMO001,ท่อน 2,22,ฟล27,ฟล
KMO001,ท่อน 2,23,รล13,รล
KMO001,ท่อน 2,24,ฟล27,ฟล
KMO001,ท่อน 3,25,รล13,รล
KMO001,ท่อน 3,26,ฟล27,ฟล
KMO001,ท่อน 3,27,รซ12,รซ
KMO001,ท่อน 3,28,ซซ33,ซซ
KMO001,ท่อน 3,29,ลฟ39,ลฟ
KMO001,ท่อน 3,30,ฟฟ25,ฟฟ
KMO001,ท่อน 3,31,รม10,รม
KMO001,ท่อน 3,32,ซฟ32,ซฟ
KMO001,ท่อน 3,33,ลฟ39,ลฟ
KMO001,ท่อน 3,34,ฟล27,ฟล
KMO001,ท่อน 3,35,รล13,รล
KMO001,ท่อน 3,36,ฟล27,ฟล
KMO001,เที่ยวกลับท่อน 3 (แทน 2 บรรทัดสุดท้าย),37,รล13,รล
KMO001,เที่ยวกลับท่อน 3 (แทน 2 บรรทัดสุดท้าย),38,ลร37,ลร
JSR001,ท่อน 1,1,ลด36,ลด
JSR001,ท่อน 1,2,รซ12,รซ
JSR001,ท่อน 1,3,ซร30,ซร
JSR001,ท่อน 1,4,ดร02,ดร
JSR001,ท่อน 1,5,ลฟ39,ลฟ
JSR001,ท่อน 1,6,ซด29,ซด
JSR001,ท่อน 1,7,ดฟ04,ดฟ
JSR001,ท่อน 1,8,ฟฟ25,ฟฟ
JSR001,ท่อน 2,9,ลล41,ลล
JSR001,ท่อน 2,10,รล13,รล
JSR001,ท่อน 2,11,รล13,รล
JSR001,ท่อน 2,12,ดล06,ดล
JSR001,ท่อน 2,13,ดล06,ดล
JSR001,ท่อน 2,14,ฟด22,ฟด
JSR001,ท่อน 2,15,ฟล27,ฟล
JSR001,ท่อน 2,16,ลฟ39,ลฟ
JSR001,เที่ยวกลับท่อน 2 (แทนบรรทัดสุดท้าย),17,ลร37,ลร
AYR001,ท่อน 1,1,มม17,มม
AYR001,ท่อน 1,2,ซร30,ซร
AYR001,ท่อน 1,3,รซ12,รซ
AYR001,ท่อน 1,4,ลซ40,ลซ
AYR001,ท่อน 1,5,รซ12,รซ
AYR001,ท่อน 1,6,ลซ40,ลซ
AYR001,ท่อน 2,7,ดม03,ดม
AYR001,ท่อน 2,8,มม17,มม
AYR001,ท่อน 2,9,มล20,มล
AYR001,ท่อน 2,10,ลล41,ลล
AYR001,ท่อน 2,11,ดซ05,ดซ
AYR001,ท่อน 2,12,ซซ33,ซซ
AYR001,ท่อน 2,13,มด15,มด
AYR001,ท่อน 2,14,รด08,รด
AYR001,ท่อน 3,15,มม17,มม
AYR001,ท่อน 3,16,ลซ40,ลซ
AYR001,ท่อน 3,17,ลม38,ลม
AYR001,ท่อน 3,18,มด15,มด
AYR001,ท่อน 3,19,ลม38,ลม
AYR001,ท่อน 3,20,มด15,มด
AYR001,ท่อน 3,21,ลม38,ลม
AYR001,ท่อน 3,22,มด15,มด
AYR001,ท่อน 3,23,ดม03,ดม
AYR001,ท่อน 3,24,มด15,มด
AYR001,ท่อน 3,25,ดล06,ดล
AYR001,ท่อน 3,26,ลด36,ลด
AYR001,ท่อน 3,27,ทล48,ทล
AYR001,ท่อน 3,28,รซ12,รซ
AYR001,ท่อน 4,29,มม17,มม
AYR001,ท่อน 4,30,ลซ40,ลซ
AYR001,ท่อน 4,31,ซซ33,ซซ
AYR001,ท่อน 4,32,มล20,มล
AYR001,ท่อน 4,33,รล13,รล
AYR001,ท่อน 4,34,ลม38,ลม
AYR001,ท่อน 4,35,ลม38,ลม
AYR001,ท่อน 4,36,มด15,มด
AYR001,ท่อน 4,37,ลม38,ลม
AYR001,ท่อน 4,38,ลร37,ลร
AYR001,ท่อน 4,39,รล13,รล
AYR001,ท่อน 4,40,มด15,มด
AYR001,เที่ยวกลับท่อน 4 (แทนบรรทัดสุดท้าย),41,รซ12,รซ
TPC001,ต้นเพลงฉิ่ง สามชั้น – ท่อน 1,1,ดซ05,ดซ
TPC001,ต้นเพลงฉิ่ง สามชั้น – ท่อน 1,2,ซด29,ซด
TPC001,ต้นเพลงฉิ่ง สามชั้น – ท่อน 1,3,มด15,มด
TPC001,ต้นเพลงฉิ่ง สามชั้น – ท่อน 1,4,ซด29,ซด
TPC001,ต้นเพลงฉิ่ง สามชั้น – ท่อน 1,5,รฟ11,รฟ
TPC001,ต้นเพลงฉิ่ง สามชั้น – ท่อน 1,6,รซ12,รซ
TPC001,ต้นเพลงฉิ่ง สามชั้น – ท่อน 2,7,ลร37,ลร
TPC001,ต้นเพลงฉิ่ง สามชั้น – ท่อน 2,8,รล13,รล
TPC001,ต้นเพลงฉิ่ง สามชั้น – ท่อน 2,9,รฟ11,รฟ
TPC001,ต้นเพลงฉิ่ง สามชั้น – ท่อน 2,10,รซ12,รซ
TPC001,จระเข้หางยาว สามชั้น – ท่อน 1,11,ดด01,ดด
TPC001,จระเข้หางยาว สามชั้น – ท่อน 1,12,ลร37,ลร
TPC001,จระเข้หางยาว สามชั้น – ท่อน 1,13,รล13,รล
TPC001,จระเข้หางยาว สามชั้น – ท่อน 1,14,มด15,มด
TPC001,จระเข้หางยาว สามชั้น – ท่อน 2,15,ดด01,ดด
TPC001,จระเข้หางยาว สามชั้น – ท่อน 2,16,ฟล27,ฟล
TPC001,จระเข้หางยาว สามชั้น – ท่อน 2,17,ลฟ39,ลฟ
TPC001,จระเข้หางยาว สามชั้น – ท่อน 2,18,ลซ40,ลซ
TPC001,จระเข้หางยาว สามชั้น – ท่อน 2,19,ซซ33,ซซ
TPC001,จระเข้หางยาว สามชั้น – ท่อน 2,20,ฟล27,ฟล
TPC001,จระเข้หางยาว สามชั้น – ท่อน 2,21,ลฟ39,ลฟ
TPC001,จระเข้หางยาว สามชั้น – ท่อน 2,22,ลซ40,ลซ
TPC001,จระเข้หางยาว สามชั้น – ท่อน 3,23,ซร30,ซร
TPC001,จระเข้หางยาว สามชั้น – ท่อน 3,24,รซ12,รซ
TPC001,จระเข้หางยาว สามชั้น – ท่อน 3,25,ซร30,ซร
TPC001,จระเข้หางยาว สามชั้น – ท่อน 3,26,ลฟ39,ลฟ
TPC001,นกขมิ้น สามชั้น – ท่อน 1,27,มด15,มด
TPC001,นกขมิ้น สามชั้น – ท่อน 1,28,มร16,มร
TPC001,นกขมิ้น สามชั้น – ท่อน 1,29,รร09,รร
TPC001,นกขมิ้น สามชั้น – ท่อน 1,30,มด15,มด
TPC001,นกขมิ้น สามชั้น – ท่อน 1,31,มล20,มล
TPC001,นกขมิ้น สามชั้น – ท่อน 1,32,ทซ47,ทซ
TPC001,นกขมิ้น สามชั้น – ท่อน 2,33,ดร02,ดร
TPC001,นกขมิ้น สามชั้น – ท่อน 2,34,มด15,มด
TPC001,นกขมิ้น สามชั้น – ท่อน 2,35,มล20,มล
TPC001,นกขมิ้น สามชั้น – ท่อน 2,36,ทซ47,ทซ
TPC001,นกขมิ้น สามชั้น – ท่อน 3,37,มล20,มล
TPC001,นกขมิ้น สามชั้น – ท่อน 3,38,ลม38,ลม
TPC001,นกขมิ้น สามชั้น – ท่อน 3,39,มล20,มล
TPC001,นกขมิ้น สามชั้น – ท่อน 3,40,ทซ47,ทซ
MRN001,นางนาค สองชั้น – ท่อน 1,1,มม17,มม
MRN001,นางนาค สองชั้น – ท่อน 1,2,ซล34,ซล
MRN001,นางนาค สองชั้น – ท่อน 1,3,ลม38,ลม
MRN001,นางนาค สองชั้น – ท่อน 1,4,รร09,รร
MRN001,นางนาค สองชั้น – ท่อน 2,5,มม17,มม
MRN001,นางนาค สองชั้น – ท่อน 2,6,รล13,รล
MRN001,นางนาค สองชั้น – ท่อน 2,7,ดม03,ดม
MRN001,นางนาค สองชั้น – ท่อน 2,8,รร09,รร
MRN001,พัดชา สองชั้น – ท่อน 1,9,ดม03,ดม
MRN001,พัดชา สองชั้น – ท่อน 1,10,มร16,มร
MRN001,พัดชา สองชั้น – ท่อน 1,11,ลร37,ลร
MRN001,พัดชา สองชั้น – ท่อน 1,12,มร16,มร
MRN001,พัดชา สองชั้น – ท่อน 2,13,ดล06,ดล
MRN001,พัดชา สองชั้น – ท่อน 2,14,ซร30,ซร
MRN001,พัดชา สองชั้น – ท่อน 2,15,ลร37,ลร
MRN001,พัดชา สองชั้น – ท่อน 2,16,มร16,มร
MRN001,ลีลากระทุ่ม สองชั้น – ท่อน 1,17,มล20,มล
MRN001,ลีลากระทุ่ม สองชั้น – ท่อน 1,18,ลร37,ลร
MRN001,ลีลากระทุ่ม สองชั้น – ท่อน 1,19,มล20,มล
MRN001,ลีลากระทุ่ม สองชั้น – ท่อน 1,20,มม17,มม
MRN001,ลีลากระทุ่ม สองชั้น – ท่อน 2,21,มร16,มร
MRN001,ลีลากระทุ่ม สองชั้น – ท่อน 2,22,ดม03,ดม
MRN001,ลีลากระทุ่ม สองชั้น – ท่อน 2,23,มร16,มร
MRN001,ลีลากระทุ่ม สองชั้น – ท่อน 2,24,ดด01,ดด
MRN001,ลีลากระทุ่ม สองชั้น – ท่อน 2 (ทำนองแทนบรรทัดแรก),25,ดร02,ดร
MRN001,กราวรำมอญ สองชั้น – ท่อน 1,26,รด08,รด
MRN001,กราวรำมอญ สองชั้น – ท่อน 1,27,รม10,รม
MRN001,กราวรำมอญ สองชั้น – ท่อน 1,28,มด15,มด
MRN001,กราวรำมอญ สองชั้น – ท่อน 1,29,รร09,รร
MRN001,กราวรำมอญ สองชั้น – ท่อน 2,30,รล13,รล
MRN001,กราวรำมอญ สองชั้น – ท่อน 2,31,ดร02,ดร
MRN001,กราวรำมอญ สองชั้น – ท่อน 2,32,รม10,รม
MRN001,กราวรำมอญ สองชั้น – ท่อน 2,33,มร16,มร
MRN001,ประพาสเภตรา สองชั้น – ท่อน 1,34,ลร37,ลร
MRN001,ประพาสเภตรา สองชั้น – ท่อน 1,35,รล13,รล
MRN001,ประพาสเภตรา สองชั้น – ท่อน 1,36,รซ12,รซ
MRN001,ประพาสเภตรา สองชั้น – ท่อน 1,37,รล13,รล
MRN001,ประพาสเภตรา สองชั้น – ท่อน 2,38,ดล06,ดล
MRN001,ประพาสเภตรา สองชั้น – ท่อน 2,39,ลร37,ลร
MRN001,ประพาสเภตรา สองชั้น – ท่อน 2,40,รล13,รล
MRN001,ประพาสเภตรา สองชั้น – ท่อน 2,41,รด08,รด
WPS001,คลื่นกระทบฝั่ง สองชั้น – ท่อน 1,1,ดม03,ดม
WPS001,คลื่นกระทบฝั่ง สองชั้น – ท่อน 1,2,มล20,มล
WPS001,คลื่นกระทบฝั่ง สองชั้น – ท่อน 1,3,ดซ05,ดซ
WPS001,คลื่นกระทบฝั่ง สองชั้น – ท่อน 2,4,ลล41,ลล
WPS001,คลื่นกระทบฝั่ง สองชั้น – ท่อน 2,5,ลล41,ลล
WPS001,คลื่นกระทบฝั่ง สองชั้น – ท่อน 2,6,ดซ05,ดซ
WPS001,บังใบ สองชั้น – ท่อน 1,7,รซ12,รซ
WPS001,บังใบ สองชั้น – ท่อน 1,8,รร09,รร
WPS001,บังใบ สองชั้น – ท่อน 2,9,ซท35,ซท
WPS001,บังใบ สองชั้น – ท่อน 2,10,ซม31,ซม
WPS001,บังใบ สองชั้น – ท่อน 2,11,ซท35,ซท
WPS001,แขกสาหร่าย สองชั้น – ท่อน 1,12,ดล06,ดล
WPS001,แขกสาหร่าย สองชั้น – ท่อน 1,13,ลม38,ลม
WPS001,แขกสาหร่าย สองชั้น – ท่อน 1,14,รม10,รม
WPS001,แขกสาหร่าย สองชั้น – ท่อน 1,15,มร16,มร
WPS001,แขกสาหร่าย สองชั้น – ท่อน 2,16,ทม45,ทม
WPS001,แขกสาหร่าย สองชั้น – ท่อน 2,17,ลล41,ลล
WPS001,แขกสาหร่าย สองชั้น – ท่อน 2,18,มท21,มท
WPS001,แขกสาหร่าย สองชั้น – ท่อน 2,19,ลล41,ลล
WPS001,แขกสาหร่าย สองชั้น – ท่อน 3,20,รซ12,รซ
WPS001,แขกสาหร่าย สองชั้น – ท่อน 3,21,ซร30,ซร
WPS001,แขกสาหร่าย สองชั้น – ท่อน 3,22,ทซ47,ทซ
WPS001,แขกสาหร่าย สองชั้น – ท่อน 3,23,รท14,รท
WPS001,แขกสาหร่าย สองชั้น – ท่อน 3,24,ซร30,ซร
WPS001,แขกสาหร่าย สองชั้น – ท่อน 3,25,มซ19,มซ
SMT001,สมิงทอง สองชั้น,1,ซล34,ซล
SMT001,สมิงทอง สองชั้น,2,ฟซ26,ฟซ
SMT001,สมิงทอง สองชั้น,3,รฟ11,รฟ
SMT001,สมิงทอง สองชั้น,4,รร09,รร
SMT001,สมิงทอง สองชั้น,5,มร16,มร
SMT001,สมิงทอง สองชั้น,6,รร09,รร
SMT001,ขึ้นพลับพลา สองชั้น,7,ซล34,ซล
SMT001,ขึ้นพลับพลา สองชั้น,8,ดม03,ดม
SMT001,ขึ้นพลับพลา สองชั้น,9,ซร30,ซร
SMT001,ขึ้นพลับพลา สองชั้น,10,มด15,มด
SMT001,จำปานารี สองชั้น (สำนวนที่ ๑) – ท่อน 1,11,ซฟ32,ซฟ
SMT001,จำปานารี สองชั้น (สำนวนที่ ๑) – ท่อน 1,12,ซฟ32,ซฟ
SMT001,จำปานารี สองชั้น (สำนวนที่ ๑) – ท่อน 1,13,ฟซ26,ฟซ
SMT001,จำปานารี สองชั้น (สำนวนที่ ๑) – ท่อน 1,14,รร09,รร
SMT001,จำปานารี สองชั้น (สำนวนที่ ๑) – ท่อน 2,15,ซฟ32,ซฟ
SMT001,จำปานารี สองชั้น (สำนวนที่ ๑) – ท่อน 2,16,ซร30,ซร
SMT001,จำปานารี สองชั้น (สำนวนที่ ๑) – ท่อน 2,17,รฟ11,รฟ
SMT001,จำปานารี สองชั้น (สำนวนที่ ๑) – ท่อน 2,18,ลฟ39,ลฟ
SMT001,จำปานารี สองชั้น (สำนวนที่ ๑) – ท่อน 2,19,ฟร23,ฟร
SMT001,จำปานารี สองชั้น (สำนวนที่ ๒) – ท่อน 1,20,ซฟ32,ซฟ
SMT001,จำปานารี สองชั้น (สำนวนที่ ๒) – ท่อน 1,21,ซฟ32,ซฟ
SMT001,จำปานารี สองชั้น (สำนวนที่ ๒) – ท่อน 1,22,ฟซ26,ฟซ
SMT001,จำปานารี สองชั้น (สำนวนที่ ๒) – ท่อน 1,23,รร09,รร
SMT001,จำปานารี สองชั้น (สำนวนที่ ๒) – ท่อน 2,24,ซฟ32,ซฟ
SMT001,จำปานารี สองชั้น (สำนวนที่ ๒) – ท่อน 2,25,ซร30,ซร
SMT001,จำปานารี สองชั้น (สำนวนที่ ๒) – ท่อน 2,26,รฟ11,รฟ
SMT001,จำปานารี สองชั้น (สำนวนที่ ๒) – ท่อน 2,27,ลฟ39,ลฟ
SMT001,จำปานารี สองชั้น (สำนวนที่ ๒) – ท่อน 2,28,รร09,รร
JLN001,ท่อน 1,1,รซ12,รซ
JLN001,ท่อน 1,2,ฟล27,ฟล
JLN001,ท่อน 1,3,ซล34,ซล
JLN001,ท่อน 1,4,ซซ33,ซซ
JLN001,ท่อน 1,5,ลฟ39,ลฟ
JLN001,ท่อน 1,6,รร09,รร
JLN001,ท่อน 2,7,ดด01,ดด
JLN001,ท่อน 2,8,ลล41,ลล
JLN001,ท่อน 2,9,ลฟ39,ลฟ
JLN001,ท่อน 2,10,ซซ33,ซซ
JLN001,ท่อน 2,11,ซล34,ซล
JLN001,ท่อน 2,12,ฟร23,ฟร
JLN001,ท่อน 3,13,ซล34,ซล
JLN001,ท่อน 3,14,ดล06,ดล
JLN001,ท่อน 3,15,ลฟ39,ลฟ
JLN001,ท่อน 3,16,ซซ33,ซซ
JLN001,ท่อน 3,17,ซล34,ซล
JLN001,ท่อน 3,18,ฟร23,ฟร
JLN001,ท่อน 4,19,รร09,รร
JLN001,ท่อน 4,20,ทล48,ทล
JLN001,ท่อน 4,21,รร09,รร
JLN001,ท่อน 4,22,รท14,รท
JLN001,ท่อน 4,23,ลล41,ลล
JLN001,ท่อน 4,24,ลซ40,ลซ
JLN001,ท่อน 4,25,ซล34,ซล
JLN001,ท่อน 4,26,ฟร23,ฟร
JLN001,ท่อน 5,27,รร09,รร
JLN001,ท่อน 5,28,ลล41,ลล
JLN001,ท่อน 5,29,ซซ33,ซซ
JLN001,ท่อน 5,30,ลฟ39,ลฟ
JLN001,ท่อน 5,31,รร09,รร
JLN001,ท่อน 6,32,รร09,รร
JLN001,ท่อน 6,33,รร09,รร
JLN001,ท่อน 6,34,มร16,มร
JLN001,ท่อน 6,35,มร16,มร
JLN001,ท่อน 6,36,ดซ05,ดซ
JLN001,ท่อน 6,37,ดซ05,ดซ
JLN001,ท่อน 6,38,ลฟ39,ลฟ
JLN001,ท่อน 6,39,ซม31,ซม
TPP001,-,1,ซท35,ซท
TPP001,-,2,รล13,รล
TPP001,-,3,ลซ40,ลซ
TPP001,-,4,ลร37,ลร
TPP001,-,5,รซ12,รซ
TPP001,-,6,ลม38,ลม
TPP001,-,7,ทซ47,ทซ
TPP001,-,8,ลซ40,ลซ
TPP001,-,9,ทซ47,ทซ
TPP001,-,10,ลร37,ลร
TPP001,-,11,ทซ47,ทซ
TPP001,-,12,ลซ40,ลซ
TPP001,-,13,มท21,มท
TPP001,-,14,ซท35,ซท
TPP001,-,15,มท21,มท
TPP001,-,16,ทซ47,ทซ
TPP001,-,17,ลม38,ลม
TPP001,-,18,ทม45,ทม
TPP001,-,19,ทซ47,ทซ
TPP001,-,20,ลซ40,ลซ
TPP001,-,21,รท14,รท
TPP001,-,22,ลม38,ลม
TPP001,-,23,ลล41,ลล
TPP001,-,24,ฟร23,ฟร
TPP001,-,25,มม17,มม
TPP001,-,26,ทร44,ทร
TPP001,-,27,รฟ11,รฟ
TPP001,-,28,ฟร23,ฟร
TPP001,-,29,ลร37,ลร
TPP001,-,30,ฟร23,ฟร
TPP001,-,31,รม10,รม
TPP001,-,32,มซ19,มซ
TML001,-,1,ลม38,ลม
TML001,-,2,รซ12,รซ
TML001,-,3,ซท35,ซท
TML001,-,4,ทร44,ทร
TML001,-,5,ฟร23,ฟร
TML001,-,6,มซ19,มซ
TML001,-,7,ซท35,ซท
TML001,-,8,ลม38,ลม
TML001,-,9,ทล48,ทล
TML001,-,10,ทม45,ทม
TML001,-,11,ทซ47,ทซ
TML001,-,12,มล20,มล
TML001,-,13,ทซ47,ทซ
TML001,-,14,มล20,มล
TML001,-,15,ทซ47,ทซ
TML001,-,16,ลซ40,ลซ
TCT001,-,1,ลด36,ลด
TCT001,-,2,มด15,มด
TCT001,-,3,ซด29,ซด
TCT001,-,4,มด15,มด
TCT001,-,5,ซด29,ซด
TCT001,-,6,ดม03,ดม
TCT001,-,7,ดม03,ดม
TCT001,-,8,ลม38,ลม
TCT001,-,9,ลม38,ลม
TCT001,-,10,รม10,รม
TCT001,-,11,ทม45,ทม
TCT001,-,12,ทล48,ทล
TCT001,-,13,ทซ47,ทซ
TCT001,-,14,ซท35,ซท
TCT001,-,15,มท21,มท
TCT001,-,16,ทซ47,ทซ
TYR001,-,1,ซซ33,ซซ
TYR001,-,2,ดซ05,ดซ
TYR001,-,3,ทซ47,ทซ
TYR001,-,4,ฟล27,ฟล
TYR001,-,5,ทซ47,ทซ
TYR001,-,6,ฟล27,ฟล
TYR001,-,7,ทซ47,ทซ
TYR001,-,8,ฟซ26,ฟซ
TYR001,-,9,มซ19,มซ
TYR001,-,10,ทซ47,ทซ
TYR001,-,11,ฟล27,ฟล
TYR001,-,12,ทซ47,ทซ
TYR001,-,13,ฟล27,ฟล
TYR001,-,14,ซด29,ซด
TYR001,-,15,รล13,รล
TYR001,-,16,มซ19,มซ
TSN001,-,1,รท14,รท
TSN001,-,2,ลม38,ลม
TSN001,-,3,ทม45,ทม
TSN001,-,4,ทล48,ทล
TSN001,-,5,รท14,รท
TSN001,-,6,ลม38,ลม
TSN001,-,7,ทม45,ทม
TSN001,-,8,ทล48,ทล
TSN001,-,9,มล20,มล
TSN001,-,10,ดล06,ดล
TSN001,-,11,มล20,มล
TSN001,-,12,มล20,มล
TSN001,-,13,ลล41,ลล
TSN001,-,14,ซด29,ซด
TSN001,-,15,รล13,รล
TSN001,-,16,มซ19,มซ
TSK001,-,1,ลล41,ลล
TSK001,-,2,ลม38,ลม
TSK001,-,3,ทม45,ทม
TSK001,-,4,ทล48,ทล
TSK001,-,5,ลล41,ลล
TSK001,-,6,ลม38,ลม
TSK001,-,7,ทม45,ทม
TSK001,-,8,ทล48,ทล
TSK001,-,9,มม17,มม
TSK001,-,10,มล20,มล
TSK001,-,11,มม17,มม
TSK001,-,12,ทล48,ทล
TSK001,-,13,มม17,มม
TSK001,-,14,มล20,มล
TSK001,-,15,มม17,มม
TSK001,-,16,ทซ47,ทซ
TJS001,-,1,รล13,รล
TJS001,-,2,ทล48,ทล
TJS001,-,3,ดท07,ดท
TJS001,-,4,ทฟ46,ทฟ
TJS001,-,5,รล13,รล
TJS001,-,6,ทล48,ทล
TJS001,-,7,ดท07,ดท
TJS001,-,8,ทฟ46,ทฟ
TJS001,-,9,ลล41,ลล
TJS001,-,10,ลฟ39,ลฟ
TJS001,-,11,ลล41,ลล
TJS001,-,12,ลร37,ลร
TJS001,-,13,ลล41,ลล
TJS001,-,14,ลฟ39,ลฟ
TJS001,-,15,ลม38,ลม
TJS001,-,16,มท21,มท
TJS001,-,17,ทล48,ทล
TJS001,-,18,ทฟ46,ทฟ
TJS001,-,19,มล20,มล
TJS001,-,20,ลท42,ลท
TJS001,-,21,ทร44,ทร
TJS001,-,22,มท21,มท
TJS001,-,23,ฟร23,ฟร
TJS001,-,24,ทร44,ทร
TTN001,-,1,ฟฟ25,ฟฟ
TTN001,-,2,ทร44,ทร
TTN001,-,3,มท21,มท
TTN001,-,4,ทม45,ทม
TTN001,-,5,ฟด22,ฟด
TTN001,-,6,ทร44,ทร
TTN001,-,7,มท21,มท
TTN001,-,8,ทม45,ทม
TTN001,-,9,ลม38,ลม
TTN001,-,10,รม10,รม
TTN001,-,11,ลม38,ลม
TTN001,-,12,รม10,รม
TTN001,-,13,ลม38,ลม
TTN001,-,14,รท14,รท
TTN001,-,15,ฟร23,ฟร
TTN001,-,16,ทร44,ทร
KNR001,สามชั้น ท่อน 1 (เที่ยวแรก),1,ซซ33,ซซ
KNR001,สามชั้น ท่อน 1 (เที่ยวแรก),2,ซร30,ซร
KNR001,สามชั้น ท่อน 1 (เที่ยวแรก),3,มด15,มด
KNR001,สามชั้น ท่อน 1 (เที่ยวแรก),4,รท14,รท
KNR001,สามชั้น ท่อน 1 (เที่ยวแรก),5,ทล48,ทล
KNR001,สามชั้น ท่อน 1 (เที่ยวแรก),6,ซท35,ซท
KNR001,สามชั้น ท่อน 1 (เที่ยวแรก),7,มล20,มล
KNR001,สามชั้น ท่อน 1 (เที่ยวแรก),8,ทซ47,ทซ
KNR001,สามชั้น ท่อน 1 (ทางเปลี่ยน),9,ซซ33,ซซ
KNR001,สามชั้น ท่อน 1 (ทางเปลี่ยน),10,ซร30,ซร
KNR001,สามชั้น ท่อน 1 (ทางเปลี่ยน),11,รร09,รร
KNR001,สามชั้น ท่อน 1 (ทางเปลี่ยน),12,รท14,รท
KNR001,สามชั้น ท่อน 1 (ทางเปลี่ยน),13,ทร44,ทร
KNR001,สามชั้น ท่อน 1 (ทางเปลี่ยน),14,ลล41,ลล
KNR001,สามชั้น ท่อน 1 (ทางเปลี่ยน),15,ซท35,ซท
KNR001,สามชั้น ท่อน 1 (ทางเปลี่ยน),16,รล13,รล
KNR001,สามชั้น ท่อน 1 (ทางเปลี่ยน),17,ทซ47,ทซ
KNR001,สองชั้น,18,ซร30,ซร
KNR001,สองชั้น,19,ดท07,ดท
KNR001,สองชั้น,20,ลท42,ลท
KNR001,สองชั้น,21,ลซ40,ลซ
KNR001,ชั้นเดียว,22,รท14,รท
KNR001,ชั้นเดียว,23,ทซ47,ทซ
KNR001,ลูกหมด,24,รร09,รร
KNR001,ลูกหมด,25,รร09,รร
KWL001,สามชั้น ท่อน 1,1,ดด01,ดด
KWL001,สามชั้น ท่อน 1,2,ดซ05,ดซ
KWL001,สามชั้น ท่อน 1,3,มซ19,มซ
KWL001,สามชั้น ท่อน 1,4,ลด36,ลด
KWL001,สามชั้น ท่อน 1,5,ดด01,ดด
KWL001,สามชั้น ท่อน 1,6,ดซ05,ดซ
KWL001,สามชั้น ท่อน 1,7,มซ19,มซ
KWL001,สามชั้น ท่อน 1,8,ดซ05,ดซ
KWL001,สามชั้น ท่อน 2,9,ซซ33,ซซ
KWL001,สามชั้น ท่อน 2,10,ซม31,ซม
KWL001,สามชั้น ท่อน 2,11,ดม03,ดม
KWL001,สามชั้น ท่อน 2,12,มซ19,มซ
KWL001,สามชั้น ท่อน 2,13,ซซ33,ซซ
KWL001,สามชั้น ท่อน 2,14,ซม31,ซม
KWL001,สามชั้น ท่อน 2,15,ดม03,ดม
KWL001,สามชั้น ท่อน 2,16,มด15,มด
KWL001,สองชั้น ท่อน 1,17,ดซ05,ดซ
KWL001,สองชั้น ท่อน 1,18,ซด29,ซด
KWL001,สองชั้น ท่อน 1,19,ดซ05,ดซ
KWL001,สองชั้น ท่อน 1,20,ซซ33,ซซ
KWL001,สองชั้น ท่อน 2,21,ซม31,ซม
KWL001,สองชั้น ท่อน 2,22,มซ19,มซ
KWL001,สองชั้น ท่อน 2,23,ซม31,ซม
KWL001,สองชั้น ท่อน 2,24,มด15,มด
KWL001,ชั้นเดียว ท่อน 1,25,ซด29,ซด
KWL001,ชั้นเดียว ท่อน 1,26,ซซ33,ซซ
KWL001,ชั้นเดียว ท่อน 2,27,มซ19,มซ
KWL001,ชั้นเดียว ท่อน 2,28,มด15,มด
KWL001,ลูกหมด,29,ซร30,ซร
KWL001,ลูกหมด,30,รร09,รร
KMP001,สามชั้น ท่อน 1,1,ฟฟ25,ฟฟ
KMP001,สามชั้น ท่อน 1,2,ลร37,ลร
KMP001,สามชั้น ท่อน 1,3,ซร30,ซร
KMP001,สามชั้น ท่อน 1,4,ลด36,ลด
KMP001,สามชั้น ท่อน 1,5,รฟ11,รฟ
KMP001,สามชั้น ท่อน 1,6,ฟล27,ฟล
KMP001,สามชั้น ท่อน 1,7,ฟฟ25,ฟฟ
KMP001,สามชั้น ท่อน 1,8,ซฟ32,ซฟ
KMP001,สามชั้น ท่อน 2,9,ฟฟ25,ฟฟ
KMP001,สามชั้น ท่อน 2,10,ฟล27,ฟล
KMP001,สามชั้น ท่อน 2,11,ลร37,ลร
KMP001,สามชั้น ท่อน 2,12,รซ12,รซ
KMP001,สามชั้น ท่อน 2,13,ซร30,ซร
KMP001,สามชั้น ท่อน 2,14,ลซ40,ลซ
KMP001,สามชั้น ท่อน 2,15,ซฟ32,ซฟ
KMP001,สามชั้น ท่อน 2,16,ฟร23,ฟร
KMP001,สามชั้น ท่อน 2,17,ลฟ39,ลฟ
KMP001,สามชั้น ท่อน 2,18,ซร30,ซร
KMP001,สามชั้น ท่อน 2,19,ซฟ32,ซฟ
KMP001,สามชั้น ท่อน 2,20,ซร30,ซร
KMP001,สามชั้น ท่อน 2,21,ซฟ32,ซฟ
KMP001,สองชั้น ท่อน 1,22,ฟร23,ฟร
KMP001,สองชั้น ท่อน 1,23,รด08,รด
KMP001,สองชั้น ท่อน 1,24,ฟล27,ฟล
KMP001,สองชั้น ท่อน 1,25,รฟ11,รฟ
KMP001,สองชั้น ท่อน 2,26,ฟล27,ฟล
KMP001,สองชั้น ท่อน 2,27,รซ12,รซ
KMP001,สองชั้น ท่อน 2,28,ฟร23,ฟร
KMP001,สองชั้น ท่อน 2,29,รฟ11,รฟ
KMP001,สองชั้น ท่อน 2,30,รฟ11,รฟ
KMP001,สองชั้น ท่อน 2,31,รฟ11,รฟ
KMP001,ชั้นเดียว ท่อน 1,32,รด08,รด
KMP001,ชั้นเดียว ท่อน 1,33,ลฟ39,ลฟ
KMP001,ชั้นเดียว ท่อน 2,34,ลซ40,ลซ
KMP001,ชั้นเดียว ท่อน 2,35,รด08,รด
KMP001,ชั้นเดียว ท่อน 2,36,ลฟ39,ลฟ
KMP001,ลูกหมด,37,ลร37,ลร
KMP001,ลูกหมด,38,ดด01,ดด
KMP001,ลูกหมด,39,รฟ11,รฟ
KMP001,ลูกหมด,40,ซด29,ซด
KMP001,ลูกหมด,41,ดด01,ดด
KMP001,ลูกหมด,42,รร09,รร
KMP001,ลูกหมด,43,ลร37,ลร
KMP001,ลูกหมด,44,ซร30,ซร
KMP001,ลูกหมด,45,ทร44,ทร
KLO001,สามชั้น ท่อน 1,1,รร09,รร
KLO001,สามชั้น ท่อน 1,2,ฟล27,ฟล
KLO001,สามชั้น ท่อน 1,3,ดร02,ดร
KLO001,สามชั้น ท่อน 1,4,รล13,รล
KLO001,สามชั้น ท่อน 1,5,ลด36,ลด
KLO001,สามชั้น ท่อน 1,6,ลซ40,ลซ
KLO001,สามชั้น ท่อน 1,7,ลล41,ลล
KLO001,สามชั้น ท่อน 1,8,ฟด22,ฟด
KLO001,สามชั้น ท่อน 1,9,ลล41,ลล
KLO001,สามชั้น ท่อน 1,10,ซด29,ซด
KLO001,สามชั้น ท่อน 1,11,ซด29,ซด
KLO001,สามชั้น ท่อน 1,12,ซร30,ซร
KLO001,สามชั้น ท่อน 1,13,ดร02,ดร
KLO001,สามชั้น ท่อน 1,14,ฟด22,ฟด
KLO001,สามชั้น ท่อน 1,15,รด08,รด
KLO001,สามชั้น ท่อน 1,16,รล13,รล
KLO001,สามชั้น ท่อน 1,17,ดล06,ดล
KLO001,สามชั้น ท่อน 1,18,ลฟ39,ลฟ
KLO001,สามชั้น ท่อน 1,19,ฟล27,ฟล
KLO001,สามชั้น ท่อน 1,20,ลด36,ลด
KLO001,สามชั้น ท่อน 1,21,ลซ40,ลซ
KLO001,สามชั้น ท่อน 1,22,มล20,มล
KLO001,สามชั้น ท่อน 1,23,รม10,รม
KLO001,สามชั้น ท่อน 2,24,ดด01,ดด
KLO001,สามชั้น ท่อน 2,25,ดร02,ดร
KLO001,สามชั้น ท่อน 2,26,รล13,รล
KLO001,สามชั้น ท่อน 2,27,ซล34,ซล
KLO001,สามชั้น ท่อน 2,28,ลซ40,ลซ
KLO001,สามชั้น ท่อน 2,29,ลล41,ลล
KLO001,สามชั้น ท่อน 2,30,รด08,รด
KLO001,สามชั้น ท่อน 2,31,ดซ05,ดซ
KLO001,สามชั้น ท่อน 2,32,ซด29,ซด
KLO001,สามชั้น ท่อน 2,33,ซด29,ซด
KLO001,สามชั้น ท่อน 2,34,รร09,รร
KLO001,สองชั้น ท่อน 1,35,รล13,รล
KLO001,สองชั้น ท่อน 1,36,รล13,รล
KLO001,สองชั้น ท่อน 1,37,ฟล27,ฟล
KLO001,สองชั้น ท่อน 1,38,ลฟ39,ลฟ
KLO001,สองชั้น ท่อน 1,39,มร16,มร
KLO001,สองชั้น ท่อน 2,40,ดร02,ดร
KLO001,สองชั้น ท่อน 2,41,รล13,รล
KLO001,สองชั้น ท่อน 2,42,ฟล27,ฟล
KLO001,สองชั้น ท่อน 2,43,ลฟ39,ลฟ
KLO001,สองชั้น ท่อน 2,44,มร16,มร
KLO001,ชั้นเดียว ท่อน 1,45,ลล41,ลล
KLO001,ชั้นเดียว ท่อน 1,46,ลร37,ลร
KLO001,ชั้นเดียว ท่อน 2,47,รล13,รล
KLO001,ชั้นเดียว ท่อน 2,48,ลร37,ลร
KLO001,ลูกหมด,49,รร09,รร
KKL001,สามชั้น,1,ทร44,ทร
KKL001,สามชั้น,2,ดล06,ดล
KKL001,สามชั้น,3,มล20,มล
KKL001,สามชั้น,4,ลซ40,ลซ
KKL001,สามชั้น,5,ดล06,ดล
KKL001,สามชั้น,6,ดฟ04,ดฟ
KKL001,สามชั้น,7,ฟล27,ฟล
KKL001,สามชั้น,8,ลซ40,ลซ
KKL001,สามชั้น,9,รร09,รร
KKL001,สามชั้น,10,ดร02,ดร
KKL001,สามชั้น,11,ดฟ04,ดฟ
KKL001,สามชั้น,12,ลฟ39,ลฟ
KKL001,สามชั้น,13,ลล41,ลล
KKL001,สามชั้น,14,ดล06,ดล
KKL001,สามชั้น,15,ฟฟ25,ฟฟ
KKL001,สามชั้น,16,ซฟ32,ซฟ
KKL001,สามชั้น,17,ฟด22,ฟด
KKL001,สามชั้น,18,ฟซ26,ฟซ
KKL001,สองชั้น,19,รล13,รล
KKL001,สองชั้น,20,ลซ40,ลซ
KKL001,สองชั้น,21,ลฟ39,ลฟ
KKL001,สองชั้น,22,ลซ40,ลซ
KKL001,สองชั้น,23,รล13,รล
KKL001,สองชั้น,24,มซ19,มซ
KKL001,สองชั้น,25,ดร02,ดร
KKL001,สองชั้น,26,ดซ05,ดซ
KKL001,ชั้นเดียว,27,ลซ40,ลซ
KKL001,ชั้นเดียว,28,ฟซ26,ฟซ
KKL001,ชั้นเดียว,29,ลล41,ลล
KKL001,ชั้นเดียว,30,ดด01,ดด
KKL001,ลูกหมด,31,รด08,รด
KKL001,ลูกหมด,32,ทด43,ทด
KKW001,สามชั้น ท่อน 1,1,รร09,รร
KKW001,สามชั้น ท่อน 1,2,รซ12,รซ
KKW001,สามชั้น ท่อน 1,3,รซ12,รซ
KKW001,สามชั้น ท่อน 1,4,ซล34,ซล
KKW001,สามชั้น ท่อน 1,5,มล20,มล
KKW001,สามชั้น ท่อน 1,6,ลฟ39,ลฟ
KKW001,สามชั้น ท่อน 1,7,รฟ11,รฟ
KKW001,สามชั้น ท่อน 1,8,ฟร23,ฟร
KKW001,สามชั้น ท่อน 1,9,ฟร23,ฟร
KKW001,สามชั้น ท่อน 2,10,ดล06,ดล
KKW001,สามชั้น ท่อน 2,11,ลร37,ลร
KKW001,สามชั้น ท่อน 2,12,รร09,รร
KKW001,สามชั้น ท่อน 2,13,-,-
KKW001,สามชั้น ท่อน 2,14,ลล41,ลล
KKW001,สามชั้น ท่อน 2,15,-,-
KKW001,สามชั้น ท่อน 2,16,ลล41,ลล
KKW001,สามชั้น ท่อน 2,17,ลฟ39,ลฟ
KKW001,สามชั้น ท่อน 2,18,รฟ11,รฟ
KKW001,สามชั้น ท่อน 2,19,ฟร23,ฟร
KKW001,สองชั้น ท่อน 1,20,ซซ33,ซซ
KKW001,สองชั้น ท่อน 1,21,ซล34,ซล
KKW001,สองชั้น ท่อน 1,22,ลฟ39,ลฟ
KKW001,สองชั้น ท่อน 1,23,ฟร23,ฟร
KKW001,สองชั้น ท่อน 2,24,ลร37,ลร
KKW001,สองชั้น ท่อน 2,25,รล13,รล
KKW001,สองชั้น ท่อน 2,26,-,-
KKW001,สองชั้น ท่อน 2,27,ลฟ39,ลฟ
KKW001,สองชั้น ท่อน 2,28,ฟร23,ฟร
KKW001,ชั้นเดียว ท่อน 1,29,ซล34,ซล
KKW001,ชั้นเดียว ท่อน 1,30,รม10,รม
KKW001,ชั้นเดียว ท่อน 1,31,ฟร23,ฟร
KKW001,ชั้นเดียว ท่อน 2,32,รล13,รล
KKW001,ชั้นเดียว ท่อน 2,33,ฟร23,ฟร
KKW001,ลูกหมด,34,ซร30,ซร
KKW001,ลูกหมด,35,ลฟ39,ลฟ
KKW001,ลูกหมด,36,ซร30,ซร
KKW001,ลูกหมด,37,ลฟ39,ลฟ
KKW001,ลูกหมด,38,ซร30,ซร
KKW001,ลูกหมด,39,ดร02,ดร
KKW001,ลูกหมด,40,ดร02,ดร
KKW001,ลูกหมด,41,ลฟ39,ลฟ
KKW001,ลูกหมด,42,ซร30,ซร
KKW001,ลูกหมด,43,ลฟ39,ลฟ
KKW001,ลูกหมด,44,ซร30,ซร
KKW001,ลูกหมด,45,ดร02,ดร
KKW001,ลูกหมด,46,ดร02,ดร
KKW001,ลูกหมด,47,รร09,รร
KKW001,ลูกหมด,48,รร09,รร
KTM001,สามชั้น ท่อน 1,1,ซม31,ซม
KTM001,สามชั้น ท่อน 1,2,ซล34,ซล
KTM001,สามชั้น ท่อน 1,3,ฟล27,ฟล
KTM001,สามชั้น ท่อน 1,4,ฟร23,ฟร
KTM001,สามชั้น ท่อน 2,5,มม17,มม
KTM001,สามชั้น ท่อน 2,6,ซด29,ซด
KTM001,สามชั้น ท่อน 2,7,ฟล27,ฟล
KTM001,สามชั้น ท่อน 2,8,รร09,รร
KTM001,สองชั้น ท่อน 1,9,มล20,มล
KTM001,สองชั้น ท่อน 1,10,ลร37,ลร
KTM001,สองชั้น ท่อน 2,11,มด15,มด
KTM001,สองชั้น ท่อน 2,12,ฟร23,ฟร
KTM001,ชั้นเดียว ท่อน 1,13,ลร37,ลร
KTM001,ชั้นเดียว ท่อน 2,14,ดร02,ดร
KTM001,ลูกหมด,15,รร09,รร
KTM001,ลูกหมด,16,ซร30,ซร
KBT001,สามชั้น ท่อน 1,1,ลล41,ลล
KBT001,สามชั้น ท่อน 1,2,ลม38,ลม
KBT001,สามชั้น ท่อน 1,3,ดม03,ดม
KBT001,สามชั้น ท่อน 1,4,มด15,มด
KBT001,สามชั้น ท่อน 2,5,ดล06,ดล
KBT001,สามชั้น ท่อน 2,6,ลร37,ลร
KBT001,สามชั้น ท่อน 2,7,ดม03,ดม
KBT001,สามชั้น ท่อน 2,8,มด15,มด
KBT001,สองชั้น ท่อน 1,9,ลม38,ลม
KBT001,สองชั้น ท่อน 1,10,มด15,มด
KBT001,สองชั้น ท่อน 2,11,ลร37,ลร
KBT001,สองชั้น ท่อน 2,12,มด15,มด
KBT001,ชั้นเดียว ท่อน 1,13,มด15,มด
KBT001,ชั้นเดียว ท่อน 2,14,รด08,รด
KBT001,ลูกหมด,15,ดร02,ดร
KBT001,ลูกหมด,16,รร09,รร
KBT001,ลูกหมด,17,ลร37,ลร
KMJ001,สามชั้น ท่อน 1,1,ซซ33,ซซ
KMJ001,สามชั้น ท่อน 1,2,ทร44,ทร
KMJ001,สามชั้น ท่อน 1,3,ซด29,ซด
KMJ001,สามชั้น ท่อน 1,4,ดฟ04,ดฟ
KMJ001,สามชั้น ท่อน 1,5,ฟร23,ฟร
KMJ001,สามชั้น ท่อน 1,6,รท14,รท
KMJ001,สามชั้น ท่อน 1,7,ซล34,ซล
KMJ001,สามชั้น ท่อน 1,8,ดท07,ดท
KMJ001,สามชั้น ท่อน 1,9,รท14,รท
KMJ001,สามชั้น ท่อน 1,10,ทร44,ทร
KMJ001,สามชั้น ท่อน 1,11,ซร30,ซร
KMJ001,สามชั้น ท่อน 1,12,ทร44,ทร
KMJ001,สามชั้น ท่อน 2,13,ซร30,ซร
KMJ001,สามชั้น ท่อน 2,14,มซ19,มซ
KMJ001,สามชั้น ท่อน 2,15,ซร30,ซร
KMJ001,สามชั้น ท่อน 2,16,มซ19,มซ
KMJ001,สามชั้น ท่อน 2,17,ลฟ39,ลฟ
KMJ001,สามชั้น ท่อน 2,18,ฟร23,ฟร
KMJ001,สามชั้น ท่อน 2,19,ซล34,ซล
KMJ001,สามชั้น ท่อน 2,20,ดท07,ดท
KMJ001,สามชั้น ท่อน 2,21,รท14,รท
KMJ001,สามชั้น ท่อน 2,22,ทร44,ทร
KMJ001,สามชั้น ท่อน 2,23,ซร30,ซร
KMJ001,สามชั้น ท่อน 2,24,ทร44,ทร
KMJ001,สามชั้น ท่อน 3,25,ซร30,ซร
KMJ001,สามชั้น ท่อน 3,26,ทร44,ทร
KMJ001,สามชั้น ท่อน 3,27,ซด29,ซด
KMJ001,สามชั้น ท่อน 3,28,ดด01,ดด
KMJ001,สามชั้น ท่อน 3,29,รท14,รท
KMJ001,สามชั้น ท่อน 3,30,ทท49,ทท
KMJ001,สามชั้น ท่อน 3,31,ซล34,ซล
KMJ001,สามชั้น ท่อน 3,32,ดท07,ดท
KMJ001,สามชั้น ท่อน 3,33,รท14,รท
KMJ001,สามชั้น ท่อน 3,34,ทร44,ทร
KMJ001,สามชั้น ท่อน 3,35,ซร30,ซร
KMJ001,สามชั้น ท่อน 3,36,ทร44,ทร
KMJ001,สองชั้น ท่อน 1,37,ซร30,ซร
KMJ001,สองชั้น ท่อน 1,38,ดฟ04,ดฟ
KMJ001,สองชั้น ท่อน 1,39,รท14,รท
KMJ001,สองชั้น ท่อน 1,40,ลท42,ลท
KMJ001,สองชั้น ท่อน 1,41,ทร44,ทร
KMJ001,สองชั้น ท่อน 1,42,รร09,รร
KMJ001,สองชั้น ท่อน 2,43,รซ12,รซ
KMJ001,สองชั้น ท่อน 2,44,รซ12,รซ
KMJ001,สองชั้น ท่อน 2,45,ฟร23,ฟร
KMJ001,สองชั้น ท่อน 2,46,ลท42,ลท
KMJ001,สองชั้น ท่อน 2,47,ทร44,ทร
KMJ001,สองชั้น ท่อน 2,48,รร09,รร
KMJ001,สองชั้น ท่อน 3,49,รร09,รร
KMJ001,สองชั้น ท่อน 3,50,ดด01,ดด
KMJ001,สองชั้น ท่อน 3,51,ทท49,ทท
KMJ001,สองชั้น ท่อน 3,52,ลท42,ลท
KMJ001,สองชั้น ท่อน 3,53,ทร44,ทร
KMJ001,สองชั้น ท่อน 3,54,รร09,รร
KMJ001,ชั้นเดียว ท่อน 1,55,รม10,รม
KMJ001,ชั้นเดียว ท่อน 1,56,ทท49,ทท
KMJ001,ชั้นเดียว ท่อน 1,57,รร09,รร
KMJ001,ชั้นเดียว ท่อน 2,58,ซซ33,ซซ
KMJ001,ชั้นเดียว ท่อน 2,59,รท14,รท
KMJ001,ชั้นเดียว ท่อน 2,60,รร09,รร
KMJ001,ชั้นเดียว ท่อน 3,61,รด08,รด
KMJ001,ชั้นเดียว ท่อน 3,62,ทท49,ทท
KMJ001,ชั้นเดียว ท่อน 3,63,รร09,รร
KMJ001,ลูกหมด,64,รร09,รร
KMB001,สามชั้น ท่อน 1,1,ซล34,ซล
KMB001,สามชั้น ท่อน 1,2,ดร02,ดร
KMB001,สามชั้น ท่อน 1,3,ซด29,ซด
KMB001,สามชั้น ท่อน 1,4,ดท07,ดท
KMB001,สามชั้น ท่อน 1,5,ซท35,ซท
KMB001,สามชั้น ท่อน 1,6,-,-
KMB001,สามชั้น ท่อน 1,7,ซท35,ซท
KMB001,สามชั้น ท่อน 1,8,-,-
KMB001,สามชั้น ท่อน 1,9,รท14,รท
KMB001,สามชั้น ท่อน 1,10,ทซ47,ทซ
KMB001,สามชั้น ท่อน 2,11,ฟด22,ฟด
KMB001,สามชั้น ท่อน 2,12,ดซ05,ดซ
KMB001,สามชั้น ท่อน 2,13,ลด36,ลด
KMB001,สามชั้น ท่อน 2,14,รท14,รท
KMB001,สามชั้น ท่อน 2,15,ฟร23,ฟร
KMB001,สามชั้น ท่อน 2,16,ดท07,ดท
KMB001,สามชั้น ท่อน 2,17,รท14,รท
KMB001,สามชั้น ท่อน 2,18,ทซ47,ทซ
KMB001,สามชั้น ท่อน 3,19,ซซ33,ซซ
KMB001,สามชั้น ท่อน 3,20,ซร30,ซร
KMB001,สามชั้น ท่อน 3,21,ซซ33,ซซ
KMB001,สามชั้น ท่อน 3,22,ซร30,ซร
KMB001,สามชั้น ท่อน 3,23,ดฟ04,ดฟ
KMB001,สามชั้น ท่อน 3,24,ฟด22,ฟด
KMB001,สามชั้น ท่อน 3,25,ลด36,ลด
KMB001,สามชั้น ท่อน 3,26,ดท07,ดท
KMB001,สามชั้น ท่อน 3,27,รร09,รร
KMB001,สามชั้น ท่อน 3,28,รท14,รท
KMB001,สามชั้น ท่อน 3,29,รท14,รท
KMB001,สามชั้น ท่อน 3,30,ทซ47,ทซ
KMB001,สองชั้น ท่อน 1,31,ลร37,ลร
KMB001,สองชั้น ท่อน 1,32,ดท07,ดท
KMB001,สองชั้น ท่อน 1,33,ทท49,ทท
KMB001,สองชั้น ท่อน 1,34,ฟฟ25,ฟฟ
KMB001,สองชั้น ท่อน 1,35,ทซ47,ทซ
KMB001,สองชั้น ท่อน 2,36,ดซ05,ดซ
KMB001,สองชั้น ท่อน 2,37,ดท07,ดท
KMB001,สองชั้น ท่อน 2,38,รท14,รท
KMB001,สองชั้น ท่อน 2,39,ทซ47,ทซ
KMB001,สองชั้น ท่อน 3,40,ซร30,ซร
KMB001,สองชั้น ท่อน 3,41,ซร30,ซร
KMB001,สองชั้น ท่อน 3,42,ฟด22,ฟด
KMB001,สองชั้น ท่อน 3,43,ดท07,ดท
KMB001,สองชั้น ท่อน 3,44,รท14,รท
KMB001,สองชั้น ท่อน 3,45,ทซ47,ทซ
KMB001,ชั้นเดียว ท่อน 1,46,รท14,รท
KMB001,ชั้นเดียว ท่อน 1,47,ทซ47,ทซ
KMB001,ชั้นเดียว ท่อน 2,48,ซท35,ซท
KMB001,ชั้นเดียว ท่อน 2,49,ทซ47,ทซ
KMB001,ชั้นเดียว ท่อน 3,50,รร09,รร
KMB001,ชั้นเดียว ท่อน 3,51,ดท07,ดท
KMB001,ชั้นเดียว ท่อน 3,52,ทซ47,ทซ
KMB001,ลูกหมด,53,ทร44,ทร
KMB001,ลูกหมด,54,รร09,รร
KMB001,ลูกหมด,55,ทร44,ทร
KMB001,ลูกหมด,56,ซร30,ซร
KMB001,ลูกหมด,57,ทร44,ทร
KMC001,สามชั้น ท่อน 1,1,ซซ33,ซซ
KMC001,สามชั้น ท่อน 1,2,ซร30,ซร
KMC001,สามชั้น ท่อน 1,3,ดม03,ดม
KMC001,สามชั้น ท่อน 1,4,มด15,มด
KMC001,สามชั้น ท่อน 1,5,ดล06,ดล
KMC001,สามชั้น ท่อน 1,6,ทซ47,ทซ
KMC001,สามชั้น ท่อน 2,7,ทท49,ทท
KMC001,สามชั้น ท่อน 2,8,มร16,มร
KMC001,สามชั้น ท่อน 2,9,ซท35,ซท
KMC001,สามชั้น ท่อน 2,10,ทซ47,ทซ
KMC001,สามชั้น ท่อน 3,11,ซร30,ซร
KMC001,สามชั้น ท่อน 3,12,มซ19,มซ
KMC001,สามชั้น ท่อน 3,13,ซร30,ซร
KMC001,สามชั้น ท่อน 3,14,มซ19,มซ
KMC001,สามชั้น ท่อน 3,15,ลฟ39,ลฟ
KMC001,สามชั้น ท่อน 3,16,มซ19,มซ
KMC001,สองชั้น ท่อน 1,17,ซร30,ซร
KMC001,สองชั้น ท่อน 1,18,มด15,มด
KMC001,สองชั้น ท่อน 1,19,ลซ40,ลซ
KMC001,สองชั้น ท่อน 2,20,ทร44,ทร
KMC001,สองชั้น ท่อน 2,21,ทซ47,ทซ
KMC001,สองชั้น ท่อน 3,22,รซ12,รซ
KMC001,สองชั้น ท่อน 3,23,รซ12,รซ
KMC001,สองชั้น ท่อน 3,24,ฟซ26,ฟซ
KMC001,ชั้นเดียว ท่อน 1,25,รด08,รด
KMC001,ชั้นเดียว ท่อน 2,26,รซ12,รซ
KMC001,ชั้นเดียว ท่อน 3,27,ซซ33,ซซ
KMC001,ลูกหมด,28,รร09,รร
KMC001,ลูกหมด,29,รร09,รร
JKL001,สามชั้น ท่อน 1,1,ซด29,ซด
JKL001,สามชั้น ท่อน 1,2,ซซ33,ซซ
JKL001,สามชั้น ท่อน 1,3,ดม03,ดม
JKL001,สามชั้น ท่อน 1,4,ดด01,ดด
JKL001,สามชั้น ท่อน 2,5,ดล06,ดล
JKL001,สามชั้น ท่อน 2,6,ดด01,ดด
JKL001,สามชั้น ท่อน 3,7,ดร02,ดร
JKL001,สามชั้น ท่อน 3,8,ดร02,ดร
JKL001,สามชั้น ท่อน 3,9,ลด36,ลด
JKL001,สามชั้น ท่อน 3,10,ซซ33,ซซ
JKL001,สามชั้น ท่อน 3,11,ดม03,ดม
JKL001,สามชั้น ท่อน 3,12,ดด01,ดด
JKL001,สองชั้น ท่อน 1,13,ดซ05,ดซ
JKL001,สองชั้น ท่อน 1,14,มด15,มด
JKL001,สองชั้น ท่อน 2,15,ลด36,ลด
JKL001,สองชั้น ท่อน 3,16,รร09,รร
JKL001,สองชั้น ท่อน 3,17,ดซ05,ดซ
JKL001,สองชั้น ท่อน 3,18,มด15,มด
JKL001,ชั้นเดียว ท่อน 1,19,ซด29,ซด
JKL001,ชั้นเดียว ท่อน 2,20,ดด01,ดด
JKL001,ชั้นเดียว ท่อน 3,21,รซ12,รซ
JKL001,ลูกหมด,22,ซร30,ซร
JKL001,ลูกหมด,23,รร09,รร
PLT001,สามชั้น ท่อน 1,1,รร09,รร
PLT001,สามชั้น ท่อน 1,2,รท14,รท
PLT001,สามชั้น ท่อน 1,3,ซท35,ซท
PLT001,สามชั้น ท่อน 1,4,มด15,มด
PLT001,สามชั้น ท่อน 1,5,ลร37,ลร
PLT001,สามชั้น ท่อน 1,6,รท14,รท
PLT001,สามชั้น ท่อน 1,7,ซท35,ซท
PLT001,สามชั้น ท่อน 1,8,ทซ47,ทซ
PLT001,สามชั้น ท่อน 2,9,มล20,มล
PLT001,สามชั้น ท่อน 2,10,ลม38,ลม
PLT001,สามชั้น ท่อน 2,11,มล20,มล
PLT001,สามชั้น ท่อน 2,12,ทซ47,ทซ
PLT001,สามชั้น ท่อน 3,13,มร16,มร
PLT001,สามชั้น ท่อน 3,14,มร16,มร
PLT001,สามชั้น ท่อน 3,15,รซ12,รซ
PLT001,สามชั้น ท่อน 3,16,ลซ40,ลซ
PLT001,สองชั้น ท่อน 1,17,รท14,รท
PLT001,สองชั้น ท่อน 1,18,ทด43,ทด
PLT001,สองชั้น ท่อน 1,19,รท14,รท
PLT001,สองชั้น ท่อน 1,20,ทซ47,ทซ
PLT001,สองชั้น ท่อน 2,21,ลม38,ลม
PLT001,สองชั้น ท่อน 2,22,ลซ40,ลซ
PLT001,สองชั้น ท่อน 3,23,รร09,รร
PLT001,สองชั้น ท่อน 3,24,ซซ33,ซซ
PLT001,ชั้นเดียว ท่อน 1,25,ทด43,ทด
PLT001,ชั้นเดียว ท่อน 1,26,ทซ47,ทซ
PLT001,ชั้นเดียว ท่อน 2,27,ลซ40,ลซ
PLT001,ชั้นเดียว ท่อน 3,28,รซ12,รซ
PLT001,ลูกหมด,29,ทร44,ทร
PLT001,ลูกหมด,30,รร09,รร
MRD001,สามชั้น ท่อน 1,1,ซร30,ซร
MRD001,สามชั้น ท่อน 1,2,ดท07,ดท
MRD001,สามชั้น ท่อน 1,3,ลด36,ลด
MRD001,สามชั้น ท่อน 1,4,ดร02,ดร
MRD001,สามชั้น ท่อน 1,5,ดร02,ดร
MRD001,สามชั้น ท่อน 1,6,ดท07,ดท
MRD001,สามชั้น ท่อน 1,7,ซท35,ซท
MRD001,สามชั้น ท่อน 1,8,ทซ47,ทซ
MRD001,สามชั้น ท่อน 2,9,ซซ33,ซซ
MRD001,สามชั้น ท่อน 2,10,มซ19,มซ
MRD001,สามชั้น ท่อน 2,11,ทด43,ทด
MRD001,สามชั้น ท่อน 2,12,รร09,รร
MRD001,สามชั้น ท่อน 2,13,รร09,รร
MRD001,สามชั้น ท่อน 2,14,ทซ47,ทซ
MRD001,สามชั้น ท่อน 2,15,ทท49,ทท
MRD001,สองชั้น ท่อน 1,16,รท14,รท
MRD001,สองชั้น ท่อน 1,17,ดร02,ดร
MRD001,สองชั้น ท่อน 1,18,รท14,รท
MRD001,สองชั้น ท่อน 1,19,ทซ47,ทซ
MRD001,สองชั้น ท่อน 2,20,ซซ33,ซซ
MRD001,สองชั้น ท่อน 2,21,ซซ33,ซซ
MRD001,สองชั้น ท่อน 2,22,รท14,รท
MRD001,สองชั้น ท่อน 2,23,ทซ47,ทซ
MRD001,ชั้นเดียว ท่อน 1,24,ทร44,ทร
MRD001,ชั้นเดียว ท่อน 1,25,ทซ47,ทซ
MRD001,ชั้นเดียว ท่อน 2,26,ซร30,ซร
MRD001,ชั้นเดียว ท่อน 2,27,ทซ47,ทซ
MRD001,ลูกหมด,28,รร09,รร
MRD001,ลูกหมด,29,รร09,รร
RPD001,สามชั้น ท่อน 1 (เที่ยวแรก),1,ซร30,ซร
RPD001,สามชั้น ท่อน 1 (เที่ยวแรก),2,ดท07,ดท
RPD001,สามชั้น ท่อน 1 (เที่ยวแรก),3,ซร30,ซร
RPD001,สามชั้น ท่อน 1 (เที่ยวแรก),4,ดท07,ดท
RPD001,สามชั้น ท่อน 1 (เที่ยวแรก),5,ดด01,ดด
RPD001,สามชั้น ท่อน 1 (เที่ยวแรก),6,ดร02,ดร
RPD001,สามชั้น ท่อน 1 (เที่ยวแรก),7,ทซ47,ทซ
RPD001,สามชั้น ท่อน 1 (เที่ยวแรก),8,ซด29,ซด
RPD001,สามชั้น ท่อน 1 (เที่ยวแรก),9,ดฟ04,ดฟ
RPD001,สามชั้น ท่อน 1 (เที่ยวแรก),10,ลซ40,ลซ
RPD001,สามชั้น ท่อน 1 (เที่ยวแรก),11,ฟด22,ฟด
RPD001,สามชั้น ท่อน 1 (เที่ยวแรก),12,ซซ33,ซซ
RPD001,สามชั้น ท่อน 1 (เที่ยวเปลี่ยน),13,ซร30,ซร
RPD001,สามชั้น ท่อน 1 (เที่ยวเปลี่ยน),14,ดท07,ดท
RPD001,สามชั้น ท่อน 1 (เที่ยวเปลี่ยน),15,ซร30,ซร
RPD001,สามชั้น ท่อน 1 (เที่ยวเปลี่ยน),16,ดท07,ดท
RPD001,สามชั้น ท่อน 1 (เที่ยวเปลี่ยน),17,ดด01,ดด
RPD001,สามชั้น ท่อน 1 (เที่ยวเปลี่ยน),18,ซซ33,ซซ
RPD001,สามชั้น ท่อน 1 (เที่ยวเปลี่ยน),19,ดร02,ดร
RPD001,สามชั้น ท่อน 1 (เที่ยวเปลี่ยน),20,ทท49,ทท
RPD001,สามชั้น ท่อน 1 (เที่ยวเปลี่ยน),21,ทท49,ทท
RPD001,สามชั้น ท่อน 1 (เที่ยวเปลี่ยน),22,ทด43,ทด
RPD001,สามชั้น ท่อน 1 (เที่ยวเปลี่ยน),23,ดฟ04,ดฟ
RPD001,สามชั้น ท่อน 1 (เที่ยวเปลี่ยน),24,ดฟ04,ดฟ
RPD001,สามชั้น ท่อน 1 (เที่ยวเปลี่ยน),25,ดด01,ดด
RPD001,สามชั้น ท่อน 1 (เที่ยวเปลี่ยน),26,ลล41,ลล
RPD001,สามชั้น ท่อน 1 (เที่ยวเปลี่ยน),27,ลซ40,ลซ
RPD001,สามชั้น ท่อน 1 (เที่ยวเปลี่ยน),28,ลล41,ลล
RPD001,สามชั้น ท่อน 1 (เที่ยวเปลี่ยน),29,ลซ40,ลซ
RPD001,สามชั้น ท่อน 1 (เที่ยวเปลี่ยน),30,มร16,มร
RPD001,สามชั้น ท่อน 1 (เที่ยวเปลี่ยน),31,ซซ33,ซซ
RPD001,สามชั้น ท่อน 1 (เที่ยวเปลี่ยน),32,ลร37,ลร
RPD001,สามชั้น ท่อน 1 (เที่ยวเปลี่ยน),33,ซซ33,ซซ
RPD001,สามชั้น ท่อน 1 (เที่ยวเปลี่ยน),34,ลด36,ลด
RPD001,สามชั้น ท่อน 1 (เที่ยวเปลี่ยน),35,ดซ05,ดซ
RPD001,สามชั้น ท่อน 1 (เที่ยวเปลี่ยน),36,ซท35,ซท
RPD001,สามชั้น ท่อน 1 (เที่ยวเปลี่ยน),37,ซท35,ซท
RPD001,สามชั้น ท่อน 1 (เที่ยวเปลี่ยน),38,ทท49,ทท
RPD001,สามชั้น ท่อน 1 (เที่ยวเปลี่ยน),39,ทท49,ทท
RPD001,สามชั้น ท่อน 1 (เที่ยวเปลี่ยน),40,ฟฟ25,ฟฟ
RPD001,สามชั้น ท่อน 1 (เที่ยวเปลี่ยน),41,ฟด22,ฟด
RPD001,สามชั้น ท่อน 1 (เที่ยวเปลี่ยน),42,ดด01,ดด
RPD001,สามชั้น ท่อน 1 (เที่ยวเปลี่ยน),43,รล13,รล
RPD001,สามชั้น ท่อน 1 (เที่ยวเปลี่ยน),44,ซด29,ซด
RPD001,สามชั้น ท่อน 1 (เที่ยวเปลี่ยน),45,ซล34,ซล
RPD001,สามชั้น ท่อน 1 (เที่ยวเปลี่ยน),46,ฟล27,ฟล
RPD001,สามชั้น ท่อน 1 (เที่ยวเปลี่ยน),47,ซฟ32,ซฟ
RPD001,สองชั้น,48,รท14,รท
RPD001,สองชั้น,49,รท14,รท
RPD001,สองชั้น,50,ดร02,ดร
RPD001,สองชั้น,51,ทด43,ทด
RPD001,สองชั้น,52,ดร02,ดร
RPD001,สองชั้น,53,ลซ40,ลซ
RPD001,ชั้นเดียว,54,ทท49,ทท
RPD001,ชั้นเดียว,55,รด08,รด
RPD001,ชั้นเดียว,56,รซ12,รซ
RPD001,ลูกหมด,57,รร09,รร
RPD001,ลูกหมด,58,รร09,รร
LST001,สามชั้น ท่อน 1 (เที่ยวแรก),1,ลซ40,ลซ
LST001,สามชั้น ท่อน 1 (เที่ยวแรก),2,มซ19,มซ
LST001,สามชั้น ท่อน 1 (เที่ยวแรก),3,ลซ40,ลซ
LST001,สามชั้น ท่อน 1 (เที่ยวแรก),4,มซ19,มซ
LST001,สามชั้น ท่อน 1 (เที่ยวแรก),5,มด15,มด
LST001,สามชั้น ท่อน 1 (เที่ยวแรก),6,ลด36,ลด
LST001,สามชั้น ท่อน 1 (เที่ยวแรก),7,ลล41,ลล
LST001,สามชั้น ท่อน 1 (เที่ยวแรก),8,ลด36,ลด
LST001,สามชั้น ท่อน 2 (เที่ยวแรก),9,ลซ40,ลซ
LST001,สามชั้น ท่อน 2 (เที่ยวแรก),10,ลร37,ลร
LST001,สามชั้น ท่อน 2 (เที่ยวแรก),11,รซ12,รซ
LST001,สามชั้น ท่อน 2 (เที่ยวแรก),12,ซร30,ซร
LST001,สามชั้น ท่อน 2 (เที่ยวแรก),13,รล13,รล
LST001,สามชั้น ท่อน 2 (เที่ยวแรก),14,มด15,มด
LST001,สามชั้น ท่อน 2 (เที่ยวแรก),15,ลด36,ลด
LST001,สามชั้น ท่อน 2 (เที่ยวแรก),16,ลล41,ลล
LST001,สามชั้น ท่อน 2 (เที่ยวแรก),17,ลด36,ลด
LST001,สามชั้น ท่อน 1 (ทางเปลี่ยน),18,ลซ40,ลซ
LST001,สามชั้น ท่อน 1 (ทางเปลี่ยน),19,มซ19,มซ
LST001,สามชั้น ท่อน 1 (ทางเปลี่ยน),20,ลซ40,ลซ
LST001,สามชั้น ท่อน 1 (ทางเปลี่ยน),21,มซ19,มซ
LST001,สามชั้น ท่อน 1 (ทางเปลี่ยน),22,มด15,มด
LST001,สามชั้น ท่อน 1 (ทางเปลี่ยน),23,ลล41,ลล
LST001,สามชั้น ท่อน 1 (ทางเปลี่ยน),24,ลล41,ลล
LST001,สามชั้น ท่อน 1 (ทางเปลี่ยน),25,ลด36,ลด
LST001,สามชั้น ท่อน 2 (ทางเปลี่ยน),26,ซด29,ซด
LST001,สามชั้น ท่อน 2 (ทางเปลี่ยน),27,-,-
LST001,สามชั้น ท่อน 2 (ทางเปลี่ยน),28,มร16,มร
LST001,สามชั้น ท่อน 2 (ทางเปลี่ยน),29,-,-
LST001,สามชั้น ท่อน 2 (ทางเปลี่ยน),30,ซด29,ซด
LST001,สามชั้น ท่อน 2 (ทางเปลี่ยน),31,-,-
LST001,สามชั้น ท่อน 2 (ทางเปลี่ยน),32,มร16,มร
LST001,สามชั้น ท่อน 2 (ทางเปลี่ยน),33,-,-
LST001,สามชั้น ท่อน 2 (ทางเปลี่ยน),34,มด15,มด
LST001,สามชั้น ท่อน 2 (ทางเปลี่ยน),35,ลด36,ลด
LST001,สามชั้น ท่อน 2 (ทางเปลี่ยน),36,ลล41,ลล
LST001,สามชั้น ท่อน 2 (ทางเปลี่ยน),37,ลด36,ลด
LST001,สองชั้น ท่อน 1 (เที่ยวแรก),38,ซซ33,ซซ
LST001,สองชั้น ท่อน 1 (เที่ยวแรก),39,ซซ33,ซซ
LST001,สองชั้น ท่อน 1 (เที่ยวแรก),40,ลด36,ลด
LST001,สองชั้น ท่อน 1 (เที่ยวแรก),41,ลด36,ลด
LST001,สองชั้น ท่อน 2 (เที่ยวแรก),42,ซร30,ซร
LST001,สองชั้น ท่อน 2 (เที่ยวแรก),43,รล13,รล
LST001,สองชั้น ท่อน 2 (เที่ยวแรก),44,ซร30,ซร
LST001,สองชั้น ท่อน 2 (เที่ยวแรก),45,รล13,รล
LST001,สองชั้น ท่อน 2 (เที่ยวแรก),46,ลด36,ลด
LST001,สองชั้น ท่อน 2 (เที่ยวแรก),47,ลด36,ลด
LST001,สองชั้น ท่อน 1 (ทางเปลี่ยน),48,ซซ33,ซซ
LST001,สองชั้น ท่อน 1 (ทางเปลี่ยน),49,ซซ33,ซซ
LST001,สองชั้น ท่อน 1 (ทางเปลี่ยน),50,ดด01,ดด
LST001,สองชั้น ท่อน 1 (ทางเปลี่ยน),51,ลด36,ลด
LST001,สองชั้น ท่อน 2 (ทางเปลี่ยน),52,ซร30,ซร
LST001,สองชั้น ท่อน 2 (ทางเปลี่ยน),53,รล13,รล
LST001,สองชั้น ท่อน 2 (ทางเปลี่ยน),54,ซร30,ซร
LST001,สองชั้น ท่อน 2 (ทางเปลี่ยน),55,รล13,รล
LST001,สองชั้น ท่อน 2 (ทางเปลี่ยน),56,ลด36,ลด
LST001,สองชั้น ท่อน 2 (ทางเปลี่ยน),57,ลด36,ลด
LST001,ชั้นเดียว ท่อน 1,58,ซซ33,ซซ
LST001,ชั้นเดียว ท่อน 1,59,ดด01,ดด
LST001,ชั้นเดียว ท่อน 2,60,รร09,รร
LST001,ชั้นเดียว ท่อน 2,61,ดด01,ดด
LST001,ลูกหมด,62,ซร30,ซร
LST001,ลูกหมด,63,รร09,รร
CSJ001,สามชั้น ท่อน 1,1,มม17,มม
CSJ001,สามชั้น ท่อน 1,2,ลซ40,ลซ
CSJ001,สามชั้น ท่อน 1,3,มม17,มม
CSJ001,สามชั้น ท่อน 1,4,มด15,มด
CSJ001,สามชั้น ท่อน 2,5,ดม03,ดม
CSJ001,สามชั้น ท่อน 2,6,ดม03,ดม
CSJ001,สามชั้น ท่อน 2,7,ดม03,ดม
CSJ001,สามชั้น ท่อน 2,8,มด15,มด
CSJ001,สามชั้น ท่อน 3,9,ฟด22,ฟด
CSJ001,สามชั้น ท่อน 3,10,ซฟ32,ซฟ
CSJ001,สามชั้น ท่อน 3,11,มร16,มร
CSJ001,สามชั้น ท่อน 4,12,ดม03,ดม
CSJ001,สามชั้น ท่อน 4,13,มล20,มล
CSJ001,สามชั้น ท่อน 4,14,ซล34,ซล
CSJ001,สองชั้น ท่อน 1,15,มม17,มม
CSJ001,สองชั้น ท่อน 1,16,มด15,มด
CSJ001,สองชั้น ท่อน 2,17,มซ19,มซ
CSJ001,สองชั้น ท่อน 2,18,มด15,มด
CSJ001,สองชั้น ท่อน 3,19,รฟ11,รฟ
CSJ001,สองชั้น ท่อน 3,20,รด08,รด
CSJ001,สองชั้น ท่อน 4,21,ซด29,ซด
CSJ001,สองชั้น ท่อน 4,22,ซซ33,ซซ
CSJ001,ชั้นเดียว ท่อน 1,23,ซด29,ซด
CSJ001,ชั้นเดียว ท่อน 2,24,มด15,มด
CSJ001,ชั้นเดียว ท่อน 3,25,ซด29,ซด
CSJ001,ชั้นเดียว ท่อน 4,26,มซ19,มซ
CSJ001,ลูกหมด,27,ซร30,ซร
CSJ001,ลูกหมด,28,รร09,รร
CPN001,สามชั้น ท่อน 1 (เที่ยวแรก),1,รซ12,รซ
CPN001,สามชั้น ท่อน 1 (เที่ยวแรก),2,มล20,มล
CPN001,สามชั้น ท่อน 1 (เที่ยวแรก),3,ลม38,ลม
CPN001,สามชั้น ท่อน 1 (เที่ยวแรก),4,ดซ05,ดซ
CPN001,สามชั้น ท่อน 1 (เที่ยวแรก),5,รล13,รล
CPN001,สามชั้น ท่อน 1 (เที่ยวแรก),6,รซ12,รซ
CPN001,สามชั้น ท่อน 1 (เที่ยวแรก),7,ดด01,ดด
CPN001,สามชั้น ท่อน 1 (เที่ยวแรก),8,ซม31,ซม
CPN001,สามชั้น ท่อน 1 (เที่ยวแรก),9,มซ19,มซ
CPN001,สามชั้น ท่อน 1 (เที่ยวแรก),10,รม10,รม
CPN001,สามชั้น ท่อน 1 (เที่ยวแรก),11,ลด36,ลด
CPN001,สามชั้น ท่อน 1 (เที่ยวแรก),12,ซล34,ซล
CPN001,สามชั้น ท่อน 1 (เที่ยวแรก),13,ดม03,ดม
CPN001,สามชั้น ท่อน 1 (เที่ยวแรก),14,ฟซ26,ฟซ
CPN001,สามชั้น ท่อน 1 (เที่ยวแรก),15,ซด29,ซด
CPN001,สามชั้น ท่อน 1 (เที่ยวแรก),16,รร09,รร
CPN001,สามชั้น ท่อน 1 (เที่ยวแรก),17,ลล41,ลล
CPN001,สามชั้น ท่อน 1 (เที่ยวแรก),18,ลฟ39,ลฟ
CPN001,สามชั้น ท่อน 1 (เที่ยวแรก),19,ลร37,ลร
CPN001,สามชั้น ท่อน 1 (เที่ยวแรก),20,ซร30,ซร
CPN001,สามชั้น ท่อน 1 (เที่ยวกลับ),21,ซซ33,ซซ
CPN001,สามชั้น ท่อน 1 (เที่ยวกลับ),22,ซล34,ซล
CPN001,สามชั้น ท่อน 1 (เที่ยวกลับ),23,ลด36,ลด
CPN001,สามชั้น ท่อน 1 (เที่ยวกลับ),24,ฟร23,ฟร
CPN001,สามชั้น ท่อน 1 (เที่ยวกลับ),25,รล13,รล
CPN001,สามชั้น ท่อน 1 (เที่ยวกลับ),26,ลฟ39,ลฟ
CPN001,สามชั้น ท่อน 1 (เที่ยวกลับ),27,รฟ11,รฟ
CPN001,สามชั้น ท่อน 1 (เที่ยวกลับ),28,ฟร23,ฟร
CPN001,สองชั้น ท่อน 1 (เที่ยวแรก),29,ซล34,ซล
CPN001,สองชั้น ท่อน 1 (เที่ยวแรก),30,ดร02,ดร
CPN001,สองชั้น ท่อน 1 (เที่ยวแรก),31,ดฟ04,ดฟ
CPN001,สองชั้น ท่อน 1 (เที่ยวแรก),32,ฟร23,ฟร
CPN001,สองชั้น ท่อน 1 (เที่ยวแรก),33,ซด29,ซด
CPN001,สองชั้น ท่อน 1 (เที่ยวแรก),34,-,-
CPN001,สองชั้น ท่อน 1 (เที่ยวแรก),35,ซซ33,ซซ
CPN001,สองชั้น ท่อน 1 (เที่ยวแรก),36,-,-
CPN001,สองชั้น ท่อน 1 (เที่ยวแรก),37,ลฟ39,ลฟ
CPN001,สองชั้น ท่อน 1 (เที่ยวแรก),38,ฟร23,ฟร
CPN001,สองชั้น ท่อน 1 (เที่ยวกลับ),39,ซล34,ซล
CPN001,สองชั้น ท่อน 1 (เที่ยวกลับ),40,มร16,มร
CPN001,สองชั้น ท่อน 1 (เที่ยวกลับ),41,ลซ40,ลซ
CPN001,สองชั้น ท่อน 1 (เที่ยวกลับ),42,ดร02,ดร
CPN001,สองชั้น ท่อน 1 (เที่ยวกลับ),43,ซล34,ซล
CPN001,สองชั้น ท่อน 1 (เที่ยวกลับ),44,ดร02,ดร
CPN001,สองชั้น ท่อน 1 (เที่ยวกลับ),45,ลฟ39,ลฟ
CPN001,สองชั้น ท่อน 1 (เที่ยวกลับ),46,ดร02,ดร
CPN001,ชั้นเดียว ท่อน 1 (เที่ยวแรก),47,ลร37,ลร
CPN001,ชั้นเดียว ท่อน 1 (เที่ยวแรก),48,ฟร23,ฟร
CPN001,ชั้นเดียว ท่อน 1 (เที่ยวแรก),49,ลร37,ลร
CPN001,ชั้นเดียว ท่อน 1 (เที่ยวแรก),50,ฟร23,ฟร
CPN001,ชั้นเดียว ท่อน 1 (เที่ยวกลับ),51,ลร37,ลร
CPN001,ชั้นเดียว ท่อน 1 (เที่ยวกลับ),52,ฟร23,ฟร
CPN001,ชั้นเดียว ท่อน 1 (เที่ยวกลับ),53,ลร37,ลร
CPN001,ชั้นเดียว ท่อน 1 (เที่ยวกลับ),54,ฟร23,ฟร
CPN001,ลูกหมด,55,ลร37,ลร
CPN001,ลูกหมด,56,รร09,รร
TOR001,สามชั้น ท่อน 1,1,ฟฟ25,ฟฟ
TOR001,สามชั้น ท่อน 1,2,ลร37,ลร
TOR001,สามชั้น ท่อน 1,3,ลร37,ลร
TOR001,สามชั้น ท่อน 1,4,มด15,มด
TOR001,สามชั้น ท่อน 1,5,มซ19,มซ
TOR001,สามชั้น ท่อน 1,6,ดซ05,ดซ
TOR001,สามชั้น ท่อน 1,7,รม10,รม
TOR001,สามชั้น ท่อน 1,8,ซฟ32,ซฟ
TOR001,สามชั้น ท่อน 2,9,ฟฟ25,ฟฟ
TOR001,สามชั้น ท่อน 2,10,มซ19,มซ
TOR001,สามชั้น ท่อน 2,11,รร09,รร
TOR001,สามชั้น ท่อน 2,12,มซ19,มซ
TOR001,สามชั้น ท่อน 2,13,รม10,รม
TOR001,สามชั้น ท่อน 2,14,ซซ33,ซซ
TOR001,สามชั้น ท่อน 2,15,รม10,รม
TOR001,สามชั้น ท่อน 2,16,ซฟ32,ซฟ
TOR001,สามชั้น ท่อน 3,17,ฟฟ25,ฟฟ
TOR001,สามชั้น ท่อน 3,18,ฟล27,ฟล
TOR001,สามชั้น ท่อน 3,19,รล13,รล
TOR001,สามชั้น ท่อน 3,20,ลฟ39,ลฟ
TOR001,สามชั้น ท่อน 3,21,มร16,มร
TOR001,สามชั้น ท่อน 3,22,ดล06,ดล
TOR001,สามชั้น ท่อน 3,23,มร16,มร
TOR001,สามชั้น ท่อน 3,24,รล13,รล
TOR001,สามชั้น ท่อน 3,25,มซ19,มซ
TOR001,สามชั้น ท่อน 3,26,ดซ05,ดซ
TOR001,สามชั้น ท่อน 3,27,รม10,รม
TOR001,สามชั้น ท่อน 3,28,ซฟ32,ซฟ
TOR001,สองชั้น ท่อน 1,29,ฟร23,ฟร
TOR001,สองชั้น ท่อน 1,30,รด08,รด
TOR001,สองชั้น ท่อน 1,31,ซซ33,ซซ
TOR001,สองชั้น ท่อน 1,32,มฟ18,มฟ
TOR001,สองชั้น ท่อน 2,33,ฟซ26,ฟซ
TOR001,สองชั้น ท่อน 2,34,รซ12,รซ
TOR001,สองชั้น ท่อน 2,35,ดซ05,ดซ
TOR001,สองชั้น ท่อน 2,36,มฟ18,มฟ
TOR001,สองชั้น ท่อน 3,37,ฟล27,ฟล
TOR001,สองชั้น ท่อน 3,38,ลฟ39,ลฟ
TOR001,สองชั้น ท่อน 3,39,รล13,รล
TOR001,สองชั้น ท่อน 3,40,รล13,รล
TOR001,สองชั้น ท่อน 3,41,ซซ33,ซซ
TOR001,สองชั้น ท่อน 3,42,มฟ18,มฟ
TOR001,ชั้นเดียว ท่อน 1,43,รด08,รด
TOR001,ชั้นเดียว ท่อน 1,44,ซฟ32,ซฟ
TOR001,ชั้นเดียว ท่อน 2,45,ซซ33,ซซ
TOR001,ชั้นเดียว ท่อน 2,46,ซฟ32,ซฟ
TOR001,ชั้นเดียว ท่อน 3,47,ลฟ39,ลฟ
TOR001,ชั้นเดียว ท่อน 3,48,ลล41,ลล
TOR001,ชั้นเดียว ท่อน 3,49,ซฟ32,ซฟ
TOR001,ลูกหมด,50,รร09,รร
TOR001,ลูกหมด,51,รร09,รร
NKW001,สามชั้น ท่อน 1,1,ดร02,ดร
NKW001,สามชั้น ท่อน 1,2,รท14,รท
NKW001,สามชั้น ท่อน 1,3,ซร30,ซร
NKW001,สามชั้น ท่อน 1,4,รร09,รร
NKW001,สามชั้น ท่อน 1,5,ซร30,ซร
NKW001,สามชั้น ท่อน 1,6,รท14,รท
NKW001,สามชั้น ท่อน 1,7,ซซ33,ซซ
NKW001,สามชั้น ท่อน 1,8,ดซ05,ดซ
NKW001,สามชั้น ท่อน 2,9,ซฟ32,ซฟ
NKW001,สามชั้น ท่อน 2,10,ฟร23,ฟร
NKW001,สามชั้น ท่อน 2,11,รด08,รด
NKW001,สามชั้น ท่อน 2,12,ดท07,ดท
NKW001,สามชั้น ท่อน 2,13,รร09,รร
NKW001,สามชั้น ท่อน 2,14,ดท07,ดท
NKW001,สามชั้น ท่อน 2,15,ซซ33,ซซ
NKW001,สามชั้น ท่อน 2,16,ดซ05,ดซ
NKW001,สองชั้น ท่อน 1,17,รท14,รท
NKW001,สองชั้น ท่อน 1,18,ซซ33,ซซ
NKW001,สองชั้น ท่อน 1,19,ซท35,ซท
NKW001,สองชั้น ท่อน 1,20,ฟซ26,ฟซ
NKW001,สองชั้น ท่อน 2,21,ฟร23,ฟร
NKW001,สองชั้น ท่อน 2,22,ดท07,ดท
NKW001,สองชั้น ท่อน 2,23,รท14,รท
NKW001,สองชั้น ท่อน 2,24,ซซ33,ซซ
NKW001,ชั้นเดียว ท่อน 1,25,ทร44,ทร
NKW001,ชั้นเดียว ท่อน 1,26,ทซ47,ทซ
NKW001,ชั้นเดียว ท่อน 2,27,รท14,รท
NKW001,ชั้นเดียว ท่อน 2,28,ทซ47,ทซ
NKW001,ลูกหมด,29,ทร44,ทร
NKW001,ลูกหมด,30,รร09,รร
SLP001,ท่อน 1,1,ซด29,ซด
SLP001,ท่อน 1,2,มด15,มด
SLP001,ท่อน 1,3,ซด29,ซด
SLP001,ท่อน 1,4,มซ19,มซ
SLP001,ท่อน 1,5,รซ12,รซ
SLP001,ท่อน 1,6,มซ19,มซ
SLP001,ท่อน 1,7,มล20,มล
SLP001,ท่อน 1,8,ลม38,ลม
SLP001,ท่อน 1,9,มด15,มด
SLP001,ท่อน 1,10,ซด29,ซด
SLP001,ท่อน 1,11,มด15,มด
SLP001,ท่อน 1,12,ซด29,ซด
SLP001,ท่อน 2,13,มด15,มด
SLP001,ท่อน 2,14,ลม38,ลม
SLP001,ท่อน 2,15,ลม38,ลม
SLP001,ท่อน 2,16,มซ19,มซ
SLP001,ท่อน 2,17,มซ19,มซ
SLP001,ท่อน 2,18,มด15,มด
SLP001,ท่อน 2,19,มซ19,มซ
SLP001,ท่อน 2,20,ลม38,ลม
SLP001,ท่อน 2,21,มล20,มล
SLP001,ท่อน 2,22,ลม38,ลม
SLP001,ท่อน 2,23,มร16,มร
SLP001,ท่อน 2,24,ซด29,ซด
SLP001,สองชั้น ท่อน 1,25,ดด01,ดด
SLP001,สองชั้น ท่อน 1,26,ดซ05,ดซ
SLP001,สองชั้น ท่อน 1,27,ซซ33,ซซ
SLP001,สองชั้น ท่อน 1,28,ลม38,ลม
SLP001,สองชั้น ท่อน 1,29,ดด01,ดด
SLP001,สองชั้น ท่อน 1,30,ดด01,ดด
SLP001,สองชั้น ท่อน 2,31,ลม38,ลม
SLP001,สองชั้น ท่อน 2,32,มซ19,มซ
SLP001,สองชั้น ท่อน 2,33,ซซ33,ซซ
SLP001,สองชั้น ท่อน 2,34,ลม38,ลม
SLP001,สองชั้น ท่อน 2,35,ดด01,ดด
SLP001,สองชั้น ท่อน 2,36,ดด01,ดด
SLP001,ชั้นเดียว ท่อน 1,37,ดซ05,ดซ
SLP001,ชั้นเดียว ท่อน 1,38,ซม31,ซม
SLP001,ชั้นเดียว ท่อน 1,39,ดด01,ดด
SLP001,ชั้นเดียว ท่อน 2,40,มซ19,มซ
SLP001,ชั้นเดียว ท่อน 2,41,ซม31,ซม
SLP001,ชั้นเดียว ท่อน 2,42,ดด01,ดด
SLP001,ลูกหมด,43,ดร02,ดร
SLP001,ลูกหมด,44,รร09,รร
SLP001,ลูกหมด,45,ลร37,ลร
SRT001,สามชั้น ท่อน 1,1,ลด36,ลด
SRT001,สามชั้น ท่อน 1,2,ดซ05,ดซ
SRT001,สามชั้น ท่อน 1,3,ฟล27,ฟล
SRT001,สามชั้น ท่อน 1,4,ดซ05,ดซ
SRT001,สามชั้น ท่อน 1,5,ดด01,ดด
SRT001,สามชั้น ท่อน 1,6,ทร44,ทร
SRT001,สามชั้น ท่อน 1,7,ซด29,ซด
SRT001,สามชั้น ท่อน 1,8,ฟล27,ฟล
SRT001,สามชั้น ท่อน 2,9,ฟล27,ฟล
SRT001,สามชั้น ท่อน 2,10,ลฟ39,ลฟ
SRT001,สามชั้น ท่อน 2,11,ดฟ04,ดฟ
SRT001,สามชั้น ท่อน 2,12,ฟล27,ฟล
SRT001,สามชั้น ท่อน 2,13,รล13,รล
SRT001,สามชั้น ท่อน 2,14,ลฟ39,ลฟ
SRT001,สามชั้น ท่อน 2,15,ซร30,ซร
SRT001,สามชั้น ท่อน 2,16,ซร30,ซร
SRT001,สามชั้น ท่อน 3,17,มม17,มม
SRT001,สามชั้น ท่อน 3,18,ซร30,ซร
SRT001,สามชั้น ท่อน 3,19,มม17,มม
SRT001,สามชั้น ท่อน 3,20,ซร30,ซร
SRT001,สามชั้น ท่อน 3,21,ลร37,ลร
SRT001,สามชั้น ท่อน 3,22,รล13,รล
SRT001,สามชั้น ท่อน 3,23,ฟล27,ฟล
SRT001,สามชั้น ท่อน 3,24,ลฟ39,ลฟ
SRT001,สามชั้น ท่อน 3,25,ซร30,ซร
SRT001,สามชั้น ท่อน 3,26,ซร30,ซร
SRT001,สองชั้น ท่อน 1,27,ดซ05,ดซ
SRT001,สองชั้น ท่อน 1,28,ลซ40,ลซ
SRT001,สองชั้น ท่อน 1,29,ดร02,ดร
SRT001,สองชั้น ท่อน 1,30,ดล06,ดล
SRT001,สองชั้น ท่อน 2,31,ลฟ39,ลฟ
SRT001,สองชั้น ท่อน 2,32,ฟล27,ฟล
SRT001,สองชั้น ท่อน 2,33,ลฟ39,ลฟ
SRT001,สองชั้น ท่อน 2,34,รร09,รร
SRT001,สองชั้น ท่อน 3,35,มร16,มร
SRT001,สองชั้น ท่อน 3,36,มร16,มร
SRT001,สองชั้น ท่อน 3,37,รล13,รล
SRT001,สองชั้น ท่อน 3,38,ลฟ39,ลฟ
SRT001,สองชั้น ท่อน 3,39,รร09,รร
SRT001,ชั้นเดียว ท่อน 1,40,ซซ33,ซซ
SRT001,ชั้นเดียว ท่อน 1,41,รล13,รล
SRT001,ชั้นเดียว ท่อน 2,42,ฟล27,ฟล
SRT001,ชั้นเดียว ท่อน 2,43,ฟร23,ฟร
SRT001,ชั้นเดียว ท่อน 3,44,รร09,รร
SRT001,ชั้นเดียว ท่อน 3,45,ลฟ39,ลฟ
SRT001,ลูกหมด,46,ซร30,ซร
SRT001,ลูกหมด,47,รร09,รร
SDS001,สามชั้น,1,ซร30,ซร
SDS001,สามชั้น,2,รท14,รท
SDS001,สามชั้น,3,ทซ47,ทซ
SDS001,สามชั้น,4,รซ12,รซ
SDS001,สามชั้น,5,ดซ05,ดซ
SDS001,สามชั้น,6,ลด36,ลด
SDS001,สามชั้น,7,ทร44,ทร
SDS001,สามชั้น,8,รท14,รท
SDS001,สามชั้น,9,ทร44,ทร
SDS001,สามชั้น,10,ดด01,ดด
SDS001,สามชั้น,11,ทซ47,ทซ
SDS001,สามชั้น,12,รซ12,รซ
SDS001,สองชั้น,13,รท14,รท
SDS001,สองชั้น,14,ซด29,ซด
SDS001,สองชั้น,15,ดด01,ดด
SDS001,สองชั้น,16,ฟท28,ฟท
SDS001,สองชั้น,17,ลด36,ลด
SDS001,สองชั้น,18,ซซ33,ซซ
SDS001,ชั้นเดียว,19,ทซ47,ทซ
SDS001,ชั้นเดียว,20,ดท07,ดท
SDS001,ชั้นเดียว,21,ดซ05,ดซ
SDS001,ลูกหมด,22,ทร44,ทร
SDS001,ลูกหมด,23,รร09,รร
SRH001,สามชั้น ท่อน 1,1,ลซ40,ลซ
SRH001,สามชั้น ท่อน 1,2,ลท42,ลท
SRH001,สามชั้น ท่อน 1,3,ลซ40,ลซ
SRH001,สามชั้น ท่อน 1,4,ทร44,ทร
SRH001,สามชั้น ท่อน 1,5,ซร30,ซร
SRH001,สามชั้น ท่อน 1,6,ทร44,ทร
SRH001,สามชั้น ท่อน 2,7,ฟฟ25,ฟฟ
SRH001,สามชั้น ท่อน 2,8,ซร30,ซร
SRH001,สามชั้น ท่อน 2,9,รท14,รท
SRH001,สามชั้น ท่อน 2,10,ทร44,ทร
SRH001,สามชั้น ท่อน 2,11,ฟฟ25,ฟฟ
SRH001,สามชั้น ท่อน 2,12,ซร30,ซร
SRH001,สามชั้น ท่อน 2,13,รร09,รร
SRH001,สามชั้น ท่อน 2,14,ทร44,ทร
SRH001,สามชั้น ท่อน 3,15,ดร02,ดร
SRH001,สามชั้น ท่อน 3,16,ดซ05,ดซ
SRH001,สามชั้น ท่อน 3,17,ซฟ32,ซฟ
SRH001,สามชั้น ท่อน 3,18,รซ12,รซ
SRH001,สามชั้น ท่อน 3,19,ดซ05,ดซ
SRH001,สามชั้น ท่อน 3,20,ทร44,ทร
SRH001,สามชั้น ท่อน 3,21,ซร30,ซร
SRH001,สามชั้น ท่อน 3,22,ทร44,ทร
SRH001,สองชั้น ท่อน 1,23,ซท35,ซท
SRH001,สองชั้น ท่อน 1,24,ซร30,ซร
SRH001,สองชั้น ท่อน 1,25,รร09,รร
SRH001,สองชั้น ท่อน 2,26,ฟร23,ฟร
SRH001,สองชั้น ท่อน 2,27,ทร44,ทร
SRH001,สองชั้น ท่อน 2,28,ฟร23,ฟร
SRH001,สองชั้น ท่อน 2,29,รร09,รร
SRH001,สองชั้น ท่อน 3,30,รซ12,รซ
SRH001,สองชั้น ท่อน 3,31,ฟซ26,ฟซ
SRH001,สองชั้น ท่อน 3,32,ซร30,ซร
SRH001,สองชั้น ท่อน 3,33,รร09,รร
SRH001,ชั้นเดียว ท่อน 1,34,ทร44,ทร
SRH001,ชั้นเดียว ท่อน 2,35,รร09,รร
SRH001,ชั้นเดียว ท่อน 2,36,รร09,รร
SRH001,ชั้นเดียว ท่อน 3,37,ซซ33,ซซ
SRH001,ชั้นเดียว ท่อน 3,38,รร09,รร
SRH001,ลูกหมด,39,รร09,รร
SRH001,ลูกหมด,40,ทร44,ทร
SRH001,ลูกหมด,41,ซร30,ซร
SRH001,ลูกหมด,42,ทร44,ทร
SSS001,สามชั้น ท่อน 1,1,มด15,มด
SSS001,สามชั้น ท่อน 1,2,ดด01,ดด
SSS001,สามชั้น ท่อน 1,3,มล20,มล
SSS001,สามชั้น ท่อน 1,4,มร16,มร
SSS001,สามชั้น ท่อน 1,5,ลซ40,ลซ
SSS001,สามชั้น ท่อน 1,6,ซล34,ซล
SSS001,สามชั้น ท่อน 1,7,ดล06,ดล
SSS001,สามชั้น ท่อน 1,8,ลซ40,ลซ
SSS001,สามชั้น ท่อน 1,9,ลด36,ลด
SSS001,สามชั้น ท่อน 2,10,มล20,มล
SSS001,สามชั้น ท่อน 2,11,ลซ40,ลซ
SSS001,สามชั้น ท่อน 2,12,ดด01,ดด
SSS001,สามชั้น ท่อน 2,13,-,-
SSS001,สามชั้น ท่อน 2,14,ซซ33,ซซ
SSS001,สามชั้น ท่อน 2,15,-,-
SSS001,สามชั้น ท่อน 2,16,ดด01,ดด
SSS001,สามชั้น ท่อน 2,17,-,-
SSS001,สามชั้น ท่อน 2,18,ลม38,ลม
SSS001,สามชั้น ท่อน 2,19,-,-
SSS001,สามชั้น ท่อน 2,20,ซซ33,ซซ
SSS001,สามชั้น ท่อน 2,21,มร16,มร
SSS001,สามชั้น ท่อน 2,22,ซร30,ซร
SSS001,สามชั้น ท่อน 2,23,ดด01,ดด
SSS001,สามชั้น ท่อน 2,24,ซร30,ซร
SSS001,สามชั้น ท่อน 2,25,ดด01,ดด
SSS001,สามชั้น ท่อน 3,26,มด15,มด
SSS001,สามชั้น ท่อน 3,27,-,-
SSS001,สามชั้น ท่อน 3,28,ดม03,ดม
SSS001,สามชั้น ท่อน 3,29,ซม31,ซม
SSS001,สามชั้น ท่อน 3,30,ดร02,ดร
SSS001,สามชั้น ท่อน 3,31,รล13,รล
SSS001,สามชั้น ท่อน 3,32,มด15,มด
SSS001,สามชั้น ท่อน 3,33,มด15,มด
SSS001,สามชั้น ท่อน 3,34,ซม31,ซม
SSS001,สามชั้น ท่อน 3,35,มม17,มม
SSS001,สามชั้น ท่อน 3,36,ดม03,ดม
SSS001,สามชั้น ท่อน 3,37,ดล06,ดล
SSS001,สามชั้น ท่อน 3,38,ซซ33,ซซ
SSS001,สามชั้น ท่อน 3,39,ซล34,ซล
SSS001,สามชั้น ท่อน 3,40,ลด36,ลด
SSS001,สามชั้น ท่อน 3,41,ซด29,ซด
SSS001,สามชั้น ท่อน 3,42,รร09,รร
SSS001,สามชั้น ท่อน 3,43,รด08,รด
SSS001,สามชั้น ท่อน 3,44,รร09,รร
SSS001,สามชั้น ท่อน 3,45,รด08,รด
SSS001,สองชั้น ท่อน 1,46,ดซ05,ดซ
SSS001,สองชั้น ท่อน 1,47,ลร37,ลร
SSS001,สองชั้น ท่อน 1,48,มล20,มล
SSS001,สองชั้น ท่อน 1,49,ลซ40,ลซ
SSS001,สองชั้น ท่อน 1,50,ลด36,ลด
SSS001,สองชั้น ท่อน 2,51,ลซ40,ลซ
SSS001,สองชั้น ท่อน 2,52,ดซ05,ดซ
SSS001,สองชั้น ท่อน 2,53,ซร30,ซร
SSS001,สองชั้น ท่อน 2,54,ดล06,ดล
SSS001,สองชั้น ท่อน 2,55,ซม31,ซม
SSS001,สองชั้น ท่อน 2,56,มร16,มร
SSS001,สองชั้น ท่อน 2,57,รด08,รด
SSS001,สองชั้น ท่อน 2,58,รด08,รด
SSS001,สองชั้น ท่อน 3,59,ดล06,ดล
SSS001,สองชั้น ท่อน 3,60,ซม31,ซม
SSS001,สองชั้น ท่อน 3,61,มซ19,มซ
SSS001,สองชั้น ท่อน 3,62,ดล06,ดล
SSS001,สองชั้น ท่อน 3,63,ซม31,ซม
SSS001,สองชั้น ท่อน 3,64,มซ19,มซ
SSS001,สองชั้น ท่อน 3,65,ดด01,ดด
SSS001,สองชั้น ท่อน 3,66,ซซ33,ซซ
SSS001,สองชั้น ท่อน 3,67,ดด01,ดด
SSS001,สองชั้น ท่อน 3,68,ดด01,ดด
SSS001,ชั้นเดียว ท่อน 1,69,ซร30,ซร
SSS001,ชั้นเดียว ท่อน 1,70,ลซ40,ลซ
SSS001,ชั้นเดียว ท่อน 1,71,ลด36,ลด
SSS001,ชั้นเดียว ท่อน 2,72,ซซ33,ซซ
SSS001,ชั้นเดียว ท่อน 2,73,มร16,มร
SSS001,ชั้นเดียว ท่อน 2,74,ดด01,ดด
SSS001,ชั้นเดียว ท่อน 3,75,มซ19,มซ
SSS001,ชั้นเดียว ท่อน 3,76,มซ19,มซ
SSS001,ชั้นเดียว ท่อน 3,77,ดด01,ดด
SSS001,ลูกหมด,78,มร16,มร
SSS001,ลูกหมด,79,รร09,รร
SSS001,ลูกหมด,80,ลร37,ลร
HKB001,สามชั้น,1,ดซ05,ดซ
HKB001,สามชั้น,2,ซด29,ซด
HKB001,สามชั้น,3,มร16,มร
HKB001,สามชั้น,4,ทร44,ทร
HKB001,สามชั้น,5,รท14,รท
HKB001,สามชั้น,6,ลด36,ลด
HKB001,สามชั้น,7,รท14,รท
HKB001,สามชั้น,8,ทซ47,ทซ
HKB001,สามชั้น,9,มม17,มม
HKB001,สามชั้น,10,ดม03,ดม
HKB001,สามชั้น,11,ซร30,ซร
HKB001,สามชั้น,12,ทร44,ทร
HKB001,สามชั้น,13,รท14,รท
HKB001,สามชั้น,14,ลด36,ลด
HKB001,สามชั้น,15,รท14,รท
HKB001,สามชั้น,16,ทซ47,ทซ
HKB001,สองชั้น,17,ซด29,ซด
HKB001,สองชั้น,18,รร09,รร
HKB001,สองชั้น,19,ทด43,ทด
HKB001,สองชั้น,20,ทซ47,ทซ
HKB001,สองชั้น,21,มม17,มม
HKB001,สองชั้น,22,รร09,รร
HKB001,สองชั้น,23,ทด43,ทด
HKB001,สองชั้น,24,ทซ47,ทซ
HKB001,ชั้นเดียว,25,ดร02,ดร
HKB001,ชั้นเดียว,26,ดซ05,ดซ
HKB001,ชั้นเดียว,27,มร16,มร
HKB001,ชั้นเดียว,28,ดซ05,ดซ
HKB001,ลูกหมด,29,ทร44,ทร
HKB001,ลูกหมด,30,รร09,รร
HKB001,ลูกหมด,31,ทร44,ทร
HKB001,ลูกหมด,32,ซร30,ซร
HKB001,ลูกหมด,33,ทร44,ทร
ATP001,สามชั้น ท่อน 1,1,รด08,รด
ATP001,สามชั้น ท่อน 1,2,ฟล27,ฟล
ATP001,สามชั้น ท่อน 1,3,มด15,มด
ATP001,สามชั้น ท่อน 1,4,ลล41,ลล
ATP001,สามชั้น ท่อน 1,5,ดล06,ดล
ATP001,สามชั้น ท่อน 1,6,ลร37,ลร
ATP001,สามชั้น ท่อน 1,7,ลฟ39,ลฟ
ATP001,สามชั้น ท่อน 1,8,มฟ18,มฟ
ATP001,สามชั้น ท่อน 2,9,รร09,รร
ATP001,สามชั้น ท่อน 2,10,ดล06,ดล
ATP001,สามชั้น ท่อน 2,11,รด08,รด
ATP001,สามชั้น ท่อน 2,12,ลล41,ลล
ATP001,สามชั้น ท่อน 2,13,ดล06,ดล
ATP001,สามชั้น ท่อน 2,14,ลร37,ลร
ATP001,สามชั้น ท่อน 2,15,ลฟ39,ลฟ
ATP001,สามชั้น ท่อน 2,16,มฟ18,มฟ
ATP001,สามชั้น ท่อน 2,17,รล13,รล
ATP001,สามชั้น ท่อน 2,18,ดล06,ดล
ATP001,สามชั้น ท่อน 2,19,ลร37,ลร
ATP001,สามชั้น ท่อน 2,20,ฟฟ25,ฟฟ
ATP001,สามชั้น ท่อน 3,21,ซซ33,ซซ
ATP001,สามชั้น ท่อน 3,22,ซม31,ซม
ATP001,สามชั้น ท่อน 3,23,ดม03,ดม
ATP001,สามชั้น ท่อน 3,24,มซ19,มซ
ATP001,สามชั้น ท่อน 3,25,ซซ33,ซซ
ATP001,สามชั้น ท่อน 3,26,ซม31,ซม
ATP001,สามชั้น ท่อน 3,27,ดม03,ดม
ATP001,สามชั้น ท่อน 3,28,ลร37,ลร
ATP001,สามชั้น ท่อน 3,29,ซซ33,ซซ
ATP001,สามชั้น ท่อน 3,30,ซม31,ซม
ATP001,สามชั้น ท่อน 3,31,ดม03,ดม
ATP001,สามชั้น ท่อน 3,32,มซ19,มซ
ATP001,สามชั้น ท่อน 3,33,ซซ33,ซซ
ATP001,สามชั้น ท่อน 3,34,ซม31,ซม
ATP001,สามชั้น ท่อน 3,35,ดม03,ดม
ATP001,สามชั้น ท่อน 3,36,ลร37,ลร
ATP001,สามชั้น ท่อน 3,37,ซล34,ซล
ATP001,สามชั้น ท่อน 3,38,ดล06,ดล
ATP001,สามชั้น ท่อน 3,39,ลร37,ลร
ATP001,สามชั้น ท่อน 3,40,ฟฟ25,ฟฟ
ATP001,สามชั้น ท่อน 3,41,ซม31,ซม
ATP001,สามชั้น ท่อน 3,42,มซ19,มซ
ATP001,สามชั้น ท่อน 3,43,ซม31,ซม
ATP001,สามชั้น ท่อน 3,44,มร16,มร
ATP001,ชั้นเดียว ท่อน 1,45,ลล41,ลล
ATP001,ชั้นเดียว ท่อน 1,46,รฟ11,รฟ
ATP001,ชั้นเดียว ท่อน 2,47,ลล41,ลล
ATP001,ชั้นเดียว ท่อน 2,48,รฟ11,รฟ
ATP001,ชั้นเดียว ท่อน 3,49,มซ19,มซ
ATP001,ชั้นเดียว ท่อน 3,50,มร16,มร
ATP001,ลูกหมด,51,ลร37,ลร
ATP001,ลูกหมด,52,รร09,รร
ANU001,สามชั้น ท่อน 1,1,ดล06,ดล
ANU001,สามชั้น ท่อน 1,2,มม17,มม
ANU001,สามชั้น ท่อน 1,3,ดล06,ดล
ANU001,สามชั้น ท่อน 1,4,มม17,มม
ANU001,สามชั้น ท่อน 1,5,ซซ33,ซซ
ANU001,สามชั้น ท่อน 1,6,-,-
ANU001,สามชั้น ท่อน 1,7,ซร30,ซร
ANU001,สามชั้น ท่อน 1,8,ซซ33,ซซ
ANU001,สามชั้น ท่อน 1,9,-,-
ANU001,สามชั้น ท่อน 1,10,ซร30,ซร
ANU001,สามชั้น ท่อน 1,11,รล13,รล
ANU001,สามชั้น ท่อน 1,12,ดด01,ดด
ANU001,สามชั้น ท่อน 1,13,รล13,รล
ANU001,สามชั้น ท่อน 1,14,ดด01,ดด
ANU001,สามชั้น ท่อน 2,15,มด15,มด
ANU001,สามชั้น ท่อน 2,16,-,-
ANU001,สามชั้น ท่อน 2,17,ดด01,ดด
ANU001,สามชั้น ท่อน 2,18,-,-
ANU001,สามชั้น ท่อน 2,19,มด15,มด
ANU001,สามชั้น ท่อน 2,20,-,-
ANU001,สามชั้น ท่อน 2,21,ดด01,ดด
ANU001,สามชั้น ท่อน 2,22,-,-
ANU001,สามชั้น ท่อน 2,23,มม17,มม
ANU001,สามชั้น ท่อน 2,24,มม17,มม
ANU001,สามชั้น ท่อน 2,25,ดม03,ดม
ANU001,สามชั้น ท่อน 2,26,รล13,รล
ANU001,สามชั้น ท่อน 2,27,ดด01,ดด
ANU001,สามชั้น ท่อน 2,28,รล13,รล
ANU001,สามชั้น ท่อน 2,29,ดด01,ดด
ANU001,สองชั้น ท่อน 1,30,ลด36,ลด
ANU001,สองชั้น ท่อน 1,31,ลซ40,ลซ
ANU001,สองชั้น ท่อน 1,32,รล13,รล
ANU001,สองชั้น ท่อน 1,33,รล13,รล
ANU001,สองชั้น ท่อน 1,34,ซซ33,ซซ
ANU001,สองชั้น ท่อน 2,35,ดด01,ดด
ANU001,สองชั้น ท่อน 2,36,ดด01,ดด
ANU001,สองชั้น ท่อน 2,37,มซ19,มซ
ANU001,สองชั้น ท่อน 2,38,ซร30,ซร
ANU001,สองชั้น ท่อน 2,39,ดด01,ดด
ANU001,ชั้นเดียว ท่อน 1,40,มม17,มม
ANU001,ชั้นเดียว ท่อน 1,41,รร09,รร
ANU001,ชั้นเดียว ท่อน 1,42,ดด01,ดด
ANU001,ชั้นเดียว ท่อน 2,43,ดด01,ดด
ANU001,ชั้นเดียว ท่อน 2,44,มด15,มด
ANU001,ลูกหมด,45,ดร02,ดร
ANU001,ลูกหมด,46,รร09,รร
ANU001,ลูกหมด,47,ลร37,ลร
AHY001,สามชั้น ท่อน 1,1,ดล06,ดล
AHY001,สามชั้น ท่อน 1,2,มซ19,มซ
AHY001,สามชั้น ท่อน 1,3,ซล34,ซล
AHY001,สามชั้น ท่อน 1,4,ลม38,ลม
AHY001,สามชั้น ท่อน 1,5,มร16,มร
AHY001,สามชั้น ท่อน 1,6,ดม03,ดม
AHY001,สามชั้น ท่อน 1,7,ลม38,ลม
AHY001,สามชั้น ท่อน 1,8,มล20,มล
AHY001,สามชั้น ท่อน 1,9,ลม38,ลม
AHY001,สามชั้น ท่อน 1,10,มด15,มด
AHY001,สามชั้น ท่อน 1,11,ดด01,ดด
AHY001,สามชั้น ท่อน 1,12,-,-
AHY001,สามชั้น ท่อน 1,13,ลล41,ลล
AHY001,สามชั้น ท่อน 1,14,-,-
AHY001,สามชั้น ท่อน 1,15,ดด01,ดด
AHY001,สามชั้น ท่อน 1,16,-,-
AHY001,สามชั้น ท่อน 1,17,ลล41,ลล
AHY001,สามชั้น ท่อน 1,18,-,-
AHY001,สามชั้น ท่อน 1,19,ดม03,ดม
AHY001,สามชั้น ท่อน 1,20,-,-
AHY001,สามชั้น ท่อน 1,21,มม17,มม
AHY001,สามชั้น ท่อน 1,22,-,-
AHY001,สามชั้น ท่อน 1,23,ดม03,ดม
AHY001,สามชั้น ท่อน 1,24,ดท07,ดท
AHY001,สามชั้น ท่อน 1,25,มด15,มด
AHY001,สามชั้น ท่อน 2,26,ดด01,ดด
AHY001,สามชั้น ท่อน 2,27,ดม03,ดม
AHY001,สามชั้น ท่อน 2,28,ลม38,ลม
AHY001,สามชั้น ท่อน 2,29,ดม03,ดม
AHY001,สามชั้น ท่อน 2,30,มม17,มม
AHY001,สามชั้น ท่อน 2,31,-,-
AHY001,สามชั้น ท่อน 2,32,มด15,มด
AHY001,สามชั้น ท่อน 2,33,ดร02,ดร
AHY001,สามชั้น ท่อน 2,34,ซร30,ซร
AHY001,สามชั้น ท่อน 2,35,รม10,รม
AHY001,สามชั้น ท่อน 2,36,ดม03,ดม
AHY001,สามชั้น ท่อน 2,37,ลด36,ลด
AHY001,สามชั้น ท่อน 2,38,ดซ05,ดซ
AHY001,สามชั้น ท่อน 2,39,ซม31,ซม
AHY001,สามชั้น ท่อน 2,40,ทด43,ทด
AHY001,สามชั้น ท่อน 2,41,ซซ33,ซซ
AHY001,สามชั้น ท่อน 2,42,ซม31,ซม
AHY001,สามชั้น ท่อน 2,43,ซซ33,ซซ
AHY001,สามชั้น ท่อน 2,44,ซด29,ซด
AHY001,สามชั้น ท่อน 2,45,ซร30,ซร
AHY001,สามชั้น ท่อน 2,46,ซร30,ซร
AHY001,สามชั้น ท่อน 2,47,รม10,รม
AHY001,สามชั้น ท่อน 2,48,ดม03,ดม
AHY001,สามชั้น ท่อน 2,49,ลร37,ลร
AHY001,สามชั้น ท่อน 2,50,ดซ05,ดซ
AHY001,สามชั้น ท่อน 2,51,ลม38,ลม
AHY001,สามชั้น ท่อน 2,52,ดม03,ดม
AHY001,สามชั้น ท่อน 2,53,ซร30,ซร
AHY001,สามชั้น ท่อน 2,54,ดซ05,ดซ
AHY001,สามชั้น ท่อน 2,55,ลม38,ลม
AHY001,สามชั้น ท่อน 2,56,ดม03,ดม
AHY001,สามชั้น ท่อน 2,57,ซด29,ซด
AHY001,สามชั้น ท่อน 2,58,ลซ40,ลซ
AHY001,สามชั้น ท่อน 2,59,ลซ40,ลซ
AHY001,สามชั้น ท่อน 2,60,มม17,มม
AHY001,สามชั้น ท่อน 2,61,มด15,มด
AHY001,สามชั้น ท่อน 2,62,ลซ40,ลซ
AHY001,สามชั้น ท่อน 2,63,ลซ40,ลซ
AHY001,สามชั้น ท่อน 2,64,มม17,มม
AHY001,สามชั้น ท่อน 2,65,มด15,มด
AHY001,สามชั้น ท่อน 2,66,ดร02,ดร
AHY001,สามชั้น ท่อน 2,67,ลซ40,ลซ
AHY001,สามชั้น ท่อน 2,68,รม10,รม
AHY001,สามชั้น ท่อน 2,69,มด15,มด
AHY001,สามชั้น ท่อน 2,70,ดร02,ดร
AHY001,สามชั้น ท่อน 2,71,ลซ40,ลซ
AHY001,สามชั้น ท่อน 2,72,รม10,รม
AHY001,สามชั้น ท่อน 2,73,มด15,มด
AHY001,สามชั้น ท่อน 2,74,ดม03,ดม
AHY001,สามชั้น ท่อน 2,75,ลร37,ลร
AHY001,สามชั้น ท่อน 2,76,ลด36,ลด
AHY001,สามชั้น ท่อน 2,77,รด08,รด
AHY001,สองชั้น ท่อน 1,78,ลซ40,ลซ
AHY001,สองชั้น ท่อน 1,79,ลม38,ลม
AHY001,สองชั้น ท่อน 1,80,รม10,รม
AHY001,สองชั้น ท่อน 1,81,มล20,มล
AHY001,สองชั้น ท่อน 1,82,มด15,มด
AHY001,สองชั้น ท่อน 1,83,ดล06,ดล
AHY001,สองชั้น ท่อน 1,84,ดล06,ดล
AHY001,สองชั้น ท่อน 1,85,ดล06,ดล
AHY001,สองชั้น ท่อน 1,86,ดล06,ดล
AHY001,สองชั้น ท่อน 1,87,มม17,มม
AHY001,สองชั้น ท่อน 1,88,ดด01,ดด
AHY001,สองชั้น ท่อน 1,89,มม17,มม
AHY001,สองชั้น ท่อน 1,90,ดด01,ดด
AHY001,สองชั้น ท่อน 2,91,ดม03,ดม
AHY001,สองชั้น ท่อน 2,92,มม17,มม
AHY001,สองชั้น ท่อน 2,93,มด15,มด
AHY001,สองชั้น ท่อน 2,94,มร16,มร
AHY001,สองชั้น ท่อน 2,95,รม10,รม
AHY001,สองชั้น ท่อน 2,96,ดด01,ดด
AHY001,สองชั้น ท่อน 2,97,รม10,รม
AHY001,สองชั้น ท่อน 2,98,มซ19,มซ
AHY001,สองชั้น ท่อน 2,99,ซด29,ซด
AHY001,สองชั้น ท่อน 2,100,รร09,รร
AHY001,สองชั้น ท่อน 2,101,รม10,รม
AHY001,สองชั้น ท่อน 2,102,ดร02,ดร
AHY001,สองชั้น ท่อน 2,103,รด08,รด
AHY001,สองชั้น ท่อน 2,104,รร09,รร
AHY001,สองชั้น ท่อน 2,105,รด08,รด
AHY001,สองชั้น ท่อน 2,106,รด08,รด
AHY001,สองชั้น ท่อน 2,107,ซม31,ซม
AHY001,สองชั้น ท่อน 2,108,ซด29,ซด
AHY001,สองชั้น ท่อน 2,109,ซม31,ซม
AHY001,สองชั้น ท่อน 2,110,ซด29,ซด
AHY001,สองชั้น ท่อน 2,111,ซด29,ซด
AHY001,สองชั้น ท่อน 2,112,ซด29,ซด
AHY001,สองชั้น ท่อน 2,113,ลด36,ลด
AHY001,สองชั้น ท่อน 2,114,ซด29,ซด
AHY001,ชั้นเดียว ท่อน 1,115,ซม31,ซม
AHY001,ชั้นเดียว ท่อน 1,116,ลล41,ลล
AHY001,ชั้นเดียว ท่อน 1,117,ดล06,ดล
AHY001,ชั้นเดียว ท่อน 1,118,ลม38,ลม
AHY001,ชั้นเดียว ท่อน 1,119,มด15,มด
AHY001,ชั้นเดียว ท่อน 1,120,ดด01,ดด
AHY001,ชั้นเดียว ท่อน 2,121,มม17,มม
AHY001,ชั้นเดียว ท่อน 2,122,มล20,มล
AHY001,ชั้นเดียว ท่อน 2,123,ดม03,ดม
AHY001,ชั้นเดียว ท่อน 2,124,มล20,มล
AHY001,ชั้นเดียว ท่อน 2,125,ลด36,ลด
AHY001,ชั้นเดียว ท่อน 2,126,ดด01,ดด
AHY001,ชั้นเดียว ท่อน 2,127,ซซ33,ซซ
AHY001,ชั้นเดียว ท่อน 2,128,มม17,มม
AHY001,ชั้นเดียว ท่อน 2,129,ดด01,ดด
AHY001,ชั้นเดียว ท่อน 2,130,ดด01,ดด
AHY001,ชั้นเดียว ท่อน 2,131,ลด36,ลด
AHY001,ลูกหมด,132,ดร02,ดร
AHY001,ลูกหมด,133,รร09,รร
AHY001,ลูกหมด,134,ลร37,ลร
KSY001,ท่อน 1,1,ลซ40,ลซ
KSY001,ท่อน 1,2,ฟฟ25,ฟฟ
KSY001,ท่อน 1,3,ฟล27,ฟล
KSY001,ท่อน 1,4,ซฟ32,ซฟ
KSY001,ท่อน 1,5,ลด36,ลด
KSY001,ท่อน 1,6,รฟ11,รฟ
KSY001,ท่อน 1,7,ลซ40,ลซ
KSY001,ท่อน 1,8,ฟร23,ฟร
KSY001,ท่อน 1,9,ฟซ26,ฟซ
KSY001,ท่อน 1,10,ลด36,ลด
KSY001,ท่อน 1,11,ลซ40,ลซ
KSY001,ท่อน 1,12,ฟซ26,ฟซ
KSY001,ท่อน 1,13,ซร30,ซร
KSY001,ท่อน 2,14,ลล41,ลล
KSY001,ท่อน 2,15,ลร37,ลร
KSY001,ท่อน 2,16,รฟ11,รฟ
KSY001,ท่อน 2,17,ซซ33,ซซ
KSY001,ท่อน 2,18,ซฟ32,ซฟ
KSY001,ท่อน 2,19,รด08,รด
KSY001,ท่อน 2,20,ดฟ04,ดฟ
KSY001,ท่อน 2,21,ซด29,ซด
KSY001,ท่อน 2,22,ดฟ04,ดฟ
KSY001,ท่อน 2,23,ดฟ04,ดฟ
KSY001,ท่อน 2,24,รฟ11,รฟ
KSY001,ท่อน 2,25,ลด36,ลด
KPK001,สามชั้น ท่อน 1,1,ฟฟ25,ฟฟ
KPK001,สามชั้น ท่อน 1,2,ลร37,ลร
KPK001,สามชั้น ท่อน 1,3,ลร37,ลร
KPK001,สามชั้น ท่อน 1,4,รล13,รล
KPK001,สามชั้น ท่อน 1,5,ลด36,ลด
KPK001,สามชั้น ท่อน 1,6,ลฟ39,ลฟ
KPK001,สามชั้น ท่อน 1,7,รด08,รด
KPK001,สามชั้น ท่อน 1,8,รฟ11,รฟ
KPK001,สามชั้น ท่อน 2,9,ฟฟ25,ฟฟ
KPK001,สามชั้น ท่อน 2,10,รซ12,รซ
KPK001,สามชั้น ท่อน 2,11,รซ12,รซ
KPK001,สามชั้น ท่อน 2,12,ซร30,ซร
KPK001,สามชั้น ท่อน 2,13,รร09,รร
KPK001,สามชั้น ท่อน 2,14,รซ12,รซ
KPK001,สามชั้น ท่อน 2,15,รซ12,รซ
KPK001,สามชั้น ท่อน 2,16,ซร30,ซร
KPK001,สามชั้น ท่อน 2,17,รฟ11,รฟ
KPK001,สามชั้น ท่อน 2,18,ฟด22,ฟด
KPK001,สามชั้น ท่อน 2,19,รด08,รด
KPK001,สามชั้น ท่อน 2,20,รฟ11,รฟ
KPK001,สามชั้น ท่อน 1 (ทางเปลี่ยน),21,ฟฟ25,ฟฟ
KPK001,สามชั้น ท่อน 1 (ทางเปลี่ยน),22,ลร37,ลร
KPK001,สามชั้น ท่อน 1 (ทางเปลี่ยน),23,รซ12,รซ
KPK001,สามชั้น ท่อน 1 (ทางเปลี่ยน),24,ซล34,ซล
KPK001,สามชั้น ท่อน 1 (ทางเปลี่ยน),25,ดล06,ดล
KPK001,สามชั้น ท่อน 1 (ทางเปลี่ยน),26,รล13,รล
KPK001,สามชั้น ท่อน 1 (ทางเปลี่ยน),27,ดล06,ดล
KPK001,สามชั้น ท่อน 1 (ทางเปลี่ยน),28,ดร02,ดร
KPK001,สามชั้น ท่อน 1 (ทางเปลี่ยน),29,รฟ11,รฟ
KPK001,สามชั้น ท่อน 2 (ทางเปลี่ยน),30,ฟซ26,ฟซ
KPK001,สามชั้น ท่อน 2 (ทางเปลี่ยน),31,ลซ40,ลซ
KPK001,สามชั้น ท่อน 2 (ทางเปลี่ยน),32,ซล34,ซล
KPK001,สามชั้น ท่อน 2 (ทางเปลี่ยน),33,ลร37,ลร
KPK001,สามชั้น ท่อน 2 (ทางเปลี่ยน),34,รร09,รร
KPK001,สามชั้น ท่อน 2 (ทางเปลี่ยน),35,ลล41,ลล
KPK001,สามชั้น ท่อน 2 (ทางเปลี่ยน),36,ดฟ04,ดฟ
KPK001,สามชั้น ท่อน 2 (ทางเปลี่ยน),37,ดล06,ดล
KPK001,สามชั้น ท่อน 2 (ทางเปลี่ยน),38,ลฟ39,ลฟ
KPK001,สามชั้น ท่อน 2 (ทางเปลี่ยน),39,รฟ11,รฟ
KPK001,สามชั้น ท่อน 2 (ทางเปลี่ยน),40,รด08,รด
KPK001,สามชั้น ท่อน 2 (ทางเปลี่ยน),41,ดด01,ดด
KPK001,สามชั้น ท่อน 2 (ทางเปลี่ยน),42,รฟ11,รฟ
KMY001,สามชั้น ท่อน 1,1,ฟฟ25,ฟฟ
KMY001,สามชั้น ท่อน 1,2,ลด36,ลด
KMY001,สามชั้น ท่อน 1,3,มด15,มด
KMY001,สามชั้น ท่อน 1,4,ดซ05,ดซ
KMY001,สามชั้น ท่อน 1,5,ซด29,ซด
KMY001,สามชั้น ท่อน 1,6,ดซ05,ดซ
KMY001,สามชั้น ท่อน 1,7,ฟซ26,ฟซ
KMY001,สามชั้น ท่อน 1,8,ลฟ39,ลฟ
KMY001,สามชั้น ท่อน 2,9,ฟฟ25,ฟฟ
KMY001,สามชั้น ท่อน 2,10,ฟล27,ฟล
KMY001,สามชั้น ท่อน 2,11,รล13,รล
KMY001,สามชั้น ท่อน 2,12,ลฟ39,ลฟ
KMY001,สามชั้น ท่อน 2,13,ดด01,ดด
KMY001,สามชั้น ท่อน 2,14,ดซ05,ดซ
KMY001,สามชั้น ท่อน 2,15,ฟซ26,ฟซ
KMY001,สามชั้น ท่อน 2,16,ลฟ39,ลฟ
KMY001,สามชั้น ท่อน 3,17,ฟฟ25,ฟฟ
KMY001,สามชั้น ท่อน 3,18,รล13,รล
KMY001,สามชั้น ท่อน 3,19,รล13,รล
KMY001,สามชั้น ท่อน 3,20,ลร37,ลร
KMY001,สามชั้น ท่อน 3,21,ซร30,ซร
KMY001,สามชั้น ท่อน 3,22,รล13,รล
KMY001,สามชั้น ท่อน 3,23,ลซ40,ลซ
KMY001,สามชั้น ท่อน 3,24,มด15,มด
KMY001,สามชั้น ท่อน 3,25,ดด01,ดด
KMY001,สามชั้น ท่อน 4,26,ดด01,ดด
KMY001,สามชั้น ท่อน 4,27,ซร30,ซร
KMY001,สามชั้น ท่อน 4,28,ซร30,ซร
KMY001,สามชั้น ท่อน 4,29,รซ12,รซ
KMY001,สามชั้น ท่อน 4,30,ดซ05,ดซ
KMY001,สามชั้น ท่อน 4,31,ซร30,ซร
KMY001,สามชั้น ท่อน 4,32,รด08,รด
KMY001,สามชั้น ท่อน 4,33,ลฟ39,ลฟ
KMY001,สามชั้น ท่อน 4,34,ฟฟ25,ฟฟ
KMY001,ลูกหมด,35,ฟฟ25,ฟฟ
KMY001,ลูกหมด,36,ลร37,ลร
KMY001,ลูกหมด,37,รร09,รร
KMY001,ลูกหมด,38,ลร37,ลร
KPS001,สามชั้น ท่อน 1,1,ฟฟ25,ฟฟ
KPS001,สามชั้น ท่อน 1,2,ดล06,ดล
KPS001,สามชั้น ท่อน 1,3,ลฟ39,ลฟ
KPS001,สามชั้น ท่อน 1,4,ฟล27,ฟล
KPS001,สามชั้น ท่อน 1,5,ดร02,ดร
KPS001,สามชั้น ท่อน 1,6,รล13,รล
KPS001,สามชั้น ท่อน 1,7,ลซ40,ลซ
KPS001,สามชั้น ท่อน 1,8,ซฟ32,ซฟ
KPS001,สามชั้น ท่อน 2,9,ฟฟ25,ฟฟ
KPS001,สามชั้น ท่อน 2,10,ซซ33,ซซ
KPS001,สามชั้น ท่อน 2,11,ซร30,ซร
KPS001,สามชั้น ท่อน 2,12,รร09,รร
KPS001,สามชั้น ท่อน 2,13,ลร37,ลร
KPS001,สามชั้น ท่อน 2,14,รซ12,รซ
KPS001,สามชั้น ท่อน 2,15,ดด01,ดด
KPS001,สามชั้น ท่อน 2,16,ซซ33,ซซ
KPS001,สามชั้น ท่อน 2,17,ซฟ32,ซฟ
KPS001,สามชั้น ท่อน 3,18,ซด29,ซด
KPS001,สามชั้น ท่อน 3,19,ดด01,ดด
KPS001,สามชั้น ท่อน 3,20,ดด01,ดด
KPS001,สามชั้น ท่อน 3,21,ลร37,ลร
KPS001,สามชั้น ท่อน 3,22,รล13,รล
KPS001,สามชั้น ท่อน 3,23,ฟร23,ฟร
KPS001,สามชั้น ท่อน 3,24,ลฟ39,ลฟ
KPS001,สามชั้น ท่อน 3,25,ดร02,ดร
KPS001,สามชั้น ท่อน 3,26,ฟฟ25,ฟฟ
KPS001,สามชั้น ท่อน 3,27,รด08,รด
KPS001,สามชั้น ท่อน 3,28,ดฟ04,ดฟ
KPS001,สามชั้น ท่อน 3,29,รล13,รล
KPS001,สามชั้น ท่อน 3,30,ดซ05,ดซ
KPS001,สามชั้น ท่อน 3,31,ดล06,ดล
KPS001,สามชั้น ท่อน 3,32,ดฟ04,ดฟ
KPS001,สามชั้น ท่อน 3,33,ซล34,ซล
KPS001,สามชั้น ท่อน 3,34,ลด36,ลด
KPS001,สามชั้น ท่อน 3,35,ซซ33,ซซ
KPS001,สามชั้น ท่อน 3,36,รฟ11,รฟ
KPS001,สองชั้น ท่อน 1,37,ดล06,ดล
KPS001,สองชั้น ท่อน 1,38,ฟล27,ฟล
KPS001,สองชั้น ท่อน 1,39,รล13,รล
KPS001,สองชั้น ท่อน 1,40,ซฟ32,ซฟ
KPS001,สองชั้น ท่อน 2,41,ซซ33,ซซ
KPS001,สองชั้น ท่อน 2,42,รร09,รร
KPS001,สองชั้น ท่อน 2,43,รซ12,รซ
KPS001,สองชั้น ท่อน 2,44,ซฟ32,ซฟ
KPS001,สองชั้น ท่อน 3,45,ดด01,ดด
KPS001,สองชั้น ท่อน 3,46,ดร02,ดร
KPS001,สองชั้น ท่อน 3,47,ฟล27,ฟล
KPS001,สองชั้น ท่อน 3,48,ดร02,ดร
KPS001,สองชั้น ท่อน 3,49,ฟด22,ฟด
KPS001,สองชั้น ท่อน 3,50,ดล06,ดล
KPS001,สองชั้น ท่อน 3,51,ลล41,ลล
KPS001,สองชั้น ท่อน 3,52,ลล41,ลล
KPS001,สองชั้น ท่อน 3,53,ซฟ32,ซฟ
KPS001,ชั้นเดียว ท่อน 1,54,ลล41,ลล
KPS001,ชั้นเดียว ท่อน 1,55,ลฟ39,ลฟ
KPS001,ชั้นเดียว ท่อน 2,56,ซซ33,ซซ
KPS001,ชั้นเดียว ท่อน 2,57,ซฟ32,ซฟ
KPS001,ชั้นเดียว ท่อน 3,58,ดร02,ดร
KPS001,ชั้นเดียว ท่อน 3,59,ลฟ39,ลฟ
KPS001,ชั้นเดียว ท่อน 3,60,ดฟ04,ดฟ
KPS001,ชั้นเดียว ท่อน 3,61,ดล06,ดล
KPS001,ชั้นเดียว ท่อน 3,62,ดด01,ดด
KPS001,ชั้นเดียว ท่อน 3,63,ลล41,ลล
KPS001,ลูกหมด,64,ลร37,ลร
KPS001,ลูกหมด,65,ดด01,ดด
KPS001,ลูกหมด,66,รฟ11,รฟ
KPS001,ลูกหมด,67,ซด29,ซด
KPS001,ลูกหมด,68,ดด01,ดด
KPS001,ลูกหมด,69,รร09,รร
KPS001,ลูกหมด,70,ลร37,ลร
KPS001,ลูกหมด,71,ซร30,ซร
KPS001,ลูกหมด,72,ทร44,ทร
KPS002,-,1,ฟฟ25,ฟฟ
KPS002,-,2,ดล06,ดล
KPS002,-,3,ลฟ39,ลฟ
KPS002,-,4,ฟล27,ฟล
KPS002,-,5,ดร02,ดร
KPS002,-,6,รล13,รล
KPS002,-,7,ลซ40,ลซ
KPS002,-,8,ซฟ32,ซฟ
KPS002,-,9,ฟฟ25,ฟฟ
KPS002,-,10,ซซ33,ซซ
KPS002,-,11,ซร30,ซร
KPS002,-,12,รร09,รร
KPS002,-,13,ลร37,ลร
KPS002,-,14,รซ12,รซ
KPS002,-,15,ดด01,ดด
KPS002,-,16,ซซ33,ซซ
KPS002,-,17,ซฟ32,ซฟ
KPS002,-,18,ซด29,ซด
KPS002,-,19,ดด01,ดด
KPS002,-,20,ลร37,ลร
KPS002,-,21,รฟ11,รฟ
KPS002,-,22,ฟล27,ฟล
KPS002,-,23,ลด36,ลด
KPS002,-,24,ดร02,ดร
KPS002,-,25,ฟฟ25,ฟฟ
KPS002,-,26,ฟด22,ฟด
KPS002,-,27,ดด01,ดด
KPS002,-,28,ฟล27,ฟล
KPS002,-,29,ลฟ39,ลฟ
KPS002,-,30,ฟล27,ฟล
KPS002,-,31,ดล06,ดล
KPS002,-,32,ฟล27,ฟล
KPS002,-,33,ดด01,ดด
KPS002,-,34,ซซ33,ซซ
KPS002,-,35,ซฟ32,ซฟ
KST001,สามชั้น ท่อน 1,1,ซซ33,ซซ
KST001,สามชั้น ท่อน 1,2,ดด01,ดด
KST001,สามชั้น ท่อน 1,3,มล20,มล
KST001,สามชั้น ท่อน 1,4,ซด29,ซด
KST001,สามชั้น ท่อน 1,5,มม17,มม
KST001,สามชั้น ท่อน 1,6,รร09,รร
KST001,สามชั้น ท่อน 1,7,ซม31,ซม
KST001,สามชั้น ท่อน 1,8,ลร37,ลร
KST001,สามชั้น ท่อน 1,9,ลซ40,ลซ
KST001,สามชั้น ท่อน 1,10,ดล06,ดล
KST001,สามชั้น ท่อน 1,11,ดซ05,ดซ
KST001,สามชั้น ท่อน 2,12,ซซ33,ซซ
KST001,สามชั้น ท่อน 2,13,ลซ40,ลซ
KST001,สามชั้น ท่อน 2,14,ลม38,ลม
KST001,สามชั้น ท่อน 2,15,มซ19,มซ
KST001,สามชั้น ท่อน 2,16,ซซ33,ซซ
KST001,สามชั้น ท่อน 2,17,ลซ40,ลซ
KST001,สามชั้น ท่อน 2,18,ลม38,ลม
KST001,สามชั้น ท่อน 2,19,มด15,มด
KST001,สามชั้น ท่อน 2,20,ดด01,ดด
KLB001,สามชั้น ท่อน 1,1,ทร44,ทร
KLB001,สามชั้น ท่อน 1,2,ซร30,ซร
KLB001,สามชั้น ท่อน 1,3,ทร44,ทร
KLB001,สามชั้น ท่อน 1,4,ซร30,ซร
KLB001,สามชั้น ท่อน 1,5,รร09,รร
KLB001,สามชั้น ท่อน 1,6,รร09,รร
KLB001,สามชั้น ท่อน 1,7,ดร02,ดร
KLB001,สามชั้น ท่อน 1,8,ซร30,ซร
KLB001,สามชั้น ท่อน 1,9,ดร02,ดร
KLB001,สามชั้น ท่อน 1,10,ซด29,ซด
KLB001,สามชั้น ท่อน 1,11,ลด36,ลด
KLB001,สามชั้น ท่อน 1,12,ลด36,ลด
KLB001,สามชั้น ท่อน 1,13,ลซ40,ลซ
KLB001,สามชั้น ท่อน 1,14,ลร37,ลร
KLB001,สามชั้น ท่อน 1,15,ทร44,ทร
KLB001,สามชั้น ท่อน 1,16,ซร30,ซร
KLB001,สามชั้น ท่อน 1,17,รซ12,รซ
KLB001,สามชั้น ท่อน 1,18,-,-
KLB001,สามชั้น ท่อน 1,19,รร09,รร
KLB001,สามชั้น ท่อน 1,20,-,-
KLB001,สามชั้น ท่อน 1,21,รซ12,รซ
KLB001,สามชั้น ท่อน 1,22,-,-
KLB001,สามชั้น ท่อน 1,23,รร09,รร
KLB001,สามชั้น ท่อน 1,24,-,-
KLB001,สามชั้น ท่อน 1,25,ซร30,ซร
KLB001,สามชั้น ท่อน 1,26,รด08,รด
KLB001,สามชั้น ท่อน 1,27,ซร30,ซร
KLB001,สามชั้น ท่อน 1,28,รด08,รด
KLB001,สามชั้น ท่อน 1,29,รร09,รร
KLB001,สามชั้น ท่อน 1,30,ดด01,ดด
KLB001,สามชั้น ท่อน 1,31,รร09,รร
KLB001,สามชั้น ท่อน 1,32,ดด01,ดด
KLB001,สามชั้น ท่อน 1,33,รร09,รร
KLB001,สามชั้น ท่อน 1,34,ดด01,ดด
KLB001,สามชั้น ท่อน 1,35,ฟฟ25,ฟฟ
KLB001,สามชั้น ท่อน 1,36,รร09,รร
KLB001,สามชั้น ท่อน 1,37,รร09,รร
KLB001,สามชั้น ท่อน 1,38,ดร02,ดร
KLB001,สามชั้น ท่อน 1,39,ลร37,ลร
KLB001,สามชั้น ท่อน 1,40,ดร02,ดร
KLB001,สามชั้น ท่อน 1,41,มด15,มด
KLB001,สามชั้น ท่อน 1,42,ลด36,ลด
KLB001,สามชั้น ท่อน 1,43,ลด36,ลด
KLB001,สามชั้น ท่อน 1,44,ลซ40,ลซ
KLB001,สามชั้น ท่อน 1,45,ลร37,ลร
KLB001,สามชั้น ท่อน 1,46,ทร44,ทร
KLB001,สามชั้น ท่อน 1,47,ซร30,ซร
KLB001,สามชั้น ท่อน 2,48,ทร44,ทร
KLB001,สามชั้น ท่อน 2,49,ซร30,ซร
KLB001,สามชั้น ท่อน 2,50,ทร44,ทร
KLB001,สามชั้น ท่อน 2,51,ซร30,ซร
KLB001,สามชั้น ท่อน 2,52,รร09,รร
KLB001,สามชั้น ท่อน 2,53,รร09,รร
KLB001,สามชั้น ท่อน 2,54,ซซ33,ซซ
KLB001,สามชั้น ท่อน 2,55,รร09,รร
KLB001,สามชั้น ท่อน 2,56,รร09,รร
KLB001,สามชั้น ท่อน 2,57,ลล41,ลล
KLB001,สามชั้น ท่อน 2,58,ซซ33,ซซ
KLB001,สามชั้น ท่อน 2,59,รร09,รร
KLB001,สามชั้น ท่อน 2,60,รร09,รร
KLB001,สามชั้น ท่อน 2,61,ลล41,ลล
KLB001,สามชั้น ท่อน 2,62,รร09,รร
KLB001,สามชั้น ท่อน 2,63,ลล41,ลล
KLB001,สามชั้น ท่อน 2,64,รร09,รร
KLB001,สามชั้น ท่อน 2,65,ลล41,ลล
KLB001,สามชั้น ท่อน 2,66,รร09,รร
KLB001,สามชั้น ท่อน 2,67,ลล41,ลล
KLB001,สามชั้น ท่อน 2,68,รร09,รร
KLB001,สามชั้น ท่อน 2,69,-,-
KLB001,สามชั้น ท่อน 2,70,รร09,รร
KLB001,สามชั้น ท่อน 2,71,-,-
KLB001,สามชั้น ท่อน 2,72,รม10,รม
KLB001,สามชั้น ท่อน 2,73,-,-
KLB001,สามชั้น ท่อน 2,74,รซ12,รซ
KLB001,สามชั้น ท่อน 2,75,-,-
KLB001,สามชั้น ท่อน 2,76,รม10,รม
KLB001,สามชั้น ท่อน 2,77,-,-
KLB001,สามชั้น ท่อน 2,78,รซ12,รซ
KLB001,สามชั้น ท่อน 2,79,-,-
KLB001,สามชั้น ท่อน 2,80,มซ19,มซ
KLB001,สามชั้น ท่อน 2,81,รร09,รร
KLB001,สามชั้น ท่อน 2,82,มซ19,มซ
KLB001,สามชั้น ท่อน 2,83,รร09,รร
KLB001,สามชั้น ท่อน 2,84,รร09,รร
KLB001,สามชั้น ท่อน 2,85,ดด01,ดด
KLB001,สามชั้น ท่อน 2,86,รร09,รร
KLB001,สามชั้น ท่อน 2,87,ดด01,ดด
KLB001,สามชั้น ท่อน 2,88,รร09,รร
KLB001,สามชั้น ท่อน 2,89,ดด01,ดด
KLB001,สามชั้น ท่อน 2,90,รร09,รร
KLB001,สามชั้น ท่อน 2,91,ดด01,ดด
KLB001,สามชั้น ท่อน 2,92,รร09,รร
KLB001,สามชั้น ท่อน 2,93,ดม03,ดม
KLB001,สามชั้น ท่อน 2,94,ลม38,ลม
KLB001,สามชั้น ท่อน 2,95,ดม03,ดม
KLB001,สามชั้น ท่อน 2,96,รด08,รด
KLB001,สามชั้น ท่อน 2,97,-,-
KLB001,สามชั้น ท่อน 2,98,ซด29,ซด
KLB001,สามชั้น ท่อน 2,99,ลด36,ลด
KLB001,สามชั้น ท่อน 2,100,ซด29,ซด
KLB001,สามชั้น ท่อน 2,101,ลด36,ลด
KLB001,สามชั้น ท่อน 2,102,ดด01,ดด
KLB001,สามชั้น ท่อน 2,103,-,-
KLB001,สามชั้น ท่อน 2,104,ทร44,ทร
KLB001,สามชั้น ท่อน 2,105,-,-
KLB001,สามชั้น ท่อน 2,106,ทร44,ทร
KLB001,สามชั้น ท่อน 2,107,-,-
KLB001,สามชั้น ท่อน 2,108,ซล34,ซล
KLB001,สามชั้น ท่อน 2,109,-,-
KLB001,สามชั้น ท่อน 2,110,ทร44,ทร
KLB001,สามชั้น ท่อน 2,111,-,-
KLB001,สามชั้น ท่อน 2,112,ซล34,ซล
KLB001,สามชั้น ท่อน 2,113,-,-
KLB001,สามชั้น ท่อน 2,114,รร09,รร
KLB001,สามชั้น ท่อน 2,115,รซ12,รซ
KLB001,สามชั้น ท่อน 2,116,รร09,รร
KLB001,สามชั้น ท่อน 2,117,รซ12,รซ
KLB001,สามชั้น ท่อน 2,118,ลร37,ลร
KLB001,สามชั้น ท่อน 2,119,ดซ05,ดซ
KLB001,สามชั้น ท่อน 2,120,ลร37,ลร
KLB001,สามชั้น ท่อน 2,121,ดซ05,ดซ
KLB001,สามชั้น ท่อน 2,122,ดร02,ดร
KLB001,สามชั้น ท่อน 2,123,ลท42,ลท
KLB001,สามชั้น ท่อน 2,124,ดร02,ดร
KLB001,สามชั้น ท่อน 2,125,ลท42,ลท
KLB001,สามชั้น ท่อน 2,126,ซร30,ซร
KLB001,สามชั้น ท่อน 2,127,ทร44,ทร
KLB001,สามชั้น ท่อน 2,128,ซร30,ซร
KLB001,สามชั้น ท่อน 2,129,ทร44,ทร
KLB001,สามชั้น ท่อน 2,130,มด15,มด
KLB001,สามชั้น ท่อน 2,131,ทท49,ทท
KLB001,สามชั้น ท่อน 2,132,ทล48,ทล
KLB001,สามชั้น ท่อน 2,133,รด08,รด
KLB001,สามชั้น ท่อน 2,134,รร09,รร
KLB001,สามชั้น ท่อน 2,135,ลม38,ลม
KLB001,สามชั้น ท่อน 2,136,มล20,มล
KLB001,สามชั้น ท่อน 2,137,รซ12,รซ
KLB001,สามชั้น ท่อน 2,138,ซท35,ซท
KLB001,สามชั้น ท่อน 2,139,มล20,มล
KLB001,สามชั้น ท่อน 2,140,มล20,มล
KLB001,สามชั้น ท่อน 2,141,ซร30,ซร
KLB001,สามชั้น ท่อน 2,142,รซ12,รซ
KLB001,สามชั้น ท่อน 2,143,รฟ11,รฟ
KLB001,สามชั้น ท่อน 2,144,ซซ33,ซซ
KLB001,สามชั้น ท่อน 2,145,รล13,รล
KLB001,สามชั้น ท่อน 2,146,ฟร23,ฟร
KLB001,สามชั้น ท่อน 2,147,มร16,มร
KLB001,สามชั้น ท่อน 2,148,ซร30,ซร
KLB001,ลูกหมด,149,ซร30,ซร
KLB001,ลูกหมด,150,รร09,รร
KLB001,ลูกหมด,151,ลร37,ลร
KOD001,สามชั้น ท่อน 1,1,ลร37,ลร
KOD001,สามชั้น ท่อน 1,2,ทร44,ทร
KOD001,สามชั้น ท่อน 1,3,ซร30,ซร
KOD001,สามชั้น ท่อน 1,4,รร09,รร
KOD001,สามชั้น ท่อน 1,5,รร09,รร
KOD001,สามชั้น ท่อน 1,6,รร09,รร
KOD001,สามชั้น ท่อน 1,7,มด15,มด
KOD001,สามชั้น ท่อน 1,8,ซซ33,ซซ
KOD001,สามชั้น ท่อน 1,9,ลซ40,ลซ
KOD001,สามชั้น ท่อน 1,10,ลร37,ลร
KOD001,สามชั้น ท่อน 1,11,ทร44,ทร
KOD001,สามชั้น ท่อน 1,12,ซร30,ซร
KOD001,สามชั้น ท่อน 1,13,ฟร23,ฟร
KOD001,สามชั้น ท่อน 1,14,-,-
KOD001,สามชั้น ท่อน 1,15,รล13,รล
KOD001,สามชั้น ท่อน 1,16,ทด43,ทด
KOD001,สามชั้น ท่อน 1,17,ดร02,ดร
KOD001,สามชั้น ท่อน 1,18,ซซ33,ซซ
KOD001,สามชั้น ท่อน 1,19,รล13,รล
KOD001,สามชั้น ท่อน 1,20,ซซ33,ซซ
KOD001,สามชั้น ท่อน 1,21,ฟร23,ฟร
KOD001,สามชั้น ท่อน 1,22,ฟร23,ฟร
KOD001,สามชั้น ท่อน 1,23,ซร30,ซร
KOD001,สามชั้น ท่อน 1,24,ฟด22,ฟด
KOD001,สามชั้น ท่อน 1,25,มซ19,มซ
KOD001,สามชั้น ท่อน 1,26,ทซ47,ทซ
KOD001,สามชั้น ท่อน 1,27,ลร37,ลร
KOD001,สามชั้น ท่อน 1,28,รฟ11,รฟ
KOD001,สามชั้น ท่อน 1,29,รร09,รร
KOD001,สามชั้น ท่อน 1,30,รฟ11,รฟ
KOD001,สามชั้น ท่อน 1,31,รร09,รร
KOD001,สามชั้น ท่อน 1,32,รร09,รร
KOD001,สามชั้น ท่อน 1,33,ลซ40,ลซ
KOD001,สามชั้น ท่อน 1,34,รล13,รล
KOD001,สามชั้น ท่อน 1,35,ลซ40,ลซ
KOD001,สามชั้น ท่อน 1,36,รร09,รร
KOD001,สามชั้น ท่อน 1,37,ฟฟ25,ฟฟ
KOD001,สามชั้น ท่อน 1,38,รร09,รร
KOD001,สามชั้น ท่อน 1,39,รร09,รร
KOD001,สามชั้น ท่อน 1,40,รร09,รร
KOD001,สามชั้น ท่อน 1,41,รท14,รท
KOD001,สามชั้น ท่อน 1,42,รร09,รร
KOD001,สามชั้น ท่อน 1,43,ทซ47,ทซ
KOD001,สามชั้น ท่อน 1,44,ซด29,ซด
KOD001,สามชั้น ท่อน 1,45,ซม31,ซม
KOD001,สามชั้น ท่อน 1,46,ดท07,ดท
KOD001,สามชั้น ท่อน 1,47,ซร30,ซร
KOD001,สามชั้น ท่อน 2,48,ลร37,ลร
KOD001,สามชั้น ท่อน 2,49,ทร44,ทร
KOD001,สามชั้น ท่อน 2,50,ซร30,ซร
KOD001,สามชั้น ท่อน 2,51,รร09,รร
KOD001,สามชั้น ท่อน 2,52,รร09,รร
KOD001,สามชั้น ท่อน 2,53,รร09,รร
KOD001,สามชั้น ท่อน 2,54,ดม03,ดม
KOD001,สามชั้น ท่อน 2,55,ลม38,ลม
KOD001,สามชั้น ท่อน 2,56,ดม03,ดม
KOD001,สามชั้น ท่อน 2,57,มม17,มม
KOD001,สามชั้น ท่อน 2,58,ลม38,ลม
KOD001,สามชั้น ท่อน 2,59,ลม38,ลม
KOD001,สามชั้น ท่อน 2,60,ดม03,ดม
KOD001,สามชั้น ท่อน 2,61,ดม03,ดม
KOD001,สามชั้น ท่อน 2,62,ลม38,ลม
KOD001,สามชั้น ท่อน 2,63,ลม38,ลม
KOD001,สามชั้น ท่อน 2,64,ดม03,ดม
KOD001,สามชั้น ท่อน 2,65,ดม03,ดม
KOD001,สามชั้น ท่อน 2,66,ลล41,ลล
KOD001,สามชั้น ท่อน 2,67,-,-
KOD001,สามชั้น ท่อน 2,68,ดม03,ดม
KOD001,สามชั้น ท่อน 2,69,-,-
KOD001,สามชั้น ท่อน 2,70,ลล41,ลล
KOD001,สามชั้น ท่อน 2,71,-,-
KOD001,สามชั้น ท่อน 2,72,ดม03,ดม
KOD001,สามชั้น ท่อน 2,73,-,-
KOD001,สามชั้น ท่อน 2,74,ลล41,ลล
KOD001,สามชั้น ท่อน 2,75,มม17,มม
KOD001,สามชั้น ท่อน 2,76,มม17,มม
KOD001,สามชั้น ท่อน 2,77,ดด01,ดด
KOD001,สามชั้น ท่อน 2,78,ลล41,ลล
KOD001,สามชั้น ท่อน 2,79,มม17,มม
KOD001,สามชั้น ท่อน 2,80,มม17,มม
KOD001,สามชั้น ท่อน 2,81,ดด01,ดด
KOD001,สามชั้น ท่อน 2,82,ลม38,ลม
KOD001,สามชั้น ท่อน 2,83,ดม03,ดม
KOD001,สามชั้น ท่อน 2,84,ลม38,ลม
KOD001,สามชั้น ท่อน 2,85,ดม03,ดม
KOD001,สามชั้น ท่อน 2,86,มม17,มม
KOD001,สามชั้น ท่อน 2,87,มม17,มม
KOD001,สามชั้น ท่อน 2,88,มม17,มม
KOD001,สามชั้น ท่อน 2,89,มม17,มม
KOD001,สามชั้น ท่อน 2,90,มด15,มด
KOD001,สามชั้น ท่อน 2,91,ซซ33,ซซ
KOD001,สามชั้น ท่อน 2,92,ลซ40,ลซ
KOD001,สามชั้น ท่อน 2,93,ลร37,ลร
KOD001,สามชั้น ท่อน 2,94,ทร44,ทร
KOD001,สามชั้น ท่อน 2,95,ซร30,ซร
KOD001,สามชั้น ท่อน 2,96,รม10,รม
KOD001,สามชั้น ท่อน 2,97,-,-
KOD001,สามชั้น ท่อน 2,98,รร09,รร
KOD001,สามชั้น ท่อน 2,99,-,-
KOD001,สามชั้น ท่อน 2,100,รม10,รม
KOD001,สามชั้น ท่อน 2,101,-,-
KOD001,สามชั้น ท่อน 2,102,รร09,รร
KOD001,สามชั้น ท่อน 2,103,-,-
KOD001,สามชั้น ท่อน 2,104,รม10,รม
KOD001,สามชั้น ท่อน 2,105,-,-
KOD001,สามชั้น ท่อน 2,106,รร09,รร
KOD001,สามชั้น ท่อน 2,107,-,-
KOD001,สามชั้น ท่อน 2,108,รม10,รม
KOD001,สามชั้น ท่อน 2,109,-,-
KOD001,สามชั้น ท่อน 2,110,รร09,รร
KOD001,สามชั้น ท่อน 2,111,-,-
KOD001,สามชั้น ท่อน 2,112,มฟ18,มฟ
KOD001,สามชั้น ท่อน 2,113,รร09,รร
KOD001,สามชั้น ท่อน 2,114,มฟ18,มฟ
KOD001,สามชั้น ท่อน 2,115,รร09,รร
KOD001,สามชั้น ท่อน 2,116,มฟ18,มฟ
KOD001,สามชั้น ท่อน 2,117,รร09,รร
KOD001,สามชั้น ท่อน 2,118,มฟ18,มฟ
KOD001,สามชั้น ท่อน 2,119,รร09,รร
KOD001,สามชั้น ท่อน 2,120,มฟ18,มฟ
KOD001,สามชั้น ท่อน 2,121,รร09,รร
KOD001,สามชั้น ท่อน 2,122,มฟ18,มฟ
KOD001,สามชั้น ท่อน 2,123,รร09,รร
KOD001,สามชั้น ท่อน 2,124,มฟ18,มฟ
KOD001,สามชั้น ท่อน 2,125,รร09,รร
KOD001,สามชั้น ท่อน 2,126,มฟ18,มฟ
KOD001,สามชั้น ท่อน 2,127,รร09,รร
KOD001,สามชั้น ท่อน 2,128,ฟฟ25,ฟฟ
KOD001,สามชั้น ท่อน 2,129,รร09,รร
KOD001,สามชั้น ท่อน 2,130,ฟฟ25,ฟฟ
KOD001,สามชั้น ท่อน 2,131,รร09,รร
KOD001,สามชั้น ท่อน 2,132,รร09,รร
KOD001,สามชั้น ท่อน 2,133,รร09,รร
KOD001,สามชั้น ท่อน 2,134,ดม03,ดม
KOD001,สามชั้น ท่อน 2,135,ลม38,ลม
KOD001,สามชั้น ท่อน 2,136,ดม03,ดม
KOD001,สามชั้น ท่อน 2,137,มม17,มม
KOD001,สามชั้น ท่อน 2,138,ทล48,ทล
KOD001,สามชั้น ท่อน 2,139,-,-
KOD001,สามชั้น ท่อน 2,140,ซม31,ซม
KOD001,สามชั้น ท่อน 2,141,-,-
KOD001,สามชั้น ท่อน 2,142,ทล48,ทล
KOD001,สามชั้น ท่อน 2,143,-,-
KOD001,สามชั้น ท่อน 2,144,ซม31,ซม
KOD001,สามชั้น ท่อน 2,145,-,-
KOD001,สามชั้น ท่อน 2,146,ลม38,ลม
KOD001,สามชั้น ท่อน 2,147,ลม38,ลม
KOD001,สามชั้น ท่อน 2,148,ลม38,ลม
KOD001,สามชั้น ท่อน 2,149,ลม38,ลม
KOD001,สามชั้น ท่อน 2,150,มม17,มม
KOD001,สามชั้น ท่อน 2,151,มม17,มม
KOD001,สามชั้น ท่อน 2,152,มม17,มม
KOD001,สามชั้น ท่อน 2,153,มม17,มม
KOD001,สามชั้น ท่อน 2,154,ลล41,ลล
KOD001,สามชั้น ท่อน 2,155,มม17,มม
KOD001,สามชั้น ท่อน 2,156,ลล41,ลล
KOD001,สามชั้น ท่อน 2,157,มม17,มม
KOD001,สามชั้น ท่อน 2,158,มม17,มม
KOD001,สามชั้น ท่อน 2,159,มด15,มด
KOD001,สามชั้น ท่อน 2,160,ซซ33,ซซ
KOD001,สามชั้น ท่อน 2,161,ลซ40,ลซ
KOD001,สามชั้น ท่อน 2,162,ลร37,ลร
KOD001,สามชั้น ท่อน 2,163,ทร44,ทร
KOD001,สามชั้น ท่อน 2,164,ซร30,ซร
KOD001,สามชั้น ท่อน 3,165,ลร37,ลร
KOD001,สามชั้น ท่อน 3,166,ทร44,ทร
KOD001,สามชั้น ท่อน 3,167,ซร30,ซร
KOD001,สามชั้น ท่อน 3,168,รร09,รร
KOD001,สามชั้น ท่อน 3,169,รร09,รร
KOD001,สามชั้น ท่อน 3,170,รร09,รร
KOD001,สามชั้น ท่อน 3,171,ซท35,ซท
KOD001,สามชั้น ท่อน 3,172,มท21,มท
KOD001,สามชั้น ท่อน 3,173,ซท35,ซท
KOD001,สามชั้น ท่อน 3,174,รท14,รท
KOD001,สามชั้น ท่อน 3,175,ทท49,ทท
KOD001,สามชั้น ท่อน 3,176,-,-
KOD001,สามชั้น ท่อน 3,177,ทร44,ทร
KOD001,สามชั้น ท่อน 3,178,-,-
KOD001,สามชั้น ท่อน 3,179,ทร44,ทร
KOD001,สามชั้น ท่อน 3,180,-,-
KOD001,สามชั้น ท่อน 3,181,ทร44,ทร
KOD001,สามชั้น ท่อน 3,182,-,-
KOD001,สามชั้น ท่อน 3,183,ทท49,ทท
KOD001,สามชั้น ท่อน 3,184,-,-
KOD001,สามชั้น ท่อน 3,185,ทร44,ทร
KOD001,สามชั้น ท่อน 3,186,-,-
KOD001,สามชั้น ท่อน 3,187,ทร44,ทร
KOD001,สามชั้น ท่อน 3,188,-,-
KOD001,สามชั้น ท่อน 3,189,ทร44,ทร
KOD001,สามชั้น ท่อน 3,190,-,-
KOD001,สามชั้น ท่อน 3,191,ทร44,ทร
KOD001,สามชั้น ท่อน 3,192,ทท49,ทท
KOD001,สามชั้น ท่อน 3,193,มร16,มร
KOD001,สามชั้น ท่อน 3,194,ทท49,ทท
KOD001,สามชั้น ท่อน 3,195,ทร44,ทร
KOD001,สามชั้น ท่อน 3,196,ทท49,ทท
KOD001,สามชั้น ท่อน 3,197,มร16,มร
KOD001,สามชั้น ท่อน 3,198,ทท49,ทท
KOD001,สามชั้น ท่อน 3,199,มร16,มร
KOD001,สามชั้น ท่อน 3,200,ทท49,ทท
KOD001,สามชั้น ท่อน 3,201,มร16,มร
KOD001,สามชั้น ท่อน 3,202,ทท49,ทท
KOD001,สามชั้น ท่อน 3,203,รร09,รร
KOD001,สามชั้น ท่อน 3,204,ทท49,ทท
KOD001,สามชั้น ท่อน 3,205,มม17,มม
KOD001,สามชั้น ท่อน 3,206,ทท49,ทท
KOD001,สามชั้น ท่อน 3,207,มม17,มม
KOD001,สามชั้น ท่อน 3,208,ทท49,ทท
KOD001,สามชั้น ท่อน 3,209,ทท49,ทท
KOD001,สามชั้น ท่อน 3,210,ทซ47,ทซ
KOD001,สามชั้น ท่อน 3,211,ซซ33,ซซ
KOD001,สามชั้น ท่อน 3,212,ลซ40,ลซ
KOD001,สามชั้น ท่อน 3,213,ลร37,ลร
KOD001,สามชั้น ท่อน 3,214,ทร44,ทร
KOD001,สามชั้น ท่อน 3,215,ซร30,ซร
KOD001,สามชั้น ท่อน 3,216,ลซ40,ลซ
KOD001,สามชั้น ท่อน 3,217,ฟร23,ฟร
KOD001,สามชั้น ท่อน 3,218,ลซ40,ลซ
KOD001,สามชั้น ท่อน 3,219,ฟร23,ฟร
KOD001,สามชั้น ท่อน 3,220,ดท07,ดท
KOD001,สามชั้น ท่อน 3,221,ลซ40,ลซ
KOD001,สามชั้น ท่อน 3,222,ฟฟ25,ฟฟ
KOD001,สามชั้น ท่อน 3,223,รร09,รร
KOD001,สามชั้น ท่อน 3,224,ดท07,ดท
KOD001,สามชั้น ท่อน 3,225,ลซ40,ลซ
KOD001,สามชั้น ท่อน 3,226,ฟฟ25,ฟฟ
KOD001,สามชั้น ท่อน 3,227,รร09,รร
KOD001,สามชั้น ท่อน 3,228,ฟฟ25,ฟฟ
KOD001,สามชั้น ท่อน 3,229,รร09,รร
KOD001,สามชั้น ท่อน 3,230,ฟฟ25,ฟฟ
KOD001,สามชั้น ท่อน 3,231,รร09,รร
KOD001,สามชั้น ท่อน 3,232,ฟฟ25,ฟฟ
KOD001,สามชั้น ท่อน 3,233,รร09,รร
KOD001,สามชั้น ท่อน 3,234,ฟฟ25,ฟฟ
KOD001,สามชั้น ท่อน 3,235,รร09,รร
KOD001,สามชั้น ท่อน 3,236,รร09,รร
KOD001,สามชั้น ท่อน 3,237,รร09,รร
KOD001,สามชั้น ท่อน 3,238,ซท35,ซท
KOD001,สามชั้น ท่อน 3,239,มท21,มท
KOD001,สามชั้น ท่อน 3,240,ซท35,ซท
KOD001,สามชั้น ท่อน 3,241,รท14,รท
KOD001,สามชั้น ท่อน 3,242,ทม45,ทม
KOD001,สามชั้น ท่อน 3,243,-,-
KOD001,สามชั้น ท่อน 3,244,ทท49,ทท
KOD001,สามชั้น ท่อน 3,245,-,-
KOD001,สามชั้น ท่อน 3,246,ทม45,ทม
KOD001,สามชั้น ท่อน 3,247,-,-
KOD001,สามชั้น ท่อน 3,248,ทท49,ทท
KOD001,สามชั้น ท่อน 3,249,-,-
KOD001,สามชั้น ท่อน 3,250,มท21,มท
KOD001,สามชั้น ท่อน 3,251,ทซ47,ทซ
KOD001,สามชั้น ท่อน 3,252,มท21,มท
KOD001,สามชั้น ท่อน 3,253,ทซ47,ทซ
KOD001,สามชั้น ท่อน 3,254,ทท49,ทท
KOD001,สามชั้น ท่อน 3,255,ซซ33,ซซ
KOD001,สามชั้น ท่อน 3,256,ทท49,ทท
KOD001,สามชั้น ท่อน 3,257,ซซ33,ซซ
KOD001,สามชั้น ท่อน 3,258,มม17,มม
KOD001,สามชั้น ท่อน 3,259,ทท49,ทท
KOD001,สามชั้น ท่อน 3,260,มม17,มม
KOD001,สามชั้น ท่อน 3,261,ทท49,ทท
KOD001,สามชั้น ท่อน 3,262,ทท49,ทท
KOD001,สามชั้น ท่อน 3,263,ทซ47,ทซ
KOD001,สามชั้น ท่อน 3,264,ซซ33,ซซ
KOD001,สามชั้น ท่อน 3,265,ลซ40,ลซ
KOD001,สามชั้น ท่อน 3,266,ลร37,ลร
KOD001,ลูกหมด,267,ซร30,ซร
KOD001,ลูกหมด,268,รร09,รร
KOD001,ลูกหมด,269,ลร37,ลร
TSM001,สามชั้น ท่อน 1,1,ซซ33,ซซ
TSM001,สามชั้น ท่อน 1,2,ซร30,ซร
TSM001,สามชั้น ท่อน 1,3,ดร02,ดร
TSM001,สามชั้น ท่อน 1,4,รซ12,รซ
TSM001,สามชั้น ท่อน 1,5,รด08,รด
TSM001,สามชั้น ท่อน 1,6,มซ19,มซ
TSM001,สามชั้น ท่อน 1,7,ลฟ39,ลฟ
TSM001,สามชั้น ท่อน 1,8,ฟร23,ฟร
TSM001,สามชั้น ท่อน 1,9,รร09,รร
TSM001,สามชั้น ท่อน 2,10,รร09,รร
TSM001,สามชั้น ท่อน 2,11,รซ12,รซ
TSM001,สามชั้น ท่อน 2,12,ซซ33,ซซ
TSM001,สามชั้น ท่อน 2,13,ซท35,ซท
TSM001,สามชั้น ท่อน 2,14,ดด01,ดด
TSM001,สามชั้น ท่อน 2,15,รท14,รท
TSM001,สามชั้น ท่อน 2,16,ทซ47,ทซ
TSM001,สามชั้น ท่อน 2,17,ซท35,ซท
TSM001,สามชั้น ท่อน 2,18,ทม45,ทม
TSM001,สามชั้น ท่อน 2,19,มท21,มท
TSM001,สามชั้น ท่อน 2,20,มท21,มท
TSM001,สามชั้น ท่อน 2,21,ทซ47,ทซ
TSM001,สามชั้น ท่อน 2,22,ซซ33,ซซ
NPR001,สามชั้น,1,ลร37,ลร
NPR001,สามชั้น,2,ดม03,ดม
NPR001,สามชั้น,3,มร16,มร
NPR001,สามชั้น,4,รด08,รด
NPR001,สามชั้น,5,รท14,รท
NPR001,สามชั้น,6,รด08,รด
NPR001,สามชั้น,7,ลม38,ลม
NPR001,สามชั้น,8,ลม38,ลม
NPR001,สามชั้น,9,มร16,มร
NPR001,สามชั้น,10,รซ12,รซ
NPR001,สามชั้น,11,รฟ11,รฟ
NPR001,สามชั้น,12,ฟล27,ฟล
NPR001,สามชั้น,13,ลม38,ลม
NPR001,สามชั้น,14,มด15,มด
NPR001,สามชั้น,15,รท14,รท
NPR001,สามชั้น,16,รด08,รด
PAE001,สามชั้น ท่อน 1,1,ดซ05,ดซ
PAE001,สามชั้น ท่อน 1,2,ลร37,ลร
PAE001,สามชั้น ท่อน 1,3,รซ12,รซ
PAE001,สามชั้น ท่อน 1,4,ลร37,ลร
PAE001,สามชั้น ท่อน 1,5,ดม03,ดม
PAE001,สามชั้น ท่อน 1,6,มด15,มด
PAE001,สามชั้น ท่อน 2,7,มม17,มม
PAE001,สามชั้น ท่อน 2,8,ซร30,ซร
PAE001,สามชั้น ท่อน 2,9,รซ12,รซ
PAE001,สามชั้น ท่อน 2,10,มด15,มด
PAE001,สามชั้น ท่อน 2,11,มม17,มม
PAE001,สามชั้น ท่อน 2,12,-,-
PAE001,สามชั้น ท่อน 2,13,ดด01,ดด
PAE001,สามชั้น ท่อน 2,14,-,-
PAE001,สามชั้น ท่อน 2,15,มม17,มม
PAE001,สามชั้น ท่อน 2,16,-,-
PAE001,สามชั้น ท่อน 2,17,ดด01,ดด
PAE001,สามชั้น ท่อน 2,18,-,-
PAE001,สามชั้น ท่อน 2,19,ดล06,ดล
PAE001,สามชั้น ท่อน 2,20,ลซ40,ลซ
PAE001,สามชั้น ท่อน 2,21,ซม31,ซม
PAE001,สามชั้น ท่อน 2,22,มร16,มร
PAE001,สามชั้น ท่อน 2,23,รซ12,รซ
PAE001,สามชั้น ท่อน 2,24,มล20,มล
PYS002,สามชั้น,1,ซร30,ซร
PYS002,สามชั้น,2,มด15,มด
PYS002,สามชั้น,3,ทร44,ทร
PYS002,สามชั้น,4,ฟร23,ฟร
PYS002,สามชั้น,5,รท14,รท
PYS002,สามชั้น,6,ทล48,ทล
PYS002,สามชั้น,7,ซท35,ซท
PYS002,สามชั้น,8,ทซ47,ทซ
PYS002,สามชั้น,9,มล20,มล
PYS002,สามชั้น,10,รล13,รล
PYS002,สามชั้น,11,ทร44,ทร
PYS002,สามชั้น,12,รฟ11,รฟ
PYS002,สามชั้น,13,รฟ11,รฟ
PYS002,สามชั้น,14,ทฟ46,ทฟ
PYS002,สามชั้น,15,ฟร23,ฟร
PYS002,สามชั้น,16,มร16,มร
PYS002,สามชั้น,17,ซร30,ซร
PKB001,สามชั้น,1,ดด01,ดด
PKB001,สามชั้น,2,ทร44,ทร
PKB001,สามชั้น,3,มด15,มด
PKB001,สามชั้น,4,ลด36,ลด
PKB001,สามชั้น,5,ดด01,ดด
PKB001,สามชั้น,6,ดซ05,ดซ
PKB001,สามชั้น,7,ซล34,ซล
PKB001,สามชั้น,8,ฟล27,ฟล
PKB001,สามชั้น,9,ลร37,ลร
PKB001,สามชั้น,10,ลซ40,ลซ
PKB001,สามชั้น,11,ดม03,ดม
PKB001,สามชั้น,12,ซร30,ซร
PKB001,สามชั้น,13,รล13,รล
PKB001,สามชั้น,14,มซ19,มซ
SSW001,สามชั้น ท่อน 1,1,มด15,มด
SSW001,สามชั้น ท่อน 1,2,ลม38,ลม
SSW001,สามชั้น ท่อน 1,3,ดม03,ดม
SSW001,สามชั้น ท่อน 1,4,ทซ47,ทซ
SSW001,สามชั้น ท่อน 1,5,ซซ33,ซซ
SSW001,สามชั้น ท่อน 1,6,ดม03,ดม
SSW001,สามชั้น ท่อน 1,7,ลม38,ลม
SSW001,สามชั้น ท่อน 1,8,มด15,มด
SSW001,สามชั้น ท่อน 1,9,ดซ05,ดซ
SSW001,สามชั้น ท่อน 1,10,ซด29,ซด
SSW001,สามชั้น ท่อน 1,11,-,-
SSW001,สามชั้น ท่อน 1,12,ดม03,ดม
SSW001,สามชั้น ท่อน 1,13,-,-
SSW001,สามชั้น ท่อน 1,14,ซร30,ซร
SSW001,สามชั้น ท่อน 2,15,รร09,รร
SSW001,สามชั้น ท่อน 2,16,รซ12,รซ
SSW001,สามชั้น ท่อน 2,17,ซซ33,ซซ
SSW001,สามชั้น ท่อน 2,18,ซซ33,ซซ
SSW001,สามชั้น ท่อน 2,19,มซ19,มซ
SSW001,สามชั้น ท่อน 2,20,ซร30,ซร
SSW001,สามชั้น ท่อน 2,21,ดร02,ดร
SSW001,สามชั้น ท่อน 2,22,รซ12,รซ
SSW001,สามชั้น ท่อน 2,23,ดล06,ดล
SSW001,สามชั้น ท่อน 2,24,ซด29,ซด
SSW001,สามชั้น ท่อน 2,25,มซ19,มซ
SSW001,สามชั้น ท่อน 2,26,ดฟ04,ดฟ
SSW001,สามชั้น ท่อน 2,27,ฟร23,ฟร
SSW001,ลูกหมด,28,มด15,มด
SSW001,ลูกหมด,29,ลร37,ลร
SSW001,ลูกหมด,30,รร09,รร
SSW001,ลูกหมด,31,ลร37,ลร
AKT001,สามชั้น ท่อน 1,1,ซด29,ซด
AKT001,สามชั้น ท่อน 1,2,มด15,มด
AKT001,สามชั้น ท่อน 1,3,ซร30,ซร
AKT001,สามชั้น ท่อน 1,4,ซม31,ซม
AKT001,สามชั้น ท่อน 1,5,ลม38,ลม
AKT001,สามชั้น ท่อน 1,6,ดม03,ดม
AKT001,สามชั้น ท่อน 1,7,ซม31,ซม
AKT001,สามชั้น ท่อน 1,8,ลม38,ลม
AKT001,สามชั้น ท่อน 1,9,ลม38,ลม
AKT001,สามชั้น ท่อน 1,10,ดม03,ดม
AKT001,สามชั้น ท่อน 1,11,ดม03,ดม
AKT001,สามชั้น ท่อน 1,12,ลม38,ลม
AKT001,สามชั้น ท่อน 1,13,ลม38,ลม
AKT001,สามชั้น ท่อน 1,14,ดม03,ดม
AKT001,สามชั้น ท่อน 1,15,ดม03,ดม
AKT001,สามชั้น ท่อน 1,16,ลล41,ลล
AKT001,สามชั้น ท่อน 1,17,-,-
AKT001,สามชั้น ท่อน 1,18,ดม03,ดม
AKT001,สามชั้น ท่อน 1,19,-,-
AKT001,สามชั้น ท่อน 1,20,ลล41,ลล
AKT001,สามชั้น ท่อน 1,21,-,-
AKT001,สามชั้น ท่อน 1,22,ดม03,ดม
AKT001,สามชั้น ท่อน 1,23,-,-
AKT001,สามชั้น ท่อน 1,24,ลล41,ลล
AKT001,สามชั้น ท่อน 1,25,มม17,มม
AKT001,สามชั้น ท่อน 1,26,มม17,มม
AKT001,สามชั้น ท่อน 1,27,ดด01,ดด
AKT001,สามชั้น ท่อน 1,28,ลล41,ลล
AKT001,สามชั้น ท่อน 1,29,มม17,มม
AKT001,สามชั้น ท่อน 1,30,มม17,มม
AKT001,สามชั้น ท่อน 1,31,ดด01,ดด
AKT001,สามชั้น ท่อน 1,32,ลม38,ลม
AKT001,สามชั้น ท่อน 1,33,ดม03,ดม
AKT001,สามชั้น ท่อน 1,34,ลม38,ลม
AKT001,สามชั้น ท่อน 1,35,ดม03,ดม
AKT001,สามชั้น ท่อน 1,36,มม17,มม
AKT001,สามชั้น ท่อน 1,37,มม17,มม
AKT001,สามชั้น ท่อน 1,38,มม17,มม
AKT001,สามชั้น ท่อน 1,39,มม17,มม
AKT001,สามชั้น ท่อน 1,40,มด15,มด
AKT001,สามชั้น ท่อน 1,41,ซด29,ซด
AKT001,สามชั้น ท่อน 1,42,มด15,มด
AKT001,สามชั้น ท่อน 1,43,ซร30,ซร
AKT001,สามชั้น ท่อน 1,44,ซม31,ซม
AKT001,สามชั้น ท่อน 1,45,ลม38,ลม
AKT001,สามชั้น ท่อน 1,46,ดม03,ดม
AKT001,สามชั้น ท่อน 1,47,ซม31,ซม
AKT001,สามชั้น ท่อน 1,48,ซด29,ซด
AKT001,สามชั้น ท่อน 1,49,มด15,มด
AKT001,สามชั้น ท่อน 1,50,ซร30,ซร
AKT001,สามชั้น ท่อน 1,51,ซม31,ซม
AKT001,สามชั้น ท่อน 1,52,ลม38,ลม
AKT001,สามชั้น ท่อน 1,53,ดม03,ดม
AKT001,สามชั้น ท่อน 1,54,ซม31,ซม
AKT001,สามชั้น ท่อน 1,55,ลม38,ลม
AKT001,สามชั้น ท่อน 1,56,ลม38,ลม
AKT001,สามชั้น ท่อน 1,57,ลม38,ลม
AKT001,สามชั้น ท่อน 1,58,ลม38,ลม
AKT001,สามชั้น ท่อน 1,59,มม17,มม
AKT001,สามชั้น ท่อน 1,60,-,-
AKT001,สามชั้น ท่อน 1,61,มม17,มม
AKT001,สามชั้น ท่อน 1,62,-,-
AKT001,สามชั้น ท่อน 1,63,มม17,มม
AKT001,สามชั้น ท่อน 1,64,รร09,รร
AKT001,สามชั้น ท่อน 1,65,ลล41,ลล
AKT001,สามชั้น ท่อน 1,66,มม17,มม
AKT001,สามชั้น ท่อน 1,67,มม17,มม
AKT001,สามชั้น ท่อน 1,68,มม17,มม
AKT001,สามชั้น ท่อน 1,69,มด15,มด
AKT001,สามชั้น ท่อน 1,70,ซด29,ซด
AKT001,สามชั้น ท่อน 1,71,มด15,มด
AKT001,สามชั้น ท่อน 1,72,ซร30,ซร
AKT001,สามชั้น ท่อน 1,73,ซม31,ซม
AKT001,สามชั้น ท่อน 1,74,ลม38,ลม
AKT001,สามชั้น ท่อน 1,75,ดม03,ดม
AKT001,สามชั้น ท่อน 1,76,ซม31,ซม
AKT001,สามชั้น ท่อน 2,77,ซม31,ซม
AKT001,สามชั้น ท่อน 2,78,ลม38,ลม
AKT001,สามชั้น ท่อน 2,79,ดร02,ดร
AKT001,สามชั้น ท่อน 2,80,รม10,รม
AKT001,สามชั้น ท่อน 2,81,ซม31,ซม
AKT001,สามชั้น ท่อน 2,82,ลม38,ลม
AKT001,สามชั้น ท่อน 2,83,-,-
AKT001,สามชั้น ท่อน 2,84,ดร02,ดร
AKT001,สามชั้น ท่อน 2,85,รม10,รม
AKT001,สามชั้น ท่อน 2,86,ซม31,ซม
AKT001,สามชั้น ท่อน 2,87,ลม38,ลม
AKT001,สามชั้น ท่อน 2,88,ดร02,ดร
AKT001,สามชั้น ท่อน 2,89,รม10,รม
AKT001,สามชั้น ท่อน 2,90,ซม31,ซม
AKT001,สามชั้น ท่อน 2,91,ลม38,ลม
AKT001,สามชั้น ท่อน 2,92,-,-
AKT001,สามชั้น ท่อน 2,93,ดร02,ดร
AKT001,สามชั้น ท่อน 2,94,รม10,รม
AKT001,สามชั้น ท่อน 2,95,ลม38,ลม
AKT001,สามชั้น ท่อน 2,96,มด15,มด
AKT001,ลูกหมด ท่อน 2,97,ซด29,ซด
AKT001,ลูกหมด ท่อน 2,98,ลร37,ลร
AKT001,ลูกหมด ท่อน 2,99,รร09,รร
AKT001,ลูกหมด ท่อน 2,100,ลร37,ลร
KRT001,สองชั้น,1,ซซ33,ซซ
KRT001,สองชั้น,2,ซร30,ซร
KRT001,สองชั้น,3,มด15,มด
KRT001,สองชั้น,4,ลซ40,ลซ
KPS003,สองชั้น ท่อน 1,1,ดล06,ดล
KPS003,สองชั้น ท่อน 1,2,ฟล27,ฟล
KPS003,สองชั้น ท่อน 1,3,รล13,รล
KPS003,สองชั้น ท่อน 1,4,ซฟ32,ซฟ
KPS003,สองชั้น ท่อน 2,5,ซซ33,ซซ
KPS003,สองชั้น ท่อน 2,6,รร09,รร
KPS003,สองชั้น ท่อน 2,7,รซ12,รซ
KPS003,สองชั้น ท่อน 2,8,ซฟ32,ซฟ
KPS003,สองชั้น ท่อน 3,9,ดด01,ดด
KPS003,สองชั้น ท่อน 3,10,ดร02,ดร
KPS003,สองชั้น ท่อน 3,11,ฟล27,ฟล
KPS003,สองชั้น ท่อน 3,12,ดร02,ดร
KPS003,สองชั้น ท่อน 3,13,ฟด22,ฟด
KPS003,สองชั้น ท่อน 3,14,ดล06,ดล
KPS003,สองชั้น ท่อน 3,15,ลล41,ลล
KPS003,สองชั้น ท่อน 3,16,ลล41,ลล
KPS003,สองชั้น ท่อน 3,17,ซฟ32,ซฟ
TYN001,สองชั้น,1,ซล34,ซล
TYN001,สองชั้น,2,ลล41,ลล
TYN001,สองชั้น,3,ซร30,ซร
TYN001,สองชั้น,4,ซร30,ซร
TYN001,สองชั้น,5,ลฟ39,ลฟ
NKK001,ท่อน 1,1,รล13,รล
NKK001,ท่อน 1,2,ลร37,ลร
NKK001,ท่อน 1,3,รด08,รด
NKK001,ท่อน 1,4,รด08,รด
NKK001,ท่อน 1,5,ดด01,ดด
NKK001,ท่อน 1,6,ลร37,ลร
NKK001,ท่อน 1,7,รซ12,รซ
NKK001,ท่อน 1,8,ลซ40,ลซ
NKK001,ท่อน 2,9,มร16,มร
NKK001,ท่อน 2,10,รล13,รล
NKK001,ท่อน 2,11,ซร30,ซร
NKK001,ท่อน 2,12,ซฟ32,ซฟ
NKK001,ท่อน 2,13,ซร30,ซร
NKK001,ท่อน 2,14,รซ12,รซ
NKK001,ท่อน 2,15,ซร30,ซร
NKK001,ท่อน 2,16,ลฟ39,ลฟ
NKR001,สองชั้น,1,ฟล27,ฟล
NKR001,สองชั้น,2,รร09,รร
NKR001,สองชั้น,3,ลล41,ลล
NKR001,สองชั้น,4,รร09,รร
NKR001,สองชั้น,5,ดฟ04,ดฟ
NKR001,สองชั้น,6,รร09,รร
NKR001,สองชั้น,7,ดฟ04,ดฟ
NKR001,สองชั้น,8,รร09,รร
PMK001,ชั้นเดียว,1,ซด29,ซด
PMK001,ชั้นเดียว,2,ซด29,ซด
PMK001,ชั้นเดียว,3,รด08,รด
PMK001,ชั้นเดียว,4,ดด01,ดด
PMK001,ชั้นเดียว,5,ดด01,ดด
PAC001,สองชั้น ท่อน 1,1,รร09,รร
PAC001,สองชั้น ท่อน 1,2,ซซ33,ซซ
PAC001,สองชั้น ท่อน 2,3,รท14,รท
PAC001,สองชั้น ท่อน 2,4,ทซ47,ทซ
PAC001,สองชั้น ท่อน 3,5,ลม38,ลม
PAC001,สองชั้น ท่อน 3,6,ลซ40,ลซ
PAC001,สองชั้น ท่อน 4,7,ทร44,ทร
PAC001,สองชั้น ท่อน 4,8,รด08,รด
PAC001,สองชั้น ท่อน 4,9,ทด43,ทด
PAC001,สองชั้น ท่อน 4,10,ลม38,ลม
PAC001,สองชั้น ท่อน 4,11,รร09,รร
PAC001,สองชั้น ท่อน 5,12,ลม38,ลม
PAC001,สองชั้น ท่อน 5,13,ลซ40,ลซ
PAC001,ลูกหมด,14,ลร37,ลร
PAC001,ลูกหมด,15,รร09,รร
PAC001,ลูกหมด,16,ลร37,ลร
YSL001,สองชั้น,1,มด15,มด
YSL001,สองชั้น,2,ซซ33,ซซ
YSL001,สองชั้น,3,ดม03,ดม
YSL001,สองชั้น,4,มด15,มด
LPC001,สองชั้น ท่อน 1,1,ซร30,ซร
LPC001,สองชั้น ท่อน 1,2,ลร37,ลร
LPC001,สองชั้น ท่อน 1,3,รร09,รร
LPC001,สองชั้น ท่อน 1,4,ลซ40,ลซ
LPC001,สองชั้น ท่อน 2,5,ซล34,ซล
LPC001,สองชั้น ท่อน 2,6,ลท42,ลท
LPC001,สองชั้น ท่อน 2,7,ทล48,ทล
LPC001,สองชั้น ท่อน 2,8,ลม38,ลม
LPC001,สองชั้น ท่อน 2,9,มล20,มล
LPC001,สองชั้น ท่อน 2,10,ลท42,ลท
LPC001,สองชั้น ท่อน 2,11,ทล48,ทล
LPC001,สองชั้น ท่อน 2,12,ลม38,ลม
LKR001,สองชั้น,1,มร16,มร
LKR001,สองชั้น,2,ดร02,ดร
LCY001,สองชั้น,1,รซ12,รซ
LCY001,สองชั้น,2,มซ19,มซ
LCY001,สองชั้น,3,ลซ40,ลซ
LCY001,สองชั้น,4,มด15,มด
LDD001,ท่อน 1,1,ดซ05,ดซ
LDD001,ท่อน 1,2,ลร37,ลร
LDD001,ท่อน 1,3,มล20,มล
LDD001,ท่อน 1,4,ลซ40,ลซ
LDD001,ท่อน 1,5,ดซ05,ดซ
LDD001,ท่อน 1,6,ลร37,ลร
LDD001,ท่อน 1,7,มล20,มล
LDD001,ท่อน 1,8,ลด36,ลด
LDD001,ท่อน 2,9,ลซ40,ลซ
LDD001,ท่อน 2,10,ดซ05,ดซ
LDD001,ท่อน 2,11,ซร30,ซร
LDD001,ท่อน 2,12,ดล06,ดล
LDD001,ท่อน 2,13,ซม31,ซม
LDD001,ท่อน 2,14,มร16,มร
LDD001,ท่อน 2,15,รด08,รด
LDD001,ท่อน 2,16,รด08,รด
LDD001,ท่อน 3,17,ดล06,ดล
LDD001,ท่อน 3,18,ซม31,ซม
LDD001,ท่อน 3,19,มซ19,มซ
LDD001,ท่อน 3,20,ดล06,ดล
LDD001,ท่อน 3,21,ซม31,ซม
LDD001,ท่อน 3,22,มซ19,มซ
LDD001,ท่อน 3,23,ซด29,ซด
LDD001,ท่อน 3,24,รซ12,รซ
LDD001,ท่อน 3,25,ดด01,ดด
LDD001,ท่อน 3,26,ดด01,ดด
LDN001,สองชั้น ท่อน 1,1,มล20,มล
LDN001,สองชั้น ท่อน 1,2,รซ12,รซ
LDN001,สองชั้น ท่อน 1,3,ลซ40,ลซ
LDN001,สองชั้น ท่อน 1,4,ซซ33,ซซ
LDN001,สองชั้น ท่อน 1,5,มซ19,มซ
LDN001,สองชั้น ท่อน 1,6,ลด36,ลด
LDN001,สองชั้น ท่อน 2,7,ดซ05,ดซ
LDN001,สองชั้น ท่อน 2,8,ซร30,ซร
LDN001,สองชั้น ท่อน 2,9,ลด36,ลด
LDN001,สองชั้น ท่อน 2,10,ซซ33,ซซ
LDN001,สองชั้น ท่อน 2,11,มล20,มล
LDN001,สองชั้น ท่อน 2,12,ลล41,ลล
LDN001,สองชั้น ท่อน 2,13,ซล34,ซล
LDN001,สองชั้น ท่อน 2,14,ลซ40,ลซ
LDN001,สองชั้น ท่อน 2,15,ซม31,ซม
LDN001,สองชั้น ท่อน 2,16,ดล06,ดล
LDN001,สองชั้น ท่อน 2,17,รด08,รด
LDN001,สองชั้น ท่อน 2,18,ดล06,ดล
LDN001,สองชั้น ท่อน 2,19,รม10,รม
SRP001,สองชั้น,1,ซล34,ซล
SRP001,สองชั้น,2,ฟซ26,ฟซ
SRP001,สองชั้น,3,ซล34,ซล
SRP001,สองชั้น,4,ทซ47,ทซ
SST001,สองชั้น,1,ลม38,ลม
SST001,สองชั้น,2,มล20,มล
SST001,สองชั้น,3,ลร37,ลร
SST001,สองชั้น,4,ลด36,ลด
SMS001,ท่อน 1,1,ซล34,ซล
SMS001,ท่อน 1,2,มซ19,มซ
SMS001,ท่อน 2,3,ซม31,ซม
SMS001,ท่อน 2,4,ดร02,ดร
SMS001,ท่อน 2,5,รม10,รม
SMS001,ท่อน 2,6,ดร02,ดร
SMS001,ท่อน 3,7,ลร37,ลร
SMS001,ท่อน 3,8,ลด36,ลด
TYK001,สามชั้น ท่อน 1,1,ฟร23,ฟร
TYK001,สามชั้น ท่อน 1,2,มล20,มล
TYK001,สามชั้น ท่อน 1,3,ดด01,ดด
TYK001,สามชั้น ท่อน 1,4,ดด01,ดด
TYK001,สามชั้น ท่อน 1,5,ดท07,ดท
TYK001,สามชั้น ท่อน 1,6,ลฟ39,ลฟ
TYK001,สามชั้น ท่อน 1,7,ดท07,ดท
TYK001,สามชั้น ท่อน 1,8,ลฟ39,ลฟ
TYK001,สามชั้น ท่อน 1,9,มล20,มล
TYK001,สามชั้น ท่อน 1,10,มล20,มล
TYK001,สามชั้น ท่อน 1,11,ลล41,ลล
TYK001,สามชั้น ท่อน 1,12,ลล41,ลล
TYK001,สามชั้น ท่อน 1,13,ฟฟ25,ฟฟ
TYK001,สามชั้น ท่อน 1,14,ดล06,ดล
TYK001,สามชั้น ท่อน 1,15,ดล06,ดล
TYK001,สามชั้น ท่อน 1,16,ดล06,ดล
TYK001,สามชั้น ท่อน 1,17,ดล06,ดล
TYK001,สามชั้น ท่อน 1,18,ลล41,ลล
TYK001,สามชั้น ท่อน 1,19,ทล48,ทล
TYK001,สามชั้น ท่อน 1,20,ทล48,ทล
TYK001,สามชั้น ท่อน 1,21,ทล48,ทล
TYK001,สามชั้น ท่อน 1,22,ทล48,ทล
TYK001,สามชั้น ท่อน 1,23,ลล41,ลล
TYK001,สามชั้น ท่อน 1,24,รล13,รล
TYK001,สามชั้น ท่อน 1,25,รล13,รล
TYK001,สามชั้น ท่อน 1,26,ลล41,ลล
TYK001,สามชั้น ท่อน 1,27,รล13,รล
TYK001,สามชั้น ท่อน 1,28,รล13,รล
TYK001,สามชั้น ท่อน 1,29,ลล41,ลล
TYK001,สามชั้น ท่อน 1,30,ลล41,ลล
TYK001,สามชั้น ท่อน 1,31,ลล41,ลล
TYK001,สามชั้น ท่อน 1,32,ลล41,ลล
TYK001,สามชั้น ท่อน 1,33,ลล41,ลล
TYK001,สามชั้น ท่อน 1,34,ทล48,ทล
TYK001,สามชั้น ท่อน 1,35,ซร30,ซร
TYK001,สามชั้น ท่อน 1,36,รร09,รร
TYK001,สามชั้น ท่อน 1,37,รซ12,รซ
TYK001,สามชั้น ท่อน 1,38,ลร37,ลร
TYK001,สามชั้น ท่อน 1,39,รซ12,รซ
TYK001,สามชั้น ท่อน 1,40,ลร37,ลร
TYK001,สามชั้น ท่อน 1,41,ทร44,ทร
TYK001,สามชั้น ท่อน 1,42,ทร44,ทร
TYK001,สามชั้น ท่อน 1,43,ฟล27,ฟล
TYK001,สามชั้น ท่อน 1,44,ฟล27,ฟล
TYK001,สามชั้น ท่อน 1,45,ฟฟ25,ฟฟ
TYK001,สามชั้น ท่อน 1,46,ลฟ39,ลฟ
TYK001,สามชั้น ท่อน 1,47,รฟ11,รฟ
TYK001,สามชั้น ท่อน 1,48,รฟ11,รฟ
TYK001,สามชั้น ท่อน 1,49,ฟฟ25,ฟฟ
TYK001,สามชั้น ท่อน 1,50,ฟฟ25,ฟฟ
TYK001,สามชั้น ท่อน 1,51,ฟฟ25,ฟฟ
TYK001,สามชั้น ท่อน 1,52,ฟร23,ฟร
TYK001,สามชั้น ท่อน 1,53,มล20,มล
TYK001,สามชั้น ท่อน 1,54,ดล06,ดล
TYK001,สามชั้น ท่อน 1,55,ลล41,ลล
TYK001,สามชั้น ท่อน 1,56,ลร37,ลร
TYK001,สามชั้น ท่อน 2,57,ฟร23,ฟร
TYK001,สามชั้น ท่อน 2,58,มล20,มล
TYK001,สามชั้น ท่อน 2,59,ดล06,ดล
TYK001,สามชั้น ท่อน 2,60,ลล41,ลล
TYK001,สามชั้น ท่อน 2,61,รม10,รม
TYK001,สามชั้น ท่อน 2,62,ฟล27,ฟล
TYK001,สามชั้น ท่อน 2,63,ลล41,ลล
TYK001,สามชั้น ท่อน 2,64,ลล41,ลล
TYK001,สามชั้น ท่อน 2,65,ลล41,ลล
TYK001,สามชั้น ท่อน 2,66,ลล41,ลล
TYK001,สามชั้น ท่อน 2,67,ลล41,ลล
TYK001,สามชั้น ท่อน 2,68,ลล41,ลล
TYK001,สามชั้น ท่อน 2,69,ลล41,ลล
TYK001,สามชั้น ท่อน 2,70,ฟล27,ฟล
TYK001,สามชั้น ท่อน 2,71,ลล41,ลล
TYK001,สามชั้น ท่อน 2,72,ลล41,ลล
TYK001,สามชั้น ท่อน 2,73,ลม38,ลม
TYK001,สามชั้น ท่อน 2,74,มม17,มม
TYK001,สามชั้น ท่อน 2,75,ดด01,ดด
TYK001,สามชั้น ท่อน 2,76,ดด01,ดด
TYK001,สามชั้น ท่อน 2,77,ฟด22,ฟด
TYK001,สามชั้น ท่อน 2,78,ฟด22,ฟด
TYK001,สามชั้น ท่อน 2,79,ดด01,ดด
TYK001,สามชั้น ท่อน 2,80,ดด01,ดด
TYK001,สามชั้น ท่อน 2,81,ดด01,ดด
TYK001,สามชั้น ท่อน 2,82,ดล06,ดล
TYK001,สามชั้น ท่อน 2,83,ลล41,ลล
TYK001,สามชั้น ท่อน 2,84,รล13,รล
TYK001,สามชั้น ท่อน 2,85,รล13,รล
TYK001,สามชั้น ท่อน 2,86,ลล41,ลล
TYK001,สามชั้น ท่อน 2,87,ลล41,ลล
TYK001,สามชั้น ท่อน 2,88,ลล41,ลล
TYK001,สามชั้น ท่อน 2,89,ลล41,ลล
TYK001,สามชั้น ท่อน 2,90,ลล41,ลล
TYK001,สามชั้น ท่อน 2,91,ทร44,ทร
TYK001,สามชั้น ท่อน 2,92,รฟ11,รฟ
TYK001,สามชั้น ท่อน 2,93,ทฟ46,ทฟ
TYK001,สามชั้น ท่อน 2,94,รล13,รล
TYK001,สามชั้น ท่อน 2,95,ลฟ39,ลฟ
TYK001,สามชั้น ท่อน 2,96,รฟ11,รฟ
TYK001,สามชั้น ท่อน 2,97,รฟ11,รฟ
TYK001,สามชั้น ท่อน 2,98,ฟฟ25,ฟฟ
TYK001,สามชั้น ท่อน 2,99,ลฟ39,ลฟ
TYK001,สามชั้น ท่อน 2,100,ลฟ39,ลฟ
TYK001,สามชั้น ท่อน 2,101,ฟฟ25,ฟฟ
TYK001,สามชั้น ท่อน 2,102,ฟฟ25,ฟฟ
TYK001,สามชั้น ท่อน 2,103,ฟฟ25,ฟฟ
TYK001,สามชั้น ท่อน 2,104,ฟร23,ฟร
TYK001,สามชั้น ท่อน 2,105,รล13,รล
TYK001,สามชั้น ท่อน 2,106,ลร37,ลร
TYK001,สามชั้น ท่อน 2,107,ลร37,ลร
TYK001,สามชั้น ท่อน 2,108,ทท49,ทท
TYK001,สามชั้น ท่อน 2,109,ลร37,ลร
TYK001,สามชั้น ท่อน 2,110,ทท49,ทท
TYK001,สามชั้น ท่อน 2,111,ลร37,ลร
TYK001,สามชั้น ท่อน 2,112,ลท42,ลท
TYK001,สามชั้น ท่อน 2,113,รฟ11,รฟ
TYK001,สามชั้น ท่อน 2,114,มท21,มท
TYK001,สามชั้น ท่อน 2,115,ลท42,ลท
TYK001,สามชั้น ท่อน 2,116,รฟ11,รฟ
TYK001,สามชั้น ท่อน 2,117,มท21,มท
TYK001,สามชั้น ท่อน 2,118,ทท49,ทท
TYK001,สามชั้น ท่อน 2,119,ลร37,ลร
TYK001,สามชั้น ท่อน 2,120,มท21,มท
TYK001,สามชั้น ท่อน 2,121,ทท49,ทท
TYK001,สามชั้น ท่อน 2,122,ลร37,ลร
TYK001,สามชั้น ท่อน 2,123,มร16,มร
TYK001,สามชั้น ท่อน 2,124,ฟล27,ฟล
TYK001,สามชั้น ท่อน 2,125,ดล06,ดล
TYK001,สามชั้น ท่อน 2,126,ลล41,ลล
TYK001,ลูกหมด,127,ลร37,ลร
TYK001,ลูกหมด,128,รร09,รร
TYK001,ลูกหมด,129,ลร37,ลร
CTL001,-,1,รล13,รล
CTL001,-,2,มล20,มล
CTL001,-,3,มล20,มล
CTL001,-,4,ลท42,ลท
CTL001,-,5,ซซ33,ซซ
OLM001,-,1,ทล48,ทล
OLM001,-,2,มล20,มล
OLM001,-,3,มล20,มล
OLM001,-,4,ลซ40,ลซ
LMS001,ท่อน 1,1,มท21,มท
LMS001,ท่อน 1,2,รล13,รล
LMS001,ท่อน 1,3,รล13,รล
LMS001,ท่อน 1,4,ลม38,ลม
LMS001,ท่อน 2,5,มม17,มม
LMS001,ท่อน 2,6,มล20,มล
LMS001,ท่อน 2,7,รล13,รล
LMS001,ท่อน 2,8,ลม38,ลม
SPY001,วรรคขึ้นเพลง,1,ซท35,ซท
SPY001,วรรคขึ้นเพลง,2,ลซ40,ลซ
SPY001,ท่อน 1,3,ซท35,ซท
SPY001,ท่อน 1,4,ทซ47,ทซ
SPY001,ท่อน 2,5,ซท35,ซท
SPY001,ท่อน 2,6,ทซ47,ทซ
SPY001,ท่อน 3,7,ซท35,ซท
SPY001,ท่อน 3,8,รซ12,รซ
SPY001,ท่อน 4,9,รท14,รท
SPY001,ท่อน 4,10,รซ12,รซ
OBK001,-,1,ทท49,ทท
OBK001,-,2,ซม31,ซม
OBK001,-,3,ทม45,ทม
OBK001,-,4,ทม45,ทม
OBK001,-,5,ลล41,ลล
OBK001,-,6,ลท42,ลท
OBK001,-,7,ทท49,ทท
OBK001,-,8,ซซ33,ซซ
CPI001,วรรครับร้อง,1,ลซ40,ลซ
CPI001,ทำนองเพลงช้าปี่,2,ลล41,ลล
CPI001,ทำนองเพลงช้าปี่,3,ลล41,ลล
CPI001,ทำนองเพลงช้าปี่,4,ลท42,ลท
CPI001,ทำนองเพลงช้าปี่,5,รล13,รล
CPI001,ทำนองเพลงช้าปี่,6,ลซ40,ลซ
CPI001,ทำนองเพลงช้าปี่,7,ลล41,ลล
YAN001,วรรครับร้อง,1,ลล41,ลล
YAN001,ทำนองเพลงยานี,2,ลล41,ลล
YAN001,ทำนองเพลงยานี,3,ซท35,ซท
YAN001,ทำนองเพลงยานี,4,ลล41,ลล
OCN001,วรรครับร้อง,1,ทซ47,ทซ
OCN001,ทำนองเพลงโอ้ชาตรีนอก,2,ลซ40,ลซ
OCN001,ทำนองเพลงโอ้ชาตรีนอก,3,มซ19,มซ
OCN001,ทำนองเพลงโอ้ชาตรีนอก,4,ลซ40,ลซ
ORY001,-,1,ลล41,ลล
ORY001,-,2,ซล34,ซล
ORY001,-,3,ทล48,ทล
ORY001,-,4,ซล34,ซล
ORY001,-,5,ทซ47,ทซ
ORY001,-,6,มท21,มท
ORY001,-,7,รท14,รท
ORY001,-,8,ทท49,ทท
ORY001,-,9,ทท49,ทท
ORY001,-,10,ทท49,ทท
ORY001,-,11,ซซ33,ซซ
OCT001,วรรครับร้อง,1,ซท35,ซท
OCT001,วรรครับร้อง,2,มซ19,มซ
OCT001,ทำนองเพลงโอ้ชาตรี,3,มล20,มล
OCT001,ทำนองเพลงโอ้ชาตรี,4,มซ19,มซ
OCT001,ทำนองเพลงโอ้ชาตรี,5,ลม38,ลม
OCT001,ทำนองเพลงโอ้ชาตรี,6,รซ12,รซ
OCT001,ทำนองเพลงโอ้ชาตรี,7,มล20,มล
OCT001,ทำนองเพลงโอ้ชาตรี,8,มซ19,มซ
OPN001,วรรครับร้อง,1,ลล41,ลล
OPN001,ทำนองเพลงโอ้ปี่นอก,2,ลล41,ลล
OPN001,ทำนองเพลงโอ้ปี่นอก,3,ซล34,ซล
OPN001,ทำนองเพลงโอ้ปี่นอก,4,ลล41,ลล
AKB001,-,1,มร16,มร
AKB001,-,2,ฟล27,ฟล
AKB001,-,3,ดฟ04,ดฟ
AKB001,-,4,ฟล27,ฟล
AKB001,-,5,ฟร23,ฟร
AKB001,-,6,รร09,รร
AKB001,-,7,ฟล27,ฟล
CPK001,วรรครับร้อง,1,ลล41,ลล
CPK001,ทำนองเพลงช้าปี่นอก,2,ซล34,ซล
CPK001,ทำนองเพลงช้าปี่นอก,3,ลล41,ลล
CPK001,ทำนองเพลงช้าปี่นอก,4,ลล41,ลล
CPK001,ทำนองเพลงช้าปี่นอก,5,ทร44,ทร
CPK001,ทำนองเพลงช้าปี่นอก,6,ลล41,ลล
CPK001,ทำนองเพลงช้าปี่นอก,7,ซล34,ซล
OLK001,-,1,ลล41,ลล
OLK001,-,2,ซซ33,ซซ
OLK001,-,3,ดฟ04,ดฟ
OLK001,-,4,ลซ40,ลซ
OPI001,วรรครับร้อง,1,ซล34,ซล
OPI001,ทำนองเพลงโอ้ปี่,2,มล20,มล
OPI001,ทำนองเพลงโอ้ปี่,3,ซล34,ซล
OPI001,ทำนองเพลงโอ้ปี่,4,ทซ47,ทซ
OPI001,ทำนองเพลงโอ้ปี่,5,มล20,มล
OPI001,ทำนองเพลงโอ้ปี่,6,มล20,มล
OPI001,ทำนองเพลงโอ้ปี่,7,ซล34,ซล
LPS001,ท่อน 1,1,ซซ33,ซซ
LPS001,ท่อน 1,2,ซท35,ซท
LPS001,ท่อน 1,3,ซม31,ซม
LPS001,ท่อน 1,4,ซร30,ซร
LPS001,ท่อน 1,5,ทล48,ทล
LPS001,ท่อน 1,6,รล13,รล
LPS001,ท่อน 1,7,รม10,รม
LPS001,ท่อน 2,8,ซล34,ซล
LPS001,ท่อน 2,9,ซล34,ซล
LPS001,ท่อน 2,10,ลม38,ลม
LPS001,ท่อน 2,11,ซร30,ซร
LPS001,ท่อน 2,12,ทล48,ทล
LPS001,ท่อน 2,13,รล13,รล
LPS001,ท่อน 2,14,รม10,รม
RBC001,สร้อย,1,มซ19,มซ
RBC001,สร้อย,2,มซ19,มซ
RBC001,สร้อย,3,ซซ33,ซซ
RBC001,สร้อย,4,ลด36,ลด
RBC001,ไทยลานนา,5,รร09,รร
RBC001,ไทยลานนา,6,ซม31,ซม
RBC001,ไทยลานนา,7,มซ19,มซ
RBC001,ไทยลานนา,8,ลล41,ลล
RBC001,ไทยใหญ่,9,ดด01,ดด
RBC001,ไทยใหญ่,10,มล20,มล
RBC001,ไทยใหญ่,11,ดด01,ดด
RBC001,ไทยใหญ่,12,มล20,มล
RBC001,ไทยใหญ่,13,ดซ05,ดซ
RBC001,ไทยใหญ่,14,มล20,มล
RBC001,ไทยล้านช้าง,15,ดซ05,ดซ
RBC001,ไทยล้านช้าง,16,ซด29,ซด
RBC001,ไทยล้านช้าง,17,มร16,มร
RBC001,ไทยล้านช้าง,18,ซร30,ซร
RBC001,ไทยล้านช้าง,19,รล13,รล
RBC001,ไทยล้านช้าง,20,มซ19,มซ
RBC001,สิบสองจุไทย,21,ดซ05,ดซ
RBC001,สิบสองจุไทย,22,ดด01,ดด
RBC001,สิบสองจุไทย,23,ดร02,ดร
RBC001,สิบสองจุไทย,24,ซซ33,ซซ
RBC001,สิบสองจุไทย,25,ซล34,ซล
RBC001,สิบสองจุไทย,26,มซ19,มซ
RBC001,สิบสองจุไทย,27,ดม03,ดม
RBC001,สิบสองจุไทย,28,ดด01,ดด
RBC001,ไทยอาหม,29,ดซ05,ดซ
RBC001,ไทยอาหม,30,ซร30,ซร
RBC001,ไทยอาหม,31,ดฟ04,ดฟ
RBC001,ไทยอาหม,32,ฟด22,ฟด
RBC001,ไทยอาหม,33,ดด01,ดด
RBC001,ไทยอาหม,34,ดฟ04,ดฟ
RBC001,ไทยอาหม,35,ฟด22,ฟด
RBD001,วรรคขึ้นเพลง,1,มซ19,มซ
RBD001,วรรคขึ้นเพลง,2,ลด36,ลด
RBD001,สองชั้น,3,ลม38,ลม
RBD001,สองชั้น,4,มล20,มล
RBD001,สองชั้น,5,ลม38,ลม
RBD001,สองชั้น,6,มล20,มล
RBD001,สองชั้น,7,ซด29,ซด
RBD001,สองชั้น,8,ซด29,ซด
RBD001,สองชั้น,9,ซด29,ซด
RBD001,สองชั้น,10,ซด29,ซด
RBD001,สองชั้น,11,ดด01,ดด
RBD001,สองชั้น,12,ดด01,ดด
RBD001,ชั้นเดียว,13,มล20,มล
RBD001,ชั้นเดียว,14,มล20,มล
RBD001,ชั้นเดียว,15,ดด01,ดด
RBD001,ชั้นเดียว,16,ดด01,ดด
RBD001,ชั้นเดียว,17,ดด01,ดด
RBW001,เหาะ วรรคนำ,1,ลม38,ลม
RBW001,เหาะ ท่อน 1,2,ซท35,ซท
RBW001,เหาะ ท่อน 1,3,ทซ47,ทซ
RBW001,เหาะ ท่อน 1,4,รซ12,รซ
RBW001,เหาะ ท่อน 1,5,มซ19,มซ
RBW001,เหาะ ท่อน 2,6,ลร37,ลร
RBW001,เหาะ ท่อน 2,7,รซ12,รซ
RBW001,เหาะ ท่อน 2,8,รซ12,รซ
RBW001,เหาะ ท่อน 2,9,มซ19,มซ
RBW001,ตะเขิ่ง ท่อน 1,10,รล13,รล
RBW001,ตะเขิ่ง ท่อน 1,11,ทฟ46,ทฟ
RBW001,ตะเขิ่ง ท่อน 1,12,ฟฟ25,ฟฟ
RBW001,ตะเขิ่ง ท่อน 1,13,ทม45,ทม
RBW001,ตะเขิ่ง ท่อน 1,14,มล20,มล
RBW001,ตะเขิ่ง ท่อน 1,15,ทฟ46,ทฟ
RBW001,ตะเขิ่ง ท่อน 1,16,ฟฟ25,ฟฟ
RBW001,ตะเขิ่ง ท่อน 1,17,ทม45,ทม
RBW001,ตะเขิ่ง ท่อน 2,18,มฟ18,มฟ
RBW001,ตะเขิ่ง ท่อน 2,19,ฟร23,ฟร
RBW001,ตะเขิ่ง ท่อน 2,20,รฟ11,รฟ
RBW001,ตะเขิ่ง ท่อน 2,21,ทม45,ทม
RBW001,ตะเขิ่ง ท่อน 2,22,มฟ18,มฟ
RBW001,ตะเขิ่ง ท่อน 2,23,ฟร23,ฟร
RBW001,ตะเขิ่ง ท่อน 2,24,รฟ11,รฟ
RBW001,ตะเขิ่ง ท่อน 2,25,ทม45,ทม
RBW001,เจ้าเซ็น ท่อน 1,26,มม17,มม
RBW001,เจ้าเซ็น ท่อน 1,27,มม17,มม
RBW001,เจ้าเซ็น ท่อน 1,28,รม10,รม
RBW001,เจ้าเซ็น ท่อน 1,29,รร09,รร
RBW001,เจ้าเซ็น ท่อน 1,30,รร09,รร
RBW001,เจ้าเซ็น ท่อน 1,31,ลม38,ลม
RBW001,เจ้าเซ็น ท่อน 1,32,ลม38,ลม
RBW001,เจ้าเซ็น ท่อน 2,33,มม17,มม
RBW001,เจ้าเซ็น ท่อน 2,34,มร16,มร
RBW001,เจ้าเซ็น ท่อน 2,35,มม17,มม
RBW001,เจ้าเซ็น ท่อน 2,36,มร16,มร
RBW001,เจ้าเซ็น ท่อน 2,37,ฟร23,ฟร
RBW001,เจ้าเซ็น ท่อน 2,38,ฟร23,ฟร
RBW001,เจ้าเซ็น ท่อน 2,39,ซล34,ซล
RBW001,เจ้าเซ็น ท่อน 2,40,รซ12,รซ
RBW001,เจ้าเซ็น ท่อน 2,41,รซ12,รซ
RBW001,เจ้าเซ็น ท่อน 2,42,รม10,รม
RBW001,เจ้าเซ็น ท่อน 2,43,มร16,มร
RBT001,วรรคขึ้นเพลง(จังหวะยืดหยุ่นตามทำนองเพลง),1,ซร30,ซร
RBT001,สองชั้น,2,รร09,รร
RBT001,สองชั้น,3,รล13,รล
RBT001,สองชั้น,4,ลล41,ลล
RBT001,สองชั้น,5,รร09,รร
RBT001,สองชั้น,6,ซล34,ซล
RBT001,สองชั้น,7,ลล41,ลล
RBT001,สองชั้น,8,รฟ11,รฟ
RBT001,สองชั้น,9,ฟร23,ฟร
RBN001,วรรคขึ้นเพลง,1,ซท35,ซท
RBN001,วรรคขึ้นเพลง,2,ดซ05,ดซ
RBN001,สร้อย,3,ซซ33,ซซ
RBN001,สร้อย,4,ซซ33,ซซ
RBN001,สร้อย,5,ซซ33,ซซ
RBN001,สร้อย,6,ซซ33,ซซ
RBN001,วรรคที่ 1,7,รร09,รร
RBN001,วรรคที่ 1,8,รท14,รท
RBN001,วรรคที่ 1,9,ซท35,ซท
RBN001,วรรคที่ 1,10,ลซ40,ลซ
RBN001,วรรคที่ 2,11,รร09,รร
RBN001,วรรคที่ 2,12,รล13,รล
RBN001,วรรคที่ 2,13,ลล41,ลล
RBN001,วรรคที่ 2,14,ฟร23,ฟร
RBN001,วรรคที่ 2,15,รท14,รท
RBN001,วรรคที่ 2,16,ลล41,ลล
RBN001,วรรคที่ 3,17,ซร30,ซร
RBN001,วรรคที่ 3,18,ทซ47,ทซ
RBN001,วรรคที่ 3,19,ซซ33,ซซ
RBN001,วรรคที่ 3,20,รท14,รท
RBN001,วรรคที่ 3,21,ซซ33,ซซ
RBN001,ชั้นเดียว(ท้ายเพลงฉิ่งตรัง) ท่อน 1,22,รร09,รร
RBN001,ชั้นเดียว(ท้ายเพลงฉิ่งตรัง) ท่อน 1,23,รร09,รร
RBN001,ชั้นเดียว(ท้ายเพลงฉิ่งตรัง) ท่อน 1,24,ดร02,ดร
RBN001,ชั้นเดียว(ท้ายเพลงฉิ่งตรัง) ท่อน 1,25,ซด29,ซด
RBN001,ชั้นเดียว(ท้ายเพลงฉิ่งตรัง) ท่อน 1,26,รซ12,รซ
RBN001,ชั้นเดียว(ท้ายเพลงฉิ่งตรัง) ท่อน 1,27,ซซ33,ซซ
RBN001,ชั้นเดียว(ท้ายเพลงฉิ่งตรัง) ท่อน 1,28,ซซ33,ซซ
RBN001,ชั้นเดียว(ท้ายเพลงฉิ่งตรัง) ท่อน 2,29,ทซ47,ทซ
RBN001,ชั้นเดียว(ท้ายเพลงฉิ่งตรัง) ท่อน 2,30,ทซ47,ทซ
RBN001,ชั้นเดียว(ท้ายเพลงฉิ่งตรัง) ท่อน 2,31,มท21,มท
RBN001,ชั้นเดียว(ท้ายเพลงฉิ่งตรัง) ท่อน 2,32,รซ12,รซ
RBN001,ชั้นเดียว(ท้ายเพลงฉิ่งตรัง) ท่อน 2,33,มท21,มท
RBN001,ชั้นเดียว(ท้ายเพลงฉิ่งตรัง) ท่อน 2,34,รซ12,รซ
RBN001,ชั้นเดียว(ท้ายเพลงฉิ่งตรัง) ท่อน 2,35,ซซ33,ซซ
RBN001,ชั้นเดียว(ท้ายเพลงฉิ่งตรัง) ท่อน 2,36,ซซ33,ซซ
RBN001,ชั้นเดียว(ท้ายเพลงฉิ่งตรัง) ท่อน 3,37,ซล34,ซล
RBN001,ชั้นเดียว(ท้ายเพลงฉิ่งตรัง) ท่อน 3,38,รล13,รล
RBN001,ชั้นเดียว(ท้ายเพลงฉิ่งตรัง) ท่อน 3,39,ลซ40,ลซ
RBN001,ชั้นเดียว(ท้ายเพลงฉิ่งตรัง) ระนาดทุ้มนำ,40,ทท49,ทท
RBN001,ชั้นเดียว(ท้ายเพลงฉิ่งตรัง) ระนาดทุ้มนำ,41,ทท49,ทท
RBN001,ชั้นเดียว(ท้ายเพลงฉิ่งตรัง) ระนาดทุ้มนำ,42,ทซ47,ทซ
RBP001,สร้อย,1,ดฟ04,ดฟ
RBP001,สร้อย,2,ดฟ04,ดฟ
RBP001,สร้อย,3,ดฟ04,ดฟ
RBP001,สร้อย,4,ดฟ04,ดฟ
RBP001,ท่อน 1,5,ดล06,ดล
RBP001,ท่อน 1,6,ดร02,ดร
RBP001,ท่อน 1,7,รซ12,รซ
RBP001,ท่อน 1,8,ลล41,ลล
RBP001,ท่อน 1,9,ซฟ32,ซฟ
RBP001,ท่อน 2,10,ลซ40,ลซ
RBP001,ท่อน 2,11,ซร30,ซร
RBP001,ท่อน 2,12,รซ12,รซ
RBP001,ท่อน 2,13,รล13,รล
RBP001,ท่อน 2,14,ดซ05,ดซ
RBP001,ท่อน 2,15,ซฟ32,ซฟ
RBP001,ท่อน 3,16,รล13,รล
RBP001,ท่อน 3,17,ลซ40,ลซ
RBP001,ท่อน 3,18,ดฟ04,ดฟ
RBP001,ท่อน 3,19,ลซ40,ลซ
RBP001,ท่อน 3,20,รซ12,รซ
RBP001,ท่อน 3,21,ซฟ32,ซฟ
RBP001,เพลงสุรินทราหูสองชั้น ท่อน 1,22,รฟ11,รฟ
RBP001,เพลงสุรินทราหูสองชั้น ท่อน 1,23,รล13,รล
RBP001,เพลงสุรินทราหูสองชั้น ท่อน 1,24,ลล41,ลล
RBP001,เพลงสุรินทราหูสองชั้น ท่อน 2,25,ดล06,ดล
RBP001,เพลงสุรินทราหูสองชั้น ท่อน 2,26,ฟล27,ฟล
RBP001,เพลงสุรินทราหูสองชั้น ท่อน 2,27,ดล06,ดล
RBP001,เพลงสุรินทราหูสองชั้น ท่อน 2,28,ลล41,ลล
RBP001,เพลงสุรินทราหูสองชั้น ท่อน 3,29,ลร37,ลร
RBP001,เพลงสุรินทราหูสองชั้น ท่อน 3,30,ดร02,ดร
RBP001,เพลงสุรินทราหูสองชั้น ท่อน 3,31,รล13,รล
RBP001,เพลงสุรินทราหูสองชั้น ท่อน 3,32,ลล41,ลล
RBP001,เพลงเร็วท้ายสมเด็จ,33,ลฟ39,ลฟ
RBP001,เพลงเร็วท้ายสมเด็จ,34,ลฟ39,ลฟ
RBP001,เพลงเร็วท้ายสมเด็จ,35,ฟฟ25,ฟฟ
RBP001,เพลงเร็วท้ายสมเด็จ,36,ฟฟ25,ฟฟ
RBP001,วรรคจบเพลง(สร้อย),37,ดฟ04,ดฟ
RBB001,สองชั้น,1,รซ12,รซ
RBB001,สองชั้น,2,ซซ33,ซซ
RBB001,สองชั้น,3,ลม38,ลม
RBB001,สองชั้น,4,ซล34,ซล
RBB001,สองชั้น,5,ทซ47,ทซ
RBB001,สองชั้น,6,ซซ33,ซซ
RBB001,สองชั้น,7,ทซ47,ทซ
RBB001,สองชั้น,8,มล20,มล
RBB001,สองชั้น,9,ลล41,ลล
RBB001,ชั้นเดียว,10,มท21,มท
RBB001,ชั้นเดียว,11,มร16,มร
RBB001,ชั้นเดียว,12,มท21,มท
RBB001,ชั้นเดียว,13,มร16,มร
RBB001,ชั้นเดียว,14,รม10,รม
RBB001,ชั้นเดียว,15,ซล34,ซล
RBB001,ชั้นเดียว วรรคจบเพลง,16,ลล41,ลล
RBB001,ชั้นเดียว วรรคจบเพลง,17,รซ12,รซ
RBB001,ชั้นเดียว วรรคจบเพลง,18,ทซ47,ทซ
RBM001,ท่อน 1,1,ลม38,ลม
RBM001,ท่อน 1,2,มล20,มล
RBM001,ท่อน 2,3,ดซ05,ดซ
RBM001,ท่อน 2,4,ซล34,ซล
RBM001,ท่อน 3,5,ลม38,ลม
RBM001,ท่อน 3,6,มล20,มล
RBM001,ชั้นเดียว,7,ลล41,ลล
RBM001,ชั้นเดียว,8,ลล41,ลล
RBM001,ชั้นเดียว,9,ลล41,ลล
RBM001,ชั้นเดียว,10,ดล06,ดล
RBM001,ชั้นเดียว,11,ลม38,ลม
RBM001,ชั้นเดียว,12,มล20,มล
RBM001,ชั้นเดียว วรรคจบเพลง,13,ลล41,ลล
RBM001,ชั้นเดียว วรรคจบเพลง,14,มซ19,มซ
RBM001,ชั้นเดียว วรรคจบเพลง,15,ลม38,ลม
RBV001,ทองย่อน,1,ซล34,ซล
RBV001,ทองย่อน,2,ลล41,ลล
RBV001,ทองย่อน,3,ซร30,ซร
RBV001,ทองย่อน,4,ซร30,ซร
RBV001,ทองย่อน,5,ลฟ39,ลฟ
RBV001,เห่,6,ซซ33,ซซ
RBV001,เห่,7,รร09,รร
RBV001,นารายณ์แปลงรูป ท่อน 1,8,มล20,มล
RBV001,นารายณ์แปลงรูป ท่อน 1,9,ซฟ32,ซฟ
RBV001,นารายณ์แปลงรูป ท่อน 1,10,มฟ18,มฟ
RBV001,นารายณ์แปลงรูป ท่อน 2,11,ลล41,ลล
RBV001,นารายณ์แปลงรูป ท่อน 2,12,ซด29,ซด
RBV001,นารายณ์แปลงรูป ท่อน 2,13,ทร44,ทร
RBV001,นารายณ์แปลงรูป ท่อน 2,14,ลฟ39,ลฟ
RBV001,นารายณ์แปลงรูป ท่อน 2,15,มฟ18,มฟ
RBV001,นารายณ์แปลงรูป ท่อน 3,16,ดม03,ดม
RBV001,นารายณ์แปลงรูป ท่อน 3,17,ฟร23,ฟร
RBV001,นารายณ์แปลงรูป ท่อน 3,18,รร09,รร
RBV001,มอญแปลง วรรคที่ 1,19,ซล34,ซล
RBV001,มอญแปลง วรรคที่ 1,20,ซฟ32,ซฟ
RBV001,มอญแปลง วรรคที่ 2,21,ลล41,ลล
RBV001,มอญแปลง วรรคที่ 2,22,ซฟ32,ซฟ
RBV001,มอญแปลง วรรคที่ 3,23,ซร30,ซร
RBV001,มอญแปลง วรรคที่ 3,24,ฟซ26,ฟซ
RBV001,มอญแปลง วรรคที่ 3,25,ฟซ26,ฟซ
RBV001,มอญแปลง วรรคที่ 3,26,ซฟ32,ซฟ
RBV001,มอญแปลง วรรคที่ 3,27,ซฟ32,ซฟ
RBV001,มอญแปลง วรรคที่ 4,28,รซ12,รซ
RBV001,มอญแปลง วรรคที่ 4,29,รฟ11,รฟ
RBV001,มอญแปลง วรรคที่ 5,30,มร16,มร
RBV001,มอญแปลง วรรคที่ 5,31,รร09,รร
RBY001,สองชั้น,1,รร09,รร
RBY001,สองชั้น,2,รฟ11,รฟ
RBY001,สองชั้น,3,ฟฟ25,ฟฟ
RBY001,สองชั้น,4,ฟล27,ฟล
RBY001,สองชั้น,5,ลล41,ลล
RBY001,สองชั้น,6,ลล41,ลล
RBY001,สองชั้น,7,ฟร23,ฟร
RBY001,สองชั้น,8,รด08,รด
RBY001,สองชั้น,9,ดด01,ดด
RBY001,สองชั้น,10,ดด01,ดด
RBY001,สองชั้น,11,ดด01,ดด
RBY001,สองชั้น,12,รฟ11,รฟ
RBY001,ชั้นเดียว ท่อน 1,13,ดล06,ดล
RBY001,ชั้นเดียว ท่อน 1,14,ลฟ39,ลฟ
RBY001,ชั้นเดียว ท่อน 2,15,รล13,รล
RBY001,ชั้นเดียว ท่อน 2,16,ซฟ32,ซฟ
RBY001,ชั้นเดียว วรรคจบเพลง,17,รซ12,รซ
RBY001,ชั้นเดียว วรรคจบเพลง,18,รฟ11,รฟ
RBR001,สองชั้น,1,รร09,รร
RBR001,สองชั้น,2,รร09,รร
RBR001,สองชั้น,3,มร16,มร
RBR001,สองชั้น,4,รร09,รร
RBR001,สองชั้น,5,ทร44,ทร
RBR001,สองชั้น,6,รซ12,รซ
RBR001,สองชั้น,7,ซซ33,ซซ
RBR001,สองชั้น,8,ซซ33,ซซ
RBR001,สองชั้น,9,รร09,รร
RBR001,สองชั้น,10,รซ12,รซ
RBR001,สองชั้น,11,ซซ33,ซซ
RBR001,สองชั้น,12,ซซ33,ซซ
RBR001,สองชั้น,13,รร09,รร
RBR001,สองชั้น,14,ทซ47,ทซ
RBR001,สองชั้น,15,ซด29,ซด
RBR001,สองชั้น,16,รร09,รร
RBR001,ชั้นเดียว,17,รร09,รร
RBR001,ชั้นเดียว,18,รร09,รร
RBR001,ชั้นเดียว,19,รซ12,รซ
RBR001,ชั้นเดียว,20,ซซ33,ซซ
RBR001,ชั้นเดียว,21,รซ12,รซ
RBR001,ชั้นเดียว,22,ซซ33,ซซ
RBR001,ชั้นเดียว,23,รซ12,รซ
RBR001,ชั้นเดียว,24,ดร02,ดร
RBS001,ท่อน 1,1,รซ12,รซ
RBS001,ท่อน 1,2,ซร30,ซร
RBS001,ท่อน 1,3,รร09,รร
RBS001,ท่อน 1,4,มด15,มด
RBS001,ท่อน 1,5,ซร30,ซร
RBS001,ท่อน 1,6,รล13,รล
RBS001,ท่อน 1,7,ลร37,ลร
RBS001,ท่อน 1,8,รร09,รร
RBS001,ท่อน 2,9,รซ12,รซ
RBS001,ท่อน 2,10,ซร30,ซร
RBS001,ท่อน 2,11,รร09,รร
RBS001,ท่อน 2,12,ทซ47,ทซ
RBS001,ท่อน 2,13,ซร30,ซร
RBS001,ท่อน 2,14,ทซ47,ทซ
RBS001,ท่อน 2,15,ซร30,ซร
RBS001,ท่อน 2,16,รร09,รร
RBS001,วรรคจบเพลง,17,รซ12,รซ
RBS001,วรรคจบเพลง,18,ซร30,ซร
RBS001,วรรคจบเพลง,19,รร09,รร
RBS001,วรรคจบเพลง,20,รซ12,รซ
RBE001,วรรคขึ้นเพลง,1,ซด29,ซด
RBE001,วรรคขึ้นเพลง,2,ดด01,ดด
RBE001,สองชั้น(แขกเชิญเจ้า) ท่อน 1,3,ซซ33,ซซ
RBE001,สองชั้น(แขกเชิญเจ้า) ท่อน 1,4,รด08,รด
RBE001,สองชั้น(แขกเชิญเจ้า) ท่อน 1,5,รซ12,รซ
RBE001,สองชั้น(แขกเชิญเจ้า) ท่อน 1,6,รซ12,รซ
RBE001,สองชั้น(แขกเชิญเจ้า) ท่อน 1,7,ดม03,ดม
RBE001,สองชั้น(แขกเชิญเจ้า) ท่อน 1,8,มด15,มด
RBE001,สองชั้น(แขกเชิญเจ้า) ท่อน 1,9,ดด01,ดด
RBE001,สองชั้น(แขกเชิญเจ้า) ท่อน 1,10,ดด01,ดด
RBE001,สองชั้น(แขกเชิญเจ้า) ท่อน 2,11,ดด01,ดด
RBE001,สองชั้น(แขกเชิญเจ้า) ท่อน 2,12,ดด01,ดด
RBE001,สองชั้น(แขกเชิญเจ้า) ท่อน 2,13,ซด29,ซด
RBE001,สองชั้น(แขกเชิญเจ้า) ท่อน 2,14,ดด01,ดด
RBE001,สองชั้น(แขกเชิญเจ้า) ท่อน 2,15,ดด01,ดด
RBE001,สองชั้น(แขกเชิญเจ้า) ท่อน 2,16,ซด29,ซด
RBE001,สองชั้น(แขกเชิญเจ้า) ท่อน 2,17,ดด01,ดด
RBE001,สองชั้น(แขกเชิญเจ้า) ท่อน 2,18,ดด01,ดด
RBE001,ชั้นเดียว,19,รร09,รร
RBE001,ชั้นเดียว,20,รร09,รร
RBE001,ชั้นเดียว,21,รร09,รร
RBE001,ชั้นเดียว,22,รร09,รร
RBE001,ชั้นเดียว,23,ซล34,ซล
RBE001,ชั้นเดียว,24,รร09,รร
RBE001,ชั้นเดียว,25,มร16,มร
RBE001,ชั้นเดียว,26,มด15,มด
RBE001,ชั้นเดียว,27,ดซ05,ดซ
RBA001,วรรคขึ้นเพลง,1,ลซ40,ลซ
RBA001,วรรคขึ้นเพลง,2,ซด29,ซด
RBA001,วรรคขึ้นเพลง,3,ดร02,ดร
RBA001,วรรคขึ้นเพลง,4,ดฟ04,ดฟ
RBA001,วรรคขึ้นเพลง,5,ดร02,ดร
RBA001,วรรคขึ้นเพลง,6,ดฟ04,ดฟ
RBA001,วรรคขึ้นเพลง,7,ดด01,ดด
RBA001,วรรคขึ้นเพลง,8,ดด01,ดด
RBA001,วรรคขึ้นเพลง,9,ดด01,ดด
RBA001,วรรคขึ้นเพลง,10,ดล06,ดล
RBA001,วรรคขึ้นเพลง,11,รร09,รร
RBA001,วรรคขึ้นเพลง,12,รฟ11,รฟ
RBA001,วรรคขึ้นเพลง,13,ลฟ39,ลฟ
RBA001,วรรคขึ้นเพลง,14,ฟฟ25,ฟฟ
RBA001,วรรคขึ้นเพลง,15,ซร30,ซร
RBA001,ท่อน 1,16,ลซ40,ลซ
RBA001,ท่อน 1,17,ฟด22,ฟด
RBA001,ท่อน 1,18,ซด29,ซด
RBA001,ท่อน 1,19,ซด29,ซด
RBA001,ท่อน 1,20,ลฟ39,ลฟ
RBA001,ท่อน 2,21,ลซ40,ลซ
RBA001,ท่อน 2,22,ฟฟ25,ฟฟ
RBA001,ท่อน 2,23,ซฟ32,ซฟ
RBA001,ท่อน 2,24,ซฟ32,ซฟ
RBA001,ท่อน 2,25,รด08,รด
RBA001,ท่อน 2,26,ฟด22,ฟด
RBA001,ท่อน 3,27,ดด01,ดด
RBA001,ท่อน 3,28,ดด01,ดด
RBA001,ท่อน 3,29,รซ12,รซ
RBA001,ท่อน 3,30,-,-
RBA001,ท่อน 3,31,ซซ33,ซซ
RBA001,ท่อน 3,32,รซ12,รซ
RBA001,ท่อน 3,33,รซ12,รซ
RBA001,ท่อน 3,34,รซ12,รซ
RBA001,ท่อน 3,35,ซซ33,ซซ
RBA001,ท่อน 4,36,ฟล27,ฟล
RBA001,ท่อน 4,37,ลล41,ลล
RBA001,ท่อน 4,38,ลฟ39,ลฟ
RBA001,ท่อน 4,39,ลล41,ลล
RBA001,ท่อน 4,40,ลฟ39,ลฟ
RBA001,ท่อน 4,41,ดฟ04,ดฟ
RBA001,ท่อน 4,42,ฟล27,ฟล
RBA001,ชั้นเดียว,43,ลด36,ลด
RBA001,ชั้นเดียว,44,ลล41,ลล
RBA001,ชั้นเดียว,45,ลล41,ลล
RBA001,ชั้นเดียว,46,ดร02,ดร
RBA001,ชั้นเดียว,47,รล13,รล
RBA001,ชั้นเดียว,48,ลฟ39,ลฟ
RBK001,สองชั้น ท่อน 1,1,ซฟ32,ซฟ
RBK001,สองชั้น ท่อน 1,2,ซร30,ซร
RBK001,สองชั้น ท่อน 1,3,ลฟ39,ลฟ
RBK001,สองชั้น ท่อน 1,4,ลฟ39,ลฟ
RBK001,สองชั้น ท่อน 2,5,ซด29,ซด
RBK001,สองชั้น ท่อน 2,6,ดฟ04,ดฟ
RBK001,สองชั้น ท่อน 2,7,ฟล27,ฟล
RBK001,สองชั้น ท่อน 2,8,ซฟ32,ซฟ
RBK001,สองชั้น ท่อน 2,9,ลฟ39,ลฟ
RBK001,สองชั้น ท่อน 2,10,ลฟ39,ลฟ
RBK001,ชั้นเดียว,11,ฟร23,ฟร
RBK001,ชั้นเดียว,12,ฟร23,ฟร
RBK001,ชั้นเดียว,13,รล13,รล
RBK001,ชั้นเดียว,14,รร09,รร
RBK001,ชั้นเดียว,15,ลร37,ลร
RBK001,ชั้นเดียว,16,รร09,รร
RBK001,ชั้นเดียว,17,รล13,รล
RBK001,ชั้นเดียว,18,ฟฟ25,ฟฟ
RBK001,ชั้นเดียว วรรคจบเพลง,19,ฟด22,ฟด
RBK001,ชั้นเดียว วรรคจบเพลง,20,ดด01,ดด
RBK001,ชั้นเดียว วรรคจบเพลง,21,ดด01,ดด
RBK001,ชั้นเดียว วรรคจบเพลง,22,ดด01,ดด
RBG001,สองชั้น ท่อน 1,1,ลล41,ลล
RBG001,สองชั้น ท่อน 1,2,ลร37,ลร
RBG001,สองชั้น สร้อย,3,รล13,รล
RBG001,สองชั้น สร้อย,4,ลร37,ลร
RBG001,สองชั้น สร้อย,5,รร09,รร
RBG001,สองชั้น สร้อย,6,รร09,รร
RBG001,สองชั้น ท่อน 2,7,รร09,รร
RBG001,ชั้นเดียว,8,ฟล27,ฟล
RBG001,ชั้นเดียว,9,ฟด22,ฟด
RBG001,ชั้นเดียว สร้อย,10,ซฟ32,ซฟ
RBG001,ชั้นเดียว สร้อย,11,ซฟ32,ซฟ
RBG001,ชั้นเดียว วรรคจบเพลง,12,ฟล27,ฟล
RBG001,ชั้นเดียว วรรคจบเพลง,13,ลล41,ลล
RBG001,ชั้นเดียว วรรคจบเพลง,14,ลล41,ลล
RBF001,วรรคขึ้นเพลง,1,มด15,มด
RBF001,สองชั้น(ม้าโขยก),2,มด15,มด
RBF001,สองชั้น(ม้าโขยก),3,มล20,มล
RBF001,สองชั้น(ม้าโขยก),4,ซด29,ซด
RBF001,สองชั้น(ม้าโขยก),5,ดม03,ดม
RBF001,สองชั้น(ม้าโขยก),6,ลร37,ลร
RBF001,สองชั้น(ม้าโขยก),7,รซ12,รซ
RBF001,สองชั้น(ม้าโขยก) วรรคจบเพลง,8,ซซ33,ซซ
RBF001,สองชั้น(ม้าโขยก) วรรคจบเพลง,9,ซซ33,ซซ
RBF001,สองชั้น(ม้าโขยก) วรรคจบเพลง,10,มด15,มด
RBI001,ม่านมุ้ยเชียงตา,1,ทม45,ทม
RBI001,ม่านมุ้ยเชียงตา,2,ลล41,ลล
RBI001,ม่านมุ้ยเชียงตา,3,ดม03,ดม
RBI001,ม่านมุ้ยเชียงตา,4,รม10,รม
RBI001,ม่านมุ้ยเชียงตา,5,มซ19,มซ
RBI001,ม่านมุ้ยเชียงตา,6,มร16,มร
RBI001,ม่านมุ้ยเชียงตา,7,รล13,รล
RBI001,ม่านมุ้ยเชียงตา,8,รล13,รล
RBI001,ม่านมุ้ยเชียงตา,9,ทล48,ทล
RBI001,ม่านมุ้ยเชียงตา,10,ดซ05,ดซ
RBI001,ม่านมุ้ยเชียงตา,11,ฟซ26,ฟซ
RBI001,ม่านมุ้ยเชียงตา,12,มท21,มท
RBI001,ม่านมุ้ยเชียงตา,13,รท14,รท
RBI001,ม่านมุ้ยเชียงตา,14,มท21,มท
RBI001,ม่านมุ้ยเชียงตา,15,รท14,รท
RBI001,ม่านมุ้ยเชียงตา,16,ลม38,ลม
RBI001,ม่านมุ้ยเชียงตา,17,ฟล27,ฟล
RBI001,ม่านมุ้ยเชียงตา,18,ซม31,ซม
RBI001,ม่านมุ้ยเชียงตา,19,ฟล27,ฟล
RBI001,ม่านมุ้ยเชียงตา,20,ทล48,ทล
RBI001,ท้ายออกเพลงเร็ว,21,ดซ05,ดซ
RBI001,ท้ายออกเพลงเร็ว,22,ฟซ26,ฟซ
RBI001,เพลงเร็ว,23,ซซ33,ซซ
RBI001,เพลงเร็ว,24,ลซ40,ลซ
RBI001,เพลงเร็ว,25,ลซ40,ลซ
RBI001,เพลงเร็ว,26,มด15,มด
RBI001,เพลงเร็ว,27,ดด01,ดด
RBI001,เพลงเร็ว,28,ลด36,ลด
RBI001,เพลงเร็ว,29,ลด36,ลด
RBI001,เพลงเร็ว,30,มด15,มด
RBI001,เพลงเร็ว,31,ซซ33,ซซ
RBI001,เพลงเร็ว,32,ลซ40,ลซ
RBI001,เพลงเร็ว,33,ลซ40,ลซ
RBI001,เพลงเร็ว,34,มด15,มด
RBI001,เพลงเร็ว,35,ดด01,ดด
RBI001,เพลงเร็ว,36,ลด36,ลด
RBI001,เพลงเร็ว,37,ลด36,ลด
RBI001,เพลงเร็ว,38,มด15,มด
RBI001,เพลงเร็ว,39,ดม03,ดม
RBI001,เพลงเร็ว,40,ลซ40,ลซ
RBI001,เพลงเร็ว,41,ดม03,ดม
RBI001,เพลงเร็ว,42,ลร37,ลร
RBI001,เพลงเร็ว,43,ซร30,ซร
RBI001,เพลงเร็ว,44,ซร30,ซร
RBI001,เพลงเร็ว,45,ซร30,ซร
RBI001,เพลงเร็ว,46,ซล34,ซล
RBI001,เพลงเร็ว,47,มล20,มล
RBI001,เพลงเร็ว,48,มด15,มด
RBI001,เพลงเร็ว,49,ดด01,ดด
RBI001,เพลงเร็ว,50,มด15,มด
RBI001,เพลงเร็ว,51,มล20,มล
RBI001,เพลงเร็ว,52,ลม38,ลม
RBI001,เพลงเร็ว,53,ลล41,ลล
RBI001,เพลงเร็ว,54,ซม31,ซม
RBI001,เพลงเร็ว,55,ซม31,ซม
RBI001,เพลงเร็ว,56,รล13,รล
RBI001,เพลงเร็ว,57,ลร37,ลร
RBI001,เพลงเร็ว,58,รล13,รล
RBI001,เพลงเร็ว,59,ดด01,ดด
RBI001,เพลงเร็ว,60,มล20,มล
RBI001,เพลงเร็ว,61,ซด29,ซด
RBI001,เพลงเร็ว,62,มล20,มล
RBI001,เพลงเร็ว,63,รซ12,รซ
RBI001,เพลงเร็ว,64,รซ12,รซ
RBI001,เพลงเร็ว,65,รซ12,รซ
RBI001,เพลงเร็ว,66,รซ12,รซ
RBI001,เพลงเร็ว,67,ลม38,ลม
RBI001,เพลงเร็ว,68,ลม38,ลม
RBI001,คลอร้อง,69,รล13,รล
RBI001,คลอร้อง,70,ลม38,ลม
RBI001,คลอร้อง,71,ดม03,ดม
RBI001,คลอร้อง,72,ดร02,ดร
RBI001,คลอร้อง,73,ซล34,ซล
RBI001,คลอร้อง,74,มม17,มม
RBI001,คลอร้อง,75,ซด29,ซด
RBI001,คลอร้อง,76,ดร02,ดร
RBI001,คลอร้อง,77,ซร30,ซร
RBI001,คลอร้อง,78,ซร30,ซร
RBI001,คลอร้อง,79,รซ12,รซ
RBI001,คลอร้อง,80,ซร30,ซร
RBI001,คลอร้อง,81,รซ12,รซ
RBI001,คลอร้อง,82,ซล34,ซล
RBI001,คลอร้อง,83,ซล34,ซล
RBI001,คลอร้อง,84,ซร30,ซร
RBI001,คลอร้อง,85,ซร30,ซร
RBI001,คลอร้อง,86,ซล34,ซล
RBI001,คลอร้อง,87,ซล34,ซล
RBI001,คลอร้อง,88,ซร30,ซร
RBI001,คลอร้อง,89,ซซ33,ซซ
RBI001,คลอร้อง,90,ทม45,ทม
RBI001,คลอร้อง,91,ลล41,ลล
RBI001,คลอร้อง,92,ดม03,ดม
RBI001,คลอร้อง,93,รม10,รม
RBI001,คลอร้อง,94,มซ19,มซ
RBI001,คลอร้อง,95,มร16,มร
RBI001,คลอร้อง,96,รล13,รล
RBI001,คลอร้อง,97,ทล48,ทล
RBI001,คลอร้อง,98,ดซ05,ดซ
RBI001,คลอร้อง,99,ฟซ26,ฟซ
RBI001,คลอร้อง,100,ลฟ39,ลฟ
RBI001,คลอร้อง,101,ลร37,ลร
RBI001,คลอร้อง,102,ลฟ39,ลฟ
RBI001,คลอร้อง,103,ลร37,ลร
RBI001,คลอร้อง,104,รฟ11,รฟ
RBI001,คลอร้อง,105,ลร37,ลร
RBI001,คลอร้อง,106,รฟ11,รฟ
RBI001,คลอร้อง,107,ลร37,ลร
RBI001,คลอร้อง,108,ลม38,ลม
RBI001,คลอร้อง,109,มร16,มร
RBI001,คลอร้อง,110,ลม38,ลม
RBI001,คลอร้อง,111,มร16,มร
RBI001,คลอร้อง,112,รซ12,รซ
RBI001,คลอร้อง,113,รซ12,รซ
RBI001,คลอร้อง,114,ฟม24,ฟม
RBI001,คลอร้อง,115,ฟม24,ฟม
RBI001,คลอร้อง,116,มม17,มม
RBI001,คลอร้อง,117,ลม38,ลม
RBI001,คลอร้อง,118,มม17,มม
RBI001,คลอร้อง,119,ลร37,ลร
RBI001,คลอร้อง,120,ทล48,ทล
RBI001,คลอร้อง,121,รร09,รร
RBI001,คลอร้อง,122,รซ12,รซ
RBI001,คลอร้อง,123,รร09,รร
RBI001,คลอร้อง,124,รร09,รร
RBI001,พญาลำพอง,125,มม17,มม
RBI001,พญาลำพอง,126,ดล06,ดล
RBI001,พญาลำพอง,127,ลล41,ลล
RBI001,พญาลำพอง,128,มม17,มม
RBI001,พญาลำพอง,129,ดล06,ดล
RBI001,พญาลำพอง,130,ลซ40,ลซ
RBI001,พญาลำพอง,131,มซ19,มซ
RBI001,พญาลำพอง,132,มร16,มร
RBI001,พญาลำพอง,133,ลล41,ลล
RBI001,พญาลำพอง,134,รร09,รร
RBI001,พญาลำพอง,135,ลด36,ลด
RBI001,ลงจบ,136,ดด01,ดด
RBI001,ลงจบ,137,มด15,มด
RBJ001,ย่องหงิด,1,ทท49,ทท
RBJ001,ย่องหงิด,2,ลท42,ลท
RBJ001,ย่องหงิด,3,ทซ47,ทซ
RBJ001,ย่องหงิด,4,ทซ47,ทซ
RBJ001,ย่องหงิด,5,รซ12,รซ
RBJ001,ย่องหงิด,6,ทซ47,ทซ
RBJ001,ย่องหงิด,7,ซท35,ซท
RBJ001,ย่องหงิด,8,ทท49,ทท
RBL001,ย่องหงิด,1,ทท49,ทท
RBL001,ย่องหงิด,2,ลท42,ลท
RBL001,ย่องหงิด,3,ทซ47,ทซ
RBL001,ย่องหงิด,4,ทซ47,ทซ
RBL001,ย่องหงิด,5,รซ12,รซ
RBL001,ย่องหงิด,6,ทซ47,ทซ
RBL001,ย่องหงิด,7,ซท35,ซท
RBL001,ย่องหงิด,8,ทท49,ทท
RBO001,สองชั้น,1,ลร37,ลร
RBO001,สองชั้น,2,ลร37,ลร
RBO001,สองชั้น,3,ลร37,ลร
RBO001,สองชั้น,4,ลร37,ลร
RBO001,สองชั้น,5,ลซ40,ลซ
RBO001,สองชั้น,6,ซฟ32,ซฟ
RBO001,สองชั้น,7,ลซ40,ลซ
RBO001,สองชั้น,8,ซฟ32,ซฟ
RBO001,ชั้นเดียว,9,ฟร23,ฟร
RBO001,ชั้นเดียว,10,ฟร23,ฟร
RBO001,ชั้นเดียว,11,ฟร23,ฟร
RBO001,ชั้นเดียว,12,ฟร23,ฟร
RBO001,ชั้นเดียว,13,ซฟ32,ซฟ
RBO001,ชั้นเดียว,14,ซฟ32,ซฟ
RBO001,ชั้นเดียว,15,ซฟ32,ซฟ
RBO001,ชั้นเดียว,16,ซฟ32,ซฟ
RBO001,ชั้นเดียว วรรคจบเพลง,17,ซฟ32,ซฟ
RBQ001,ท่อน 1,1,ฟร23,ฟร
RBQ001,ท่อน 1,2,รร09,รร
RBQ001,ท่อน 1,3,รล13,รล
RBQ001,ท่อน 1,4,ลล41,ลล
RBQ001,ท่อน 1,5,ฟด22,ฟด
RBQ001,ท่อน 1,6,ลฟ39,ลฟ
RBQ001,ท่อน 2,7,ฟฟ25,ฟฟ
RBQ001,ท่อน 2,8,มล20,มล
RBQ001,ท่อน 2,9,ลซ40,ลซ
RBQ001,ท่อน 2,10,ฟซ26,ฟซ
RBQ001,ท่อน 2,11,ฟฟ25,ฟฟ
RBQ001,ท่อน 2,12,มล20,มล
RBQ001,ท่อน 2,13,ลซ40,ลซ
RBQ001,ท่อน 2,14,ฟซ26,ฟซ
RBQ001,ท่อน 2,15,ฟฟ25,ฟฟ
RBQ001,ชั้นเดียว,16,ฟฟ25,ฟฟ
RBQ001,ชั้นเดียว,17,ฟฟ25,ฟฟ
RBQ001,ชั้นเดียว,18,ลด36,ลด
RBQ001,ชั้นเดียว,19,ลด36,ลด
RBQ001,ชั้นเดียว,20,ซฟ32,ซฟ
RBQ001,ชั้นเดียว,21,ซฟ32,ซฟ
RBU001,สองชั้น,1,ฟร23,ฟร
RBU001,สองชั้น,2,รซ12,รซ
RBU001,สองชั้น,3,ซซ33,ซซ
RBU001,สองชั้น,4,ฟล27,ฟล
RBU001,สองชั้น,5,รด08,รด
RBU001,สองชั้น,6,ดด01,ดด
RBU001,ชั้นเดียว ท่อน 1,7,ลด36,ลด
RBU001,ชั้นเดียว ท่อน 1,8,ซด29,ซด
RBU001,ชั้นเดียว ท่อน 1,9,ลด36,ลด
RBU001,ชั้นเดียว ท่อน 1,10,ซฟ32,ซฟ
RBU001,ชั้นเดียว สร้อย,11,ฟฟ25,ฟฟ
RBU001,ชั้นเดียว สร้อย,12,ฟฟ25,ฟฟ
RBU001,ชั้นเดียว สร้อย,13,ฟฟ25,ฟฟ
RBU001,ชั้นเดียว สร้อย,14,ฟฟ25,ฟฟ
RBU001,ชั้นเดียว ท่อน 2,15,รซ12,รซ
RBU001,ชั้นเดียว ท่อน 2,16,ซด29,ซด
RBU001,ชั้นเดียว ท่อน 2,17,รซ12,รซ
RBU001,ชั้นเดียว ท่อน 2,18,ซฟ32,ซฟ
RBX001,ทองย่อน,1,ลท42,ลท
RBX001,ทองย่อน,2,ทท49,ทท
RBX001,ทองย่อน,3,ลม38,ลม
RBX001,ทองย่อน,4,ลม38,ลม
RBX001,ทองย่อน,5,ทซ47,ทซ
RBX001,สีนวลใน ท่อน 1,6,ทล48,ทล
RBX001,สีนวลใน ท่อน 1,7,ซซ33,ซซ
RBX001,สีนวลใน ท่อน 1,8,มล20,มล
RBX001,สีนวลใน ท่อน 1,9,มซ19,มซ
RBX001,สีนวลใน ท่อน 2,10,ทท49,ทท
RBX001,สีนวลใน ท่อน 2,11,ทซ47,ทซ
RBX001,สีนวลใน ท่อน 2,12,มล20,มล
RBX001,สีนวลใน ท่อน 2,13,มซ19,มซ
RBX001,สีนวลนอก ท่อน 1,14,ซท35,ซท
RBX001,สีนวลนอก ท่อน 1,15,ทซ47,ทซ
RBX001,สีนวลนอก ท่อน 2,16,รท14,รท
RBX001,สีนวลนอก ท่อน 2,17,ทซ47,ทซ
RBX001,สะสม,18,รท14,รท
RBX001,สะสม,19,ทซ47,ทซ
RBX001,สะสม,20,ลม38,ลม
RBX001,พญาสี่เสา ท่อน 1,21,ลร37,ลร
RBX001,พญาสี่เสา ท่อน 1,22,รซ12,รซ
RBX001,พญาสี่เสา ท่อน 1,23,รซ12,รซ
RBX001,พญาสี่เสา ท่อน 2,24,รร09,รร
RBX001,พญาสี่เสา ท่อน 2,25,ซร30,ซร
RBX001,ตุ๊กตา,26,รร09,รร
RBX001,ตุ๊กตา,27,รร09,รร
RBX001,ตุ๊กตา,28,ซม31,ซม
RBX001,ตุ๊กตา,29,รร09,รร
RBX001,แขกต่อยหม้อ ท่อน 1,30,มล20,มล
RBX001,แขกต่อยหม้อ ท่อน 1,31,ลร37,ลร
RBX001,แขกต่อยหม้อ ท่อน 2,32,มด15,มด
RBX001,แขกต่อยหม้อ ท่อน 2,33,ซร30,ซร
RBX001,เวสสุกรรม ท่อน 1,34,ซท35,ซท
RBX001,เวสสุกรรม ท่อน 1,35,มซ19,มซ
RBX001,เวสสุกรรม ท่อน 2,36,มร16,มร
RBX001,เวสสุกรรม ท่อน 2,37,ทร44,ทร
RBX001,เวสสุกรรม ท่อน 2,38,ซท35,ซท
RBX001,เวสสุกรรม ท่อน 2,39,มซ19,มซ
RBX001,บรรเทศ ท่อน 1,40,มท21,มท
RBX001,บรรเทศ ท่อน 1,41,ทซ47,ทซ
RBX001,บรรเทศ ท่อน 2,42,มล20,มล
RBX001,บรรเทศ ท่อน 2,43,ทซ47,ทซ
RBZ001,โคมเวียน วรรคนำ,1,ลม38,ลม
RBZ001,โคมเวียน ท่อน 1,2,ทท49,ทท
RBZ001,โคมเวียน ท่อน 1,3,ทท49,ทท
RBZ001,โคมเวียน ท่อน 1,4,มล20,มล
RBZ001,โคมเวียน ท่อน 1,5,ลล41,ลล
RBZ001,โคมเวียน ท่อน 1,6,ลท42,ลท
RBZ001,โคมเวียน ท่อน 1,7,ทท49,ทท
RBZ001,โคมเวียน ท่อน 1,8,มล20,มล
RBZ001,โคมเวียน ท่อน 1,9,ลล41,ลล
RBZ001,โคมเวียน ท่อน 1,10,ซร30,ซร
RBZ001,โคมเวียน ท่อน 1,11,ซซ33,ซซ
RBZ001,โคมเวียน ท่อน 1,12,มท21,มท
RBZ001,โคมเวียน ท่อน 1,13,มม17,มม
RBZ001,โคมเวียน ท่อน 1,14,ซร30,ซร
RBZ001,โคมเวียน ท่อน 1,15,ซซ33,ซซ
RBZ001,โคมเวียน ท่อน 1,16,มท21,มท
RBZ001,โคมเวียน ท่อน 1,17,มม17,มม
RBZ001,พระทอง,18,ลม38,ลม
RBZ001,พระทอง,19,ซล34,ซล
RBZ001,พระทอง,20,ทซ47,ทซ
RBZ001,พระทอง,21,ทล48,ทล
RBZ001,พระทอง,22,ลซ40,ลซ
RBZ001,พระทอง,23,ซท35,ซท
RBZ001,พระทอง,24,ซล34,ซล
RBZ001,พระทอง,25,ลซ40,ลซ
RBZ001,เบ้าหลุด,26,ลล41,ลล
RBZ001,เบ้าหลุด,27,ลฟ39,ลฟ
RBZ001,เบ้าหลุด,28,ลฟ39,ลฟ
RBZ001,เบ้าหลุด,29,มซ19,มซ
RBZ001,เบ้าหลุด,30,ซฟ32,ซฟ
RBZ001,เบ้าหลุด,31,ซล34,ซล
RBZ001,เบ้าหลุด,32,ซฟ32,ซฟ
RBZ001,เบ้าหลุด,33,ฟร23,ฟร
RBZ001,สระบุหร่ง,34,ทล48,ทล
RBZ001,สระบุหร่ง,35,มล20,มล
RBZ001,สระบุหร่ง,36,ลซ40,ลซ
RBZ001,สระบุหร่ง,37,ทล48,ทล
RBZ001,สระบุหร่ง,38,ลซ40,ลซ
RBZ001,สระบุหร่ง,39,ซม31,ซม
RBZ001,สระบุหร่ง,40,มล20,มล
RBZ001,สระบุหร่ง,41,ซม31,ซม
RBZ001,สระบุหร่ง,42,ลท42,ลท
RBZ001,บะหลิ่ม,43,ทซ47,ทซ
RBZ001,บะหลิ่ม,44,ลท42,ลท
RBZ001,บะหลิ่ม,45,ทท49,ทท
RBZ001,บะหลิ่ม,46,มท21,มท
RBZ001,บะหลิ่ม,47,ทซ47,ทซ
RBZ001,บะหลิ่ม,48,ลท42,ลท
RBZ001,บะหลิ่ม,49,ทล48,ทล
RBZ001,บะหลิ่ม,50,ลล41,ลล
RBZ001,เพลงเร็ว ท่อน 1,51,รร09,รร
RBZ001,เพลงเร็ว ท่อน 1,52,รซ12,รซ
RBZ001,เพลงเร็ว ท่อน 1,53,รซ12,รซ
RBZ001,เพลงเร็ว ท่อน 1,54,ซซ33,ซซ
RBZ001,เพลงเร็ว ท่อน 1,55,ซร30,ซร
RBZ001,เพลงเร็ว ท่อน 1,56,ซร30,ซร
RBZ001,เพลงเร็ว ท่อน 2,57,รร09,รร
RBZ001,เพลงเร็ว ท่อน 2,58,รร09,รร
RBZ001,เพลงเร็ว ท่อน 2,59,รร09,รร
RBZ001,เพลงเร็ว ท่อน 2,60,รร09,รร
RBZ001,เพลงเร็ว ท่อน 2,61,ดซ05,ดซ
RBZ001,เพลงเร็ว ท่อน 2,62,รท14,รท
RBZ001,เพลงเร็ว ท่อน 2,63,รซ12,รซ
RBZ001,เพลงเร็ว ท่อน 2,64,ซซ33,ซซ
RBZ001,เพลงลา,65,มล20,มล
RBZ001,เพลงลา,66,ทท49,ทท
RBZ001,เพลงลา,67,ลม38,ลม
RBZ001,เพลงลา,68,มซ19,มซ
RCA001,สองชั้น ท่อน 1,1,ทท49,ทท
RCA001,สองชั้น ท่อน 1,2,ทล48,ทล
RCA001,สองชั้น ท่อน 1,3,ซล34,ซล
RCA001,สองชั้น ท่อน 1,4,ทซ47,ทซ
RCA001,สองชั้น ท่อน 2,5,รล13,รล
RCA001,สองชั้น ท่อน 2,6,ลท42,ลท
RCA001,สองชั้น ท่อน 2,7,ทล48,ทล
RCA001,สองชั้น ท่อน 2,8,ทซ47,ทซ
RCA001,ชั้นเดียว* ท่อน 1,9,ทท49,ทท
RCA001,ชั้นเดียว* ท่อน 1,10,ลล41,ลล
RCA001,ชั้นเดียว* ท่อน 1,11,ทท49,ทท
RCA001,ชั้นเดียว* ท่อน 1,12,ทล48,ทล
RCA001,ชั้นเดียว* ท่อน 1,13,ลซ40,ลซ
RCA001,ชั้นเดียว* ท่อน 2,14,ทท49,ทท
RCA001,ชั้นเดียว* ท่อน 2,15,ลล41,ลล
RCA001,ชั้นเดียว* ท่อน 2,16,ทท49,ทท
RCA001,ชั้นเดียว* ท่อน 2,17,ทล48,ทล
RCA001,ชั้นเดียว* ท่อน 2,18,ลซ40,ลซ
RCB001,สองชั้น,1,มท21,มท
RCB001,สองชั้น,2,ลร37,ลร
RCB001,สองชั้น,3,รซ12,รซ
RCB001,สองชั้น,4,ทซ47,ทซ
RCB001,สองชั้น,5,มท21,มท
RCB001,สองชั้น,6,ลร37,ลร
RCB001,สองชั้น,7,ทท49,ทท
RCB001,สองชั้น,8,ทซ47,ทซ
RCB001,สองชั้น,9,ทม45,ทม
RCB001,สองชั้น,10,รซ12,รซ
RCB001,สองชั้น,11,ซร30,ซร
RCB001,สองชั้น,12,ซร30,ซร
RCB001,สองชั้น,13,ทม45,ทม
RCB001,สองชั้น,14,ลร37,ลร
RCB001,สองชั้น,15,ทท49,ทท
RCB001,สองชั้น,16,ทซ47,ทซ
RCB001,ขยี้ออกเพลงเร็ว,17,ทร44,ทร
RCB001,ขยี้ออกเพลงเร็ว,18,รซ12,รซ
RCB001,เพลงเร็ว(แขกมัดตีนหมู),19,รซ12,รซ
RCB001,เพลงเร็ว(แขกมัดตีนหมู),20,มม17,มม
RCB001,เพลงเร็ว(แขกมัดตีนหมู),21,มด15,มด
RCB001,เพลงเร็ว(แขกมัดตีนหมู),22,ดซ05,ดซ
RCB001,เพลงเร็ว(แขกมัดตีนหมู),23,ซซ33,ซซ
RCB001,เพลงเร็ว(แขกมัดตีนหมู),24,ซซ33,ซซ
RCB001,เพลงเร็ว(แขกมัดตีนหมู),25,ซม31,ซม
RCB001,เพลงเร็ว(แขกมัดตีนหมู),26,ทม45,ทม
RCB001,เพลงเร็ว(แขกมัดตีนหมู),27,ทซ47,ทซ
RCB001,เพลงเร็ว(แขกมัดตีนหมู),28,ทซ47,ทซ
RCB001,เพลงเร็ว(แขกมัดตีนหมู),29,ลซ40,ลซ
RCB001,เพลงเร็ว(แขกมัดตีนหมู),30,ลซ40,ลซ
RCB001,เพลงเร็ว(แขกมัดตีนหมู),31,ซซ33,ซซ
RCB001,เพลงเร็ว(แขกมัดตีนหมู),32,ซซ33,ซซ
RCC001,สองชั้น,1,ทล48,ทล
RCC001,สองชั้น,2,ซซ33,ซซ
RCC001,สองชั้น,3,ทล48,ทล
RCC001,สองชั้น,4,ซซ33,ซซ
RCC001,สองชั้น,5,ซซ33,ซซ
RCC001,สองชั้น,6,ลล41,ลล
RCC001,สองชั้น,7,ซซ33,ซซ
RCC001,สองชั้น,8,ซซ33,ซซ
RCC001,สองชั้น,9,มท21,มท
RCC001,สองชั้น,10,ลซ40,ลซ
RCC001,สองชั้น,11,ลซ40,ลซ
RCC001,ชั้นเดียว,12,ลซ40,ลซ
RCC001,ชั้นเดียว,13,ลซ40,ลซ
RCC001,ชั้นเดียว,14,ซล34,ซล
RCC001,ชั้นเดียว,15,ซซ33,ซซ
RCC001,ชั้นเดียว,16,ทซ47,ทซ
RCC001,ชั้นเดียว วรรคจบเพลง,17,ทท49,ทท
RCC001,ชั้นเดียว วรรคจบเพลง,18,ทล48,ทล
RCC001,ชั้นเดียว วรรคจบเพลง,19,ลม38,ลม
RCD001,วรรคขึ้นเพลง,1,ลด36,ลด
RCD001,ม้าย่อง,2,ซด29,ซด
RCD001,ม้าย่อง,3,ดด01,ดด
RCD001,ม้าย่อง,4,ดด01,ดด
RCD001,ม้าย่อง,5,ดซ05,ดซ
RCD001,ม้าย่อง,6,ซด29,ซด
RCD001,ม้าย่อง,7,ดด01,ดด
RCD001,ม้าย่อง,8,ทซ47,ทซ
RCD001,ม้าย่อง,9,ซซ33,ซซ
RCD001,ม้าย่อง,10,ซด29,ซด
RCD001,ม้าย่อง,11,ซซ33,ซซ
RCD001,ม้าย่อง,12,มซ19,มซ
RCD001,ม้าย่อง,13,ดซ05,ดซ
RCD001,ม้าย่อง,14,ซด29,ซด
RCD001,ม้าย่อง,15,ทซ47,ทซ
RCE001,ท่อน 1,1,ลล41,ลล
RCE001,ท่อน 1,2,ลซ40,ลซ
RCE001,ท่อน 1,3,มท21,มท
RCE001,ท่อน 1,4,ลล41,ลล
RCE001,ท่อน 2,5,ลล41,ลล
RCE001,ท่อน 2,6,ลล41,ลล
RCE001,ท่อน 3,7,ลล41,ลล
RCE001,ท่อน 3,8,ลล41,ลล
RCE001,ท่อน 4,9,มซ19,มซ
RCE001,ท่อน 4,10,มม17,มม
RCE001,ท่อน 4,11,ลร37,ลร
RCE001,ท่อน 4,12,รซ12,รซ
RCE001,ท่อน 4,13,รล13,รล
RCE001,ท่อน 4,14,ลล41,ลล
RCE001,เพลงเร็ว,15,ลล41,ลล
RCE001,เพลงเร็ว,16,รฟ11,รฟ
RCE001,เพลงเร็ว,17,รฟ11,รฟ
RCE001,เพลงเร็ว,18,ซร30,ซร
RCE001,เพลงเร็ว,19,ซร30,ซร
RCE001,เพลงเร็ว,20,รซ12,รซ
RCE001,เพลงเร็ว,21,ซล34,ซล
RCE001,เพลงเร็ว,22,ลล41,ลล
KMK001,สองชั้น,1,ลล41,ลล
KMK001,สองชั้น,2,ซร30,ซร
KPQ001,สองชั้น,1,ซร30,ซร
KPQ001,สองชั้น,2,ลม38,ลม
KPQ001,สองชั้น,3,รม10,รม
KPQ001,สองชั้น,4,มท21,มท
KPQ001,สองชั้น,5,ทร44,ทร
KMR001,ท่อน 1,1,ลล41,ลล
KMR001,ท่อน 1,2,ลล41,ลล
KMR001,ท่อน 1,3,ฟร23,ฟร
KMR001,ท่อน 1,4,ฟร23,ฟร
KMR001,ท่อน 2,5,รร09,รร
KMR001,ท่อน 2,6,ฟร23,ฟร
KMR001,ท่อน 2,7,รร09,รร
KMR001,ท่อน 2,8,ฟร23,ฟร
CHU001,สองชั้น,1,มล20,มล
CHU001,สองชั้น,2,ทล48,ทล
CHU001,สองชั้น,3,ลม38,ลม
CHU001,สองชั้น,4,มซ19,มซ
CHU001,ชั้นเดียว,5,ลล41,ลล
CHU001,ชั้นเดียว,6,มซ19,มซ
TWP001,ท่อน 1,1,ซท35,ซท
TWP001,ท่อน 1,2,ทซ47,ทซ
TWP001,ท่อน 1,3,มม17,มม
TWP001,ท่อน 1,4,ทซ47,ทซ
TWP001,ท่อน 2,5,รซ12,รซ
TWP001,ท่อน 2,6,ฟล27,ฟล
TWP001,ท่อน 2,7,ทฟ46,ทฟ
TWP001,ท่อน 2,8,ทร44,ทร
BLD001,ชั้นเดียว,1,ทซ47,ทซ
BLD001,ชั้นเดียว,2,ซล34,ซล
BLD001,ชั้นเดียว,3,ลท42,ลท
BLD001,ชั้นเดียว,4,ซม31,ซม
WSK001,ท่อน 1,1,ซท35,ซท
WSK001,ท่อน 1,2,มซ19,มซ
WSK001,ท่อน 2,3,มร16,มร
WSK001,ท่อน 2,4,ทร44,ทร
WSK001,ท่อน 2,5,ซท35,ซท
WSK001,ท่อน 2,6,มซ19,มซ
AKB002,สองชั้น,1,มร16,มร
AKB002,สองชั้น,2,ฟล27,ฟล
AKB002,สองชั้น,3,ดฟ04,ดฟ
AKB002,สองชั้น,4,ฟล27,ฟล
AKB002,สองชั้น,5,ฟร23,ฟร
AKB002,สองชั้น,6,รร09,รร
AKB002,สองชั้น,7,ฟล27,ฟล
KMG001,ท่อน 1,1,มซ19,มซ
KMG001,ท่อน 1,2,ดซ05,ดซ
KMG001,ท่อน 1,3,มด15,มด
KMG001,ท่อน 1,4,มด15,มด
KMG001,ท่อน 2,5,มม17,มม
KMG001,ท่อน 2,6,ลร37,ลร
KMG001,ท่อน 2,7,มด15,มด
KMG001,ท่อน 2,8,มด15,มด
KTM002,ท่อน 1,1,มล20,มล
KTM002,ท่อน 1,2,ลร37,ลร
KTM002,ท่อน 2,3,มด15,มด
KTM002,ท่อน 2,4,ซร30,ซร
KYN001,ชั้นเดียว,1,ซร30,ซร
KYN001,ชั้นเดียว,2,ซร30,ซร
KYN001,ชั้นเดียว,3,ดด01,ดด
KYN001,ชั้นเดียว,4,ดร02,ดร
KLB002,ทำนองเพลงแขกลพบุรี,1,ลล41,ลล
KLB002,ทำนองเพลงแขกลพบุรี,2,ลล41,ลล
KLB002,ทำนองเพลงแขกลพบุรี,3,ซซ33,ซซ
KLB002,ทำนองเพลงแขกลพบุรี,4,ซร30,ซร
KLB002,ทำนองเพลงแขกลพบุรี,5,ลล41,ลล
KAW001,ท่อน 1,1,ซร30,ซร
KAW001,ท่อน 1,2,รล13,รล
KAW001,ท่อน 1,3,ดด01,ดด
KAW001,ท่อน 1,4,ลซ40,ลซ
KAW001,ท่อน 2,5,ซร30,ซร
KAW001,ท่อน 2,6,รล13,รล
KAW001,ท่อน 2,7,ดด01,ดด
KAW001,ท่อน 2,8,ลซ40,ลซ
MWT001,สองชั้น,1,ฟร23,ฟร
MWT001,สองชั้น,2,ฟร23,ฟร
MWT001,สองชั้น,3,ฟฟ25,ฟฟ
MWT001,สองชั้น,4,ฟด22,ฟด
YND001,สองชั้น,1,ลซ40,ลซ
YND001,สองชั้น,2,ลร37,ลร
YND001,สองชั้น,3,รท14,รท
YND001,สองชั้น,4,ทล48,ทล
KOB001,ท่อน 1,1,ลล41,ลล
KOB001,ท่อน 1,2,ลฟ39,ลฟ
KOB001,ท่อน 1,3,ทซ47,ทซ
KOB001,ท่อน 2,4,ลล41,ลล
KOB001,ท่อน 2,5,ลล41,ลล
KOB001,ท่อน 2,6,ลท42,ลท
KOB001,ท่อน 2,7,ซร30,ซร
KLP001,ท่อน 1,1,รร09,รร
KLP001,ท่อน 1,2,ดร02,ดร
KLP001,ท่อน 2,3,ทด43,ทด
KLP001,ท่อน 2,4,มร16,มร
KRW001,ท่อน 1,1,ดซ05,ดซ
KRW001,ท่อน 1,2,ซด29,ซด
KRW001,ท่อน 1,3,ดซ05,ดซ
KRW001,ท่อน 1,4,ซซ33,ซซ
KRW001,ท่อน 2,5,ซม31,ซม
KRW001,ท่อน 2,6,มซ19,มซ
KRW001,ท่อน 2,7,ซม31,ซม
KRW001,ท่อน 2,8,มด15,มด
JKO001,สองชั้น,1,รซ12,รซ
JKO001,สองชั้น,2,รซ12,รซ
KJW001,ท่อน 1,1,รซ12,รซ
KJW001,ท่อน 1,2,ทล48,ทล
KJW001,ท่อน 1,3,ลม38,ลม
KJW001,ท่อน 1,4,ทร44,ทร
KJW001,ท่อน 2,5,รล13,รล
KJW001,ท่อน 2,6,รล13,รล
KJW001,ท่อน 2,7,ซซ33,ซซ
KJW001,ท่อน 2,8,ลร37,ลร
KJW001,ท่อน 2,9,ลท42,ลท
KJW001,ท่อน 2,10,มร16,มร
JKB001,ท่อน 1,1,ดม03,ดม
JKB001,ท่อน 1,2,ซซ33,ซซ
JKB001,ท่อน 1,3,มด15,มด
JKB001,ท่อน 1,4,มด15,มด
JKB001,ท่อน 2,5,ดม03,ดม
JKB001,ท่อน 2,6,ทด43,ทด
JKB001,ท่อน 2,7,ดล06,ดล
JKB001,ท่อน 2,8,ซด29,ซด
JKB001,ท่อน 3,9,ดร02,ดร
JKB001,ท่อน 3,10,รซ12,รซ
JKB001,ท่อน 3,11,ลซ40,ลซ
JKB001,ท่อน 3,12,ดซ05,ดซ
JKB001,ท่อน 3,13,ซม31,ซม
JKB001,ท่อน 3,14,มด15,มด
JKY001,สองชั้น,1,รร09,รร
JKY001,สองชั้น,2,รร09,รร
JKY001,สองชั้น,3,ลซ40,ลซ
JRP001,ท่อน 1,1,ซม31,ซม
JRP001,ท่อน 1,2,มล20,มล
JRP001,ท่อน 1,3,ดล06,ดล
JRP001,ท่อน 2,4,มม17,มม
JRP001,ท่อน 2,5,ลด36,ลด
JRP001,ท่อน 2,6,ดล06,ดล
JRP001,ท่อน 2,7,ลด36,ลด
CMC001,ชมโฉม,1,ลซ40,ลซ
CMC001,ชมโฉม,2,ลม38,ลม
CMC001,ชมโฉม,3,ลซ40,ลซ
CMC001,ชมโฉม,4,ลม38,ลม
CMC001,ชมโฉม,5,ลล41,ลล
CMC001,ชมโฉม,6,ซซ33,ซซ
CMC001,ชมโฉม,7,ลซ40,ลซ
CMC001,ชมโฉม,8,ซล34,ซล
CDN001,วรรคนำ,1,ทท49,ทท
CDN001,ท่อน 1,2,ทซ47,ทซ
CDN001,ท่อน 1,3,ลท42,ลท
CDN001,ท่อน 1,4,ทท49,ทท
CDN001,ท่อน 1,5,มท21,มท
CDN001,ท่อน 1,6,ทซ47,ทซ
CDN001,ท่อน 1,7,ลท42,ลท
CDN001,ท่อน 1,8,ทล48,ทล
CDN001,ท่อน 1,9,ทท49,ทท
CDN001,ท่อน 2,10,ทซ47,ทซ
CDN001,ท่อน 2,11,ลท42,ลท
CDN001,ท่อน 2,12,ทล48,ทล
CDN001,ท่อน 2,13,ลม38,ลม
CDN001,ท่อน 2,14,รซ12,รซ
CDN001,ท่อน 2,15,ซท35,ซท
CDN001,ท่อน 2,16,ทล48,ทล
CDN001,ท่อน 2,17,ทท49,ทท
CTL002,ท่อน 1,1,ดล06,ดล
CTL002,ท่อน 1,2,ดด01,ดด
CTL002,ท่อน 2,3,ซด29,ซด
CTL002,ท่อน 2,4,มด15,มด
YKK001,สองชั้น,1,มซ19,มซ
YKK001,สองชั้น,2,ลด36,ลด
TNO001,สองชั้น,1,ซซ33,ซซ
TNO001,สองชั้น,2,ทท49,ทท
TYP002,ท่อน 1,1,ฟร23,ฟร
TYP002,ท่อน 1,2,รด08,รด
TYP002,ท่อน 1,3,ซซ33,ซซ
TYP002,ท่อน 1,4,มฟ18,มฟ
TYP002,ท่อน 2,5,ฟซ26,ฟซ
TYP002,ท่อน 2,6,รซ12,รซ
TYP002,ท่อน 2,7,มซ19,มซ
TYP002,ท่อน 2,8,มฟ18,มฟ
TNM001,สองชั้น,1,รม10,รม
TNM001,สองชั้น,2,ดด01,ดด
TNM001,สองชั้น,3,ดซ05,ดซ
TNM001,สองชั้น,4,ซร30,ซร
TNM001,สองชั้น,5,ซซ33,ซซ
TNM001,สองชั้น,6,ซร30,ซร
TLM001,ตะละแม่ศรี,1,ซท35,ซท
TLM001,ตะละแม่ศรี,2,ทซ47,ทซ
TLM001,ตะละแม่ศรี,3,ซท35,ซท
TLM001,ตะละแม่ศรี,4,ทซ47,ทซ
TLM001,ตะละแม่ศรี,5,ซท35,ซท
TLM001,ตะละแม่ศรี,6,ทซ47,ทซ
TLM001,ตะละแม่ศรี,7,รร09,รร
TLM001,ตะละแม่ศรี,8,รร09,รร
TLM001,ตะละแม่ศรี,9,ทซ47,ทซ
PMT001,สองชั้น,1,ดม03,ดม
PMT001,สองชั้น,2,มม17,มม
PMT001,สองชั้น,3,รด08,รด
PMT001,สองชั้น,4,ดด01,ดด
PMT001,สองชั้น,5,ลล41,ลล
PMC001,สองชั้น,1,รม10,รม
PMC001,สองชั้น,2,รล13,รล
PMC001,สองชั้น,3,ลล41,ลล
PMC001,สองชั้น,4,ลม38,ลม
PMC001,สองชั้น,5,รล13,รล
FKN001,สองชั้น,1,ลม38,ลม
FKN001,สองชั้น,2,ซม31,ซม
FKN001,สองชั้น,3,มม17,มม
FKN001,สองชั้น,4,ลร37,ลร
FKN001,สองชั้น,5,มซ19,มซ
FKN001,สองชั้น,6,ลซ40,ลซ
MPL001,สองชั้น,1,ซล34,ซล
MPL001,สองชั้น,2,ซม31,ซม
MPL001,สองชั้น,3,ซร30,ซร
MPL001,สองชั้น,4,รร09,รร
MDD001,สองชั้น,1,รท14,รท
MDD001,สองชั้น,2,รท14,รท
MDD001,สองชั้น,3,ดร02,ดร
MDD001,สองชั้น,4,ทด43,ทด
MDD001,สองชั้น,5,รล13,รล
MTI001,สองชั้น,1,รร09,รร
MTI001,สองชั้น,2,ลฟ39,ลฟ
MRD002,ท่อน 1,1,ซฟ32,ซฟ
MRD002,ท่อน 1,2,ซล34,ซล
MRD002,ท่อน 1,3,ลฟ39,ลฟ
MRD002,ท่อน 1,4,ฟร23,ฟร
MRD002,ท่อน 2,5,รร09,รร
MRD002,ท่อน 2,6,ซล34,ซล
MRD002,ท่อน 2,7,ลฟ39,ลฟ
MRD002,ท่อน 2,8,ฟร23,ฟร
LMH001,ท่อน 1,1,ซร30,ซร
LMH001,ท่อน 1,2,ลล41,ลล
LMH001,ท่อน 1,3,ทร44,ทร
LMH001,ท่อน 1,4,มด15,มด
LMH001,ท่อน 1,5,ลซ40,ลซ
LMH001,ท่อน 2,6,ลม38,ลม
LMH001,ท่อน 2,7,ลซ40,ลซ
LLT001,ท่อน 1,1,ลล41,ลล
LLT001,ท่อน 1,2,ซซ33,ซซ
LLT001,ท่อน 1,3,ดด01,ดด
LLT001,ท่อน 2,4,ลซ40,ลซ
LLT001,ท่อน 2,5,ดล06,ดล
LLT001,ท่อน 2,6,ซล34,ซล
LKS001,ท่อน 1,1,รด08,รด
LKS001,ท่อน 1,2,รล13,รล
LKS001,ท่อน 2,3,มม17,มม
LKS001,ท่อน 2,4,มม17,มม
LKS001,ท่อน 2,5,ลด36,ลด
LKS001,ท่อน 2,6,ซซ33,ซซ
TKT001,สองชั้น,1,ซซ33,ซซ
TKT001,สองชั้น,2,ซซ33,ซซ
TKT001,สองชั้น,3,ดล06,ดล
TKT001,สองชั้น,4,ซซ33,ซซ
TLB001,ท่อน 1,1,ซซ33,ซซ
TLB001,ท่อน 1,2,ซซ33,ซซ
TLB001,ท่อน 1,3,ทท49,ทท
TLB001,ท่อน 1,4,ซซ33,ซซ
TLB001,ท่อน 1,5,ซซ33,ซซ
TLB001,ท่อน 1,6,ซท35,ซท
TLB001,ท่อน 1,7,ทท49,ทท
TLB001,ท่อน 2,8,ทท49,ทท
TLB001,ท่อน 2,9,ทท49,ทท
TLB001,ท่อน 2,10,ทท49,ทท
TLB001,ท่อน 2,11,ทท49,ทท
TLB001,ท่อน 2,12,ทท49,ทท
TLB001,ท่อน 2,13,ทท49,ทท
TLB001,ท่อน 2,14,ทซ47,ทซ
NKJ001,สองชั้น,1,ดล06,ดล
NKJ001,สองชั้น,2,ลล41,ลล
NKJ001,สองชั้น,3,มล20,มล
NKJ001,สองชั้น,4,ซด29,ซด
NLS001,ท่อน 1,1,รซ12,รซ
NLS001,ท่อน 1,2,รซ12,รซ
NLS001,ท่อน 1,3,ฟร23,ฟร
NLS001,ท่อน 2,4,รร09,รร
NLS001,ท่อน 2,5,รท14,รท
NLS001,ท่อน 2,6,ซล34,ซล
NLS001,ท่อน 2,7,ดร02,ดร
FRK001,สองชั้น,1,ซซ33,ซซ
FRK001,สองชั้น,2,ซล34,ซล
FRK001,สองชั้น,3,รร09,รร
LGL001,ท่อน 1,1,มม17,มม
LGL001,ท่อน 1,2,ดล06,ดล
LGL001,ท่อน 1,3,ดด01,ดด
LGL001,ท่อน 1,4,ซซ33,ซซ
LGL001,ท่อน 2,5,มล20,มล
LGL001,ท่อน 2,6,มด15,มด
LGL001,ท่อน 2,7,มร16,มร
WLD001,สองชั้น,1,ซซ33,ซซ
WLD001,สองชั้น,2,ลร37,ลร
WLD001,สองชั้น,3,รล13,รล
WLD001,สองชั้น,4,ซล34,ซล
WLD001,สองชั้น,5,รล13,รล
SSM001,สองชั้น,1,รท14,รท
SSM001,สองชั้น,2,ทซ47,ทซ
SSM001,สองชั้น,3,ลม38,ลม
SRT002,ท่อน 1,1,ดซ05,ดซ
SRT002,ท่อน 1,2,ลซ40,ลซ
SRT002,ท่อน 1,3,ดร02,ดร
SRT002,ท่อน 1,4,รล13,รล
SRT002,ท่อน 2,5,ลฟ39,ลฟ
SRT002,ท่อน 2,6,ฟล27,ฟล
SRT002,ท่อน 2,7,ลฟ39,ลฟ
SRT002,ท่อน 2,8,รร09,รร
SLK001,ท่อน 1,1,มท21,มท
SLK001,ท่อน 1,2,ลล41,ลล
SLK001,ท่อน 1,3,ลซ40,ลซ
SLK001,ท่อน 1,4,มม17,มม
SLK001,ท่อน 2,5,มท21,มท
SLK001,ท่อน 2,6,มล20,มล
SLK001,ท่อน 2,7,ลซ40,ลซ
SLK001,ท่อน 2,8,มม17,มม
SLG001,สองชั้น,1,ทม45,ทม
SLG001,สองชั้น,2,ลล41,ลล
SLG001,สองชั้น,3,ทล48,ทล
SLG001,สองชั้น,4,ซล34,ซล
SGT001,ท่อน 1,1,มท21,มท
SGT001,ท่อน 1,2,รล13,รล
SGT001,ท่อน 1,3,รล13,รล
SGT001,ท่อน 1,4,ลม38,ลม
SGT001,ท่อน 2,5,มม17,มม
SGT001,ท่อน 2,6,มล20,มล
SGT001,ท่อน 2,7,รล13,รล
SGT001,ท่อน 2,8,ลม38,ลม
NSU001,หนีเสือ,1,ซซ33,ซซ
NSU001,หนีเสือ,2,มซ19,มซ
NSU001,หนีเสือ,3,ทซ47,ทซ
APS001,ท่อน 1,1,ทซ47,ทซ
APS001,ท่อน 1,2,มท21,มท
APS001,ท่อน 1,3,มล20,มล
APS001,ท่อน 1,4,ซท35,ซท
APS001,ท่อน 2,5,ทท49,ทท
APS001,ท่อน 2,6,ทซ47,ทซ
APS001,ท่อน 2,7,ลร37,ลร
APS001,ท่อน 2,8,ซท35,ซท
LCD001,สองชั้น,1,ทซ47,ทซ
LCD001,สองชั้น,2,ทซ47,ทซ
LCD001,สร้อย,3,มซ19,มซ
LCD001,สร้อย,4,ทซ47,ทซ
LGD001,สองชั้น,1,ซซ33,ซซ
LGD001,สองชั้น,2,ซล34,ซล
LGD001,สองชั้น,3,ลฟ39,ลฟ
LGD001,สองชั้น,4,ซล34,ซล
SML001,เสมอลาว,1,ซท35,ซท
SML001,เสมอลาว,2,ซซ33,ซซ
SML001,เสมอลาว,3,ทท49,ทท
SML001,เสมอลาว,4,มท21,มท
LOM001,โลม,1,ซล34,ซล
LOM001,โลม,2,ลซ40,ลซ
LOM001,โลม,3,ลซ40,ลซ
LOM001,โลม,4,ลล41,ลล
LOM001,โลม,5,ซซ33,ซซ
LOM001,โลม,6,ลซ40,ลซ
LOM001,โลม,7,ซท35,ซท
LOM001,โลม,8,ทท49,ทท
LOM001,โลม,9,ซล34,ซล
LOM001,โลม,10,ลซ40,ลซ
LOM001,โลม,11,ลซ40,ลซ
LOM001,โลม,12,ลล41,ลล
LOM001,โลม,13,ซซ33,ซซ
LOM001,โลม,14,ลซ40,ลซ
ODM001,โอดเอม,1,ลม38,ลม
ODM001,โอดเอม,2,ซล34,ซล
ODM001,โอดเอม,3,รม10,รม
ODK001,โอดแขก,1,ลล41,ลล
ODK001,โอดแขก,2,ลล41,ลล
ODK001,โอดแขก,3,ลล41,ลล
ODL001,โอดลาว,1,ลล41,ลล
ODL001,โอดลาว,2,ลล41,ลล
ODL001,โอดลาว,3,ลซ40,ลซ
TBK001,ท่อน 1,1,ลล41,ลล
TBK001,ท่อน 1,2,ลซ40,ลซ
TBK001,ท่อน 1,3,ซท35,ซท
TBK001,ท่อน 1,4,ซร30,ซร
TBK001,ท่อน 1,5,มท21,มท
TBK001,ท่อน 1,6,รม10,รม
TBK001,ท่อน 1,7,มล20,มล
TBK001,ท่อน 1,8,ลซ40,ลซ
TBK001,ท่อน 2,9,ซซ33,ซซ
TBK001,ท่อน 2,10,ทร44,ทร
TBK001,ท่อน 2,11,ทซ47,ทซ
TBK001,ท่อน 2,12,ซร30,ซร
TBK001,ท่อน 2,13,มท21,มท
TBK001,ท่อน 2,14,รม10,รม
TBK001,ท่อน 2,15,มล20,มล
TBK001,ท่อน 2,16,ลซ40,ลซ
TNI001,ไม้เดินเที่ยวแรก,1,มล20,มล
TNI001,ไม้เดินเที่ยวแรก,2,ทท49,ทท
TNI001,ไม้เดินเที่ยวแรก,3,มล20,มล
TNI001,ไม้เดินเที่ยวแรก,4,ทท49,ทท
TNI001,ไม้ลาเที่ยวแรก,5,มท21,มท
TNI001,ไม้ลาเที่ยวแรก,6,ทซ47,ทซ
TNI001,ไม้ลาเที่ยวแรก,7,ซท35,ซท
TNI001,ไม้ลาเที่ยวแรก,8,ทท49,ทท
TNI001,ไม้เดินเที่ยวกลับ,9,มล20,มล
TNI001,ไม้เดินเที่ยวกลับ,10,ทท49,ทท
TNI001,ไม้เดินเที่ยวกลับ,11,มล20,มล
TNI001,ไม้เดินเที่ยวกลับ,12,ทท49,ทท
TNI001,ไม้ลาเที่ยวกลับ,13,มท21,มท
TNI001,ไม้ลาเที่ยวกลับ,14,ทซ47,ทซ
TNI001,ไม้ลาเที่ยวกลับ,15,ทม45,ทม
TNI001,ไม้ลาเที่ยวกลับ,16,ซซ33,ซซ
BSK001,บาทสกุณี,1,ลล41,ลล
BSK001,บาทสกุณี,2,มร16,มร
BSK001,บาทสกุณี,3,ฟฟ25,ฟฟ
BSK001,บาทสกุณี,4,ฟล27,ฟล
BSK001,บาทสกุณี,5,ลซ40,ลซ
BSK001,บาทสกุณี,6,ลฟ39,ลฟ
BSK001,บาทสกุณี,7,รม10,รม
BSK001,บาทสกุณี,8,ทร44,ทร
BSK001,บาทสกุณี,9,ฟร23,ฟร
BSK001,บาทสกุณี,10,ทล48,ทล
BSK001,บาทสกุณี,11,มท21,มท
BSK001,บาทสกุณี,12,ทฟ46,ทฟ
BSK001,บาทสกุณี,13,รร09,รร
BSK001,บาทสกุณี,14,ฟล27,ฟล
BSK001,บาทสกุณี,15,ฟท28,ฟท
BSK001,บาทสกุณี,16,รท14,รท
BSK001,บาทสกุณี,17,รล13,รล
BSK001,บาทสกุณี,18,รท14,รท
BSK001,บาทสกุณี,19,รล13,รล
BSK001,บาทสกุณี,20,รท14,รท
BSK001,บาทสกุณี,21,รท14,รท
BSK001,บาทสกุณี,22,รท14,รท
BSK001,บาทสกุณี,23,ทฟ46,ทฟ
BSK001,บาทสกุณี,24,รท14,รท
BSK001,บาทสกุณี,25,ทร44,ทร
WAA001,ต้นเพลงวา,1,รร09,รร
WAA001,ต้นเพลงวา,2,รร09,รร
WAA001,ต้นเพลงวา,3,รร09,รร
WAA001,ต้นเพลงวา ท่อน 1,4,ฟซ26,ฟซ
WAA001,ต้นเพลงวา ท่อน 1,5,ลล41,ลล
WAA001,ต้นเพลงวา ท่อน 1,6,ฟซ26,ฟซ
WAA001,ต้นเพลงวา ท่อน 1,7,ซซ33,ซซ
WAA001,ต้นเพลงวา ท่อน 2,8,รฟ11,รฟ
WAA001,ต้นเพลงวา ท่อน 2,9,ซซ33,ซซ
WAA001,ต้นเพลงวา ท่อน 2,10,ลด36,ลด
WAA001,ต้นเพลงวา ท่อน 2,11,ดซ05,ดซ
WAA001,ต้นเพลงวา ท่อน 2,12,ดร02,ดร
WAA001,ต้นเพลงวา ท่อน 2,13,ฟซ26,ฟซ
WAA001,ต้นเพลงวา ท่อน 2,14,ซล34,ซล
WAA001,ต้นเพลงวา ท่อน 2,15,ลร37,ลร
CDC001,ตัวที่ 1,1,รม10,รม
CDC001,ตัวที่ 1,2,มม17,มม
CDC001,ตัวที่ 1,3,ทม45,ทม
CDC001,ตัวที่ 1,4,ทซ47,ทซ
CDC001,ตัวที่ 1,5,รม10,รม
CDC001,ตัวที่ 1,6,มม17,มม
CDC001,ตัวที่ 1,7,ลท42,ลท
CDC001,ตัวที่ 1,8,มล20,มล
CDC001,สร้อย,9,มซ19,มซ
CDC001,สร้อย,10,มม17,มม
CDC001,สร้อย,11,ทม45,ทม
CDC001,สร้อย,12,ทซ47,ทซ
CDC001,สร้อย,13,มซ19,มซ
CDC001,สร้อย,14,มม17,มม
CDC001,สร้อย,15,ลท42,ลท
CDC001,สร้อย,16,มล20,มล
CDC001,ตัวที่ 2,17,ลล41,ลล
CDC001,ตัวที่ 2,18,ลม38,ลม
CDC001,ตัวที่ 2,19,ทม45,ทม
CDC001,ตัวที่ 2,20,ทซ47,ทซ
CDC001,ตัวที่ 2,21,ลล41,ลล
CDC001,ตัวที่ 2,22,ลม38,ลม
CDC001,ตัวที่ 2,23,ลท42,ลท
CDC001,ตัวที่ 2,24,มล20,มล
CDC001,ตัวที่ 3,25,รล13,รล
CDC001,ตัวที่ 3,26,รม10,รม
CDC001,ตัวที่ 3,27,ทม45,ทม
CDC001,ตัวที่ 3,28,ทซ47,ทซ
CDC001,ตัวที่ 3,29,รล13,รล
CDC001,ตัวที่ 3,30,รม10,รม
CDC001,ตัวที่ 3,31,ลท42,ลท
CDC001,ตัวที่ 3,32,มล20,มล
CDC001,ตัวที่ 4,33,ทล48,ทล
CDC001,ตัวที่ 4,34,ลม38,ลม
CDC001,ตัวที่ 4,35,ทม45,ทม
CDC001,ตัวที่ 4,36,ทซ47,ทซ
CDC001,ตัวที่ 4,37,ทล48,ทล
CDC001,ตัวที่ 4,38,ลม38,ลม
CDC001,ตัวที่ 4,39,ลท42,ลท
CDC001,ตัวที่ 4,40,มล20,มล
CDC001,ตัวที่ 5,41,ทซ47,ทซ
CDC001,ตัวที่ 5,42,ซม31,ซม
CDC001,ตัวที่ 5,43,ทม45,ทม
CDC001,ตัวที่ 5,44,ทซ47,ทซ
CDC001,ตัวที่ 5,45,ทซ47,ทซ
CDC001,ตัวที่ 5,46,ซม31,ซม
CDC001,ตัวที่ 5,47,ลท42,ลท
CDC001,ตัวที่ 5,48,มล20,มล
CDC002,หัวเพลงเชิดฉานตัวที่1,1,รม10,รม
CDC002,หัวเพลงเชิดฉานตัวที่1,2,มม17,มม
CDC002,หัวเพลงเชิดฉานตัวที่1,3,รม10,รม
CDC002,หัวเพลงเชิดฉานตัวที่1,4,มม17,มม
CDC002,ตัวเพลงเชิดฉานเที่ยวแรก,5,ทม45,ทม
CDC002,ตัวเพลงเชิดฉานเที่ยวแรก,6,ทซ47,ทซ
CDC002,ตัวเพลงเชิดฉานเที่ยวหลัง,7,ลท42,ลท
CDC002,ตัวเพลงเชิดฉานเที่ยวหลัง,8,มล20,มล
CDC002,ตัวเพลงเชิดฉานเที่ยวหลัง สร้อย,9,มซ19,มซ
CDC002,ตัวเพลงเชิดฉานเที่ยวหลัง สร้อย,10,มม17,มม
CDC002,ตัวเพลงเชิดฉานเที่ยวหลัง สร้อย,11,ทม45,ทม
CDC002,ตัวเพลงเชิดฉานเที่ยวหลัง สร้อย,12,ทซ47,ทซ
CDC002,ตัวเพลงเชิดฉานเที่ยวหลัง สร้อย,13,มซ19,มซ
CDC002,ตัวเพลงเชิดฉานเที่ยวหลัง สร้อย,14,มม17,มม
CDC002,ตัวเพลงเชิดฉานเที่ยวหลัง สร้อย,15,ลท42,ลท
CDC002,ตัวเพลงเชิดฉานเที่ยวหลัง สร้อย,16,มล20,มล
CDC002,หัวเพลงเชิดฉานตัวที่2,17,ลล41,ลล
CDC002,หัวเพลงเชิดฉานตัวที่2,18,ลม38,ลม
CDC002,หัวเพลงเชิดฉานตัวที่3,19,รล13,รล
CDC002,หัวเพลงเชิดฉานตัวที่3,20,รม10,รม
CDC002,หัวเพลงเชิดฉานตัว4,21,ทล48,ทล
CDC002,หัวเพลงเชิดฉานตัว4,22,ลม38,ลม
CDC002,หัวเพลงเชิดฉานตัวที่5,23,ทซ47,ทซ
CDC002,หัวเพลงเชิดฉานตัวที่5,24,ซม31,ซม
SMP001,เสมอพม่า,1,ฟม24,ฟม
SMP001,เสมอพม่า,2,รฟ11,รฟ
SMP001,เสมอพม่า,3,ลล41,ลล
SMP001,เสมอพม่า,4,รล13,รล
FMM002,ม่านมงคล,1,ซฟ32,ซฟ
FMM002,ม่านมงคล,2,ซซ33,ซซ
FMM002,ม่านมงคล,3,ทร44,ทร
FMM002,ม่านมงคล,4,ดซ05,ดซ
FMM002,ม่านมงคล,5,ทท49,ทท
FMM002,ม่านมงคล,6,ซท35,ซท
FMM002,ม่านมงคล,7,ซซ33,ซซ
FMM002,ม่านมงคล,8,ทร44,ทร
FMM002,ม่านมงคล(เร็ว),9,รซ12,รซ
FMM002,ม่านมงคล(เร็ว),10,รซ12,รซ
FMM002,ม่านมงคล(เร็ว),11,ทท49,ทท
FMM002,ม่านมงคล(เร็ว),12,ซร30,ซร
FMM002,พม่าไสยาสน์,13,ฟซ26,ฟซ
FMM002,พม่าไสยาสน์,14,ซฟ32,ซฟ
FMM002,พม่าไสยาสน์,15,ซซ33,ซซ
FMM002,พม่าไสยาสน์,16,ซซ33,ซซ
FMM002,พม่าไสยาสน์,17,ซซ33,ซซ
FMM001,ม่านมงคล,1,ซร30,ซร
FMM001,ม่านมงคล,2,ซซ33,ซซ
FMM001,ม่านมงคล,3,ทร44,ทร
FMM001,ม่านมงคล,4,ดซ05,ดซ
FMM001,ม่านมงคล,5,ทท49,ทท
FMM001,ม่านมงคล,6,ซท35,ซท
FMM001,ม่านมงคล,7,ซซ33,ซซ
FMM001,ม่านมงคล,8,ทร44,ทร
FMM001,เพลงเร็วม่านมงคล,9,รซ12,รซ
FMM001,เพลงเร็วม่านมงคล,10,รซ12,รซ
FMM001,เพลงเร็วม่านมงคล,11,ทท49,ทท
FMM001,เพลงเร็วม่านมงคล,12,ซร30,ซร
FMM001,พม่าไสยาสน์,13,ฟซ26,ฟซ
FMM001,พม่าไสยาสน์,14,ซฟ32,ซฟ
FMM001,พม่าไสยาสน์,15,ซซ33,ซซ
FMM001,พม่าไสยาสน์,16,ซซ33,ซซ
FMM001,พม่าไสยาสน์,17,ซซ33,ซซ
LKH001,ท่อน 1,1,ซด29,ซด
LKH001,ท่อน 1,2,ดซ05,ดซ
LKH001,ท่อน 1,3,มด15,มด
LKH001,ท่อน 1,4,รด08,รด
LKH001,ท่อน 1,5,ดซ05,ดซ
LKH001,ท่อน 1,6,ซม31,ซม
LKH001,ท่อน 1,7,ซซ33,ซซ
LKH001,ท่อน 1,8,มด15,มด
LKH001,ท่อน 2,9,ดร02,ดร
LKH001,ท่อน 2,10,มล20,มล
LKH001,ท่อน 2,11,ลซ40,ลซ
LKH001,ท่อน 2,12,มร16,มร
LKH001,ท่อน 2,13,ซร30,ซร
LKH001,ท่อน 2,14,ลด36,ลด
LKH001,ท่อน 3,15,ดม03,ดม
LKH001,ท่อน 3,16,ลล41,ลล
LKH001,ท่อน 3,17,มล20,มล
LKH001,ท่อน 3,18,ดล06,ดล
LKH001,ท่อน 3,19,ซร30,ซร
LKH001,ท่อน 3,20,ลด36,ลด
LKH001,ท่อน 3,21,ซร30,ซร
LKH001,ท่อน 3,22,ลด36,ลด
LKH002,ท่อน 1,1,ดฟ04,ดฟ
LKH002,ท่อน 1,2,ฟด22,ฟด
LKH002,ท่อน 1,3,ลฟ39,ลฟ
LKH002,ท่อน 1,4,ซฟ32,ซฟ
LKH002,ท่อน 1,5,ฟด22,ฟด
LKH002,ท่อน 1,6,ดล06,ดล
LKH002,ท่อน 1,7,ดด01,ดด
LKH002,ท่อน 1,8,ลฟ39,ลฟ
LKH002,ท่อน 2,9,ฟซ26,ฟซ
LKH002,ท่อน 2,10,ลร37,ลร
LKH002,ท่อน 2,11,รด08,รด
LKH002,ท่อน 2,12,ลซ40,ลซ
LKH002,ท่อน 2,13,ดซ05,ดซ
LKH002,ท่อน 2,14,รฟ11,รฟ
LKH002,ท่อน 3,15,ฟร23,ฟร
LKH002,ท่อน 3,16,ดด01,ดด
LKH002,ท่อน 3,17,ดซ05,ดซ
LKH002,ท่อน 3,18,รฟ11,รฟ
LKH002,ท่อน 3,19,ดซ05,ดซ
LKH002,ท่อน 3,20,รฟ11,รฟ
LKH003,ท่อน 1,1,ดฟ04,ดฟ
LKH003,ท่อน 1,2,ฟด22,ฟด
LKH003,ท่อน 1,3,ลฟ39,ลฟ
LKH003,ท่อน 1,4,ซฟ32,ซฟ
LKH003,ท่อน 1,5,ฟด22,ฟด
LKH003,ท่อน 1,6,ดล06,ดล
LKH003,ท่อน 1,7,ดด01,ดด
LKH003,ท่อน 1,8,ลฟ39,ลฟ
LKH003,ท่อน 2,9,ฟซ26,ฟซ
LKH003,ท่อน 2,10,ลร37,ลร
LKH003,ท่อน 2,11,รด08,รด
LKH003,ท่อน 2,12,ลซ40,ลซ
LKH003,ท่อน 2,13,ดซ05,ดซ
LKH003,ท่อน 2,14,รฟ11,รฟ
LKH003,ท่อน 3,15,ฟร23,ฟร
LKH003,ท่อน 3,16,ดด01,ดด
LKH003,ท่อน 3,17,ดซ05,ดซ
LKH003,ท่อน 3,18,รฟ11,รฟ
LKH003,ท่อน 3,19,ดซ05,ดซ
LKH003,ท่อน 3,20,รฟ11,รฟ
RWM001,งามแสงเดือน,1,ลฟ39,ลฟ
RWM001,งามแสงเดือน,2,ลฟ39,ลฟ
RWM001,งามแสงเดือน,3,ฟซ26,ฟซ
RWM001,งามแสงเดือน,4,ซฟ32,ซฟ
RWM001,ชาวไทย,5,ดม03,ดม
RWM001,ชาวไทย,6,มล20,มล
RWM001,ชาวไทย,7,มซ19,มซ
RWM001,ชาวไทย,8,มล20,มล
RWM001,ชาวไทย,9,มด15,มด
RWM001,ชาวไทย,10,ลม38,ลม
RWM001,ชาวไทย,11,ทร44,ทร
RWM001,ชาวไทย,12,มม17,มม
RWM001,ชาวไทย,13,ทล48,ทล
RWM001,ชาวไทย,14,ทร44,ทร
RWM001,ชาวไทย,15,ลซ40,ลซ
RWM001,คืนเดือนหงาย,16,ดซ05,ดซ
RWM001,คืนเดือนหงาย,17,ฟซ26,ฟซ
RWM001,คืนเดือนหงาย,18,มด15,มด
RWM001,ดวงจันทร์วันเพ็ญ,19,ซซ33,ซซ
RWM001,ดวงจันทร์วันเพ็ญ,20,ดล06,ดล
RWM001,ดวงจันทร์วันเพ็ญ,21,มร16,มร
RWM001,ดวงจันทร์วันเพ็ญ,22,ลด36,ลด
RWM001,ดวงจันทร์วันเพ็ญ,23,ลม38,ลม
RWM001,ดวงจันทร์วันเพ็ญ,24,รล13,รล
RWM001,ดวงจันทร์วันเพ็ญ,25,ลซ40,ลซ
RWM001,ดวงจันทร์วันเพ็ญ,26,ลด36,ลด
RWM001,ดอกไม้ของชาติ สร้อย,27,มล20,มล
RWM001,ดอกไม้ของชาติ สร้อย,28,มด15,มด
RWM001,ดอกไม้ของชาติ ท่อน 1,29,ลด36,ลด
RWM001,ดอกไม้ของชาติ ท่อน 1,30,ลล41,ลล
RWM001,ดอกไม้ของชาติ ท่อน 2,31,มด15,มด
RWM001,ดอกไม้ของชาติ ท่อน 2,32,รล13,รล
RWM001,หญิงไทยใจงาม,33,ทม45,ทม
RWM001,หญิงไทยใจงาม,34,ทร44,ทร
RWM001,หญิงไทยใจงาม,35,ทล48,ทล
RWM001,หญิงไทยใจงาม,36,ซซ33,ซซ
RWM001,หญิงไทยใจงาม,37,ลท42,ลท
RWM001,หญิงไทยใจงาม,38,ทม45,ทม
RWM001,หญิงไทยใจงาม,39,ทล48,ทล
RWM001,หญิงไทยใจงาม,40,ทซ47,ทซ
RWM001,ดวงจันทร์ขวัญฟ้า,41,ดม03,ดม
RWM001,ดวงจันทร์ขวัญฟ้า,42,มด15,มด
RWM001,ดวงจันทร์ขวัญฟ้า,43,มซ19,มซ
RWM001,ดวงจันทร์ขวัญฟ้า,44,รด08,รด
RWM001,ยอดชายใจหาญ,45,ดม03,ดม
RWM001,ยอดชายใจหาญ,46,ซซ33,ซซ
RWM001,ยอดชายใจหาญ,47,ดร02,ดร
RWM001,ยอดชายใจหาญ,48,มม17,มม
RWM001,บูชานักรบ,49,มด15,มด
RWM001,บูชานักรบ,50,มด15,มด
RWM001,บูชานักรบ,51,มล20,มล
RWM001,บูชานักรบ,52,มล20,มล
RWM001,บูชานักรบ,53,มล20,มล
RWM001,บูชานักรบ,54,ลม38,ลม
RWM001,บูชานักรบ,55,มด15,มด
RWM001,บูชานักรบ,56,มด15,มด
SNW001,สีนวลใน ท่อน 1,1,ทล48,ทล
SNW001,สีนวลใน ท่อน 1,2,ซซ33,ซซ
SNW001,สีนวลใน สร้อย,3,มล20,มล
SNW001,สีนวลใน สร้อย,4,มซ19,มซ
SNW001,สีนวลใน สร้อย,5,มล20,มล
SNW001,สีนวลใน สร้อย,6,มซ19,มซ
SNW001,สีนวลใน ท่อน 2,7,ทท49,ทท
SNW001,สีนวลใน ท่อน 2,8,ทซ47,ทซ
SNW001,ต้นวรเชษฐ์ ท่อน 1,9,ทร44,ทร
SNW001,ต้นวรเชษฐ์ ท่อน 1,10,ทซ47,ทซ
SNW001,ต้นวรเชษฐ์ ท่อน 2,11,ทท49,ทท
SNW001,ต้นวรเชษฐ์ ท่อน 2,12,ทซ47,ทซ
SNW001,ต้นวรเชษฐ์ ท่อน 3,13,ลร37,ลร
SNW001,ต้นวรเชษฐ์ ท่อน 3,14,ลซ40,ลซ
SNW001,ต้นวรเชษฐ์ ท่อน 4,15,รท14,รท
SNW001,ต้นวรเชษฐ์ ท่อน 4,16,รร09,รร
SNW001,ต้นวรเชษฐ์ ท่อน 4,17,ทร44,ทร
SNW001,ต้นวรเชษฐ์ ท่อน 4,18,ทซ47,ทซ
SNW001,เพลงเร็ว ท่อน 1,19,ทซ47,ทซ
SNW001,เพลงเร็ว ท่อน 2,20,ลซ40,ลซ
CYC001,ฉุยฉาย,1,มซ19,มซ
CYC001,ฉุยฉาย,2,มล20,มล
CYC001,ฉุยฉาย,3,มซ19,มซ
CYC001,ฉุยฉาย,4,ลซ40,ลซ
MSR001,แม่ศรี,1,มซ19,มซ
MSR001,แม่ศรี,2,มล20,มล
MSR001,แม่ศรี,3,มซ19,มซ
FRT001,ท่อน 1,1,ซซ33,ซซ
FRT001,ท่อน 1,2,ซล34,ซล
FRT001,ท่อน 1,3,รท14,รท
FRT001,ท่อน 1,4,ทร44,ทร
FRT001,ท่อน 1,5,รท14,รท
FRT001,ท่อน 1,6,ทซ47,ทซ
FRT001,ท่อน 2,7,ซซ33,ซซ
FRT001,ท่อน 2,8,ทร44,ทร
FRT001,ท่อน 2,9,รร09,รร
FRT001,ท่อน 2,10,รท14,รท
FRT001,ท่อน 2,11,ซท35,ซท
FRT001,ท่อน 2,12,ทร44,ทร
FRT001,ท่อน 2,13,รท14,รท
FRT001,ท่อน 2,14,รซ12,รซ
FRT001,ท่อน 3,15,ซร30,ซร
FRT001,ท่อน 3,16,ดร02,ดร
FRT001,ท่อน 3,17,ซร30,ซร
FRT001,ท่อน 3,18,ดร02,ดร
FRT001,สร้อย,19,รซ12,รซ
FRT001,สร้อย,20,ซร30,ซร
FRT001,สร้อย,21,รซ12,รซ
FRT001,สร้อย,22,ทร44,ทร
FRT001,สร้อย,23,รร09,รร
FRT001,สร้อย,24,รท14,รท
FRT001,สร้อย,25,ซท35,ซท
FRT001,สร้อย,26,ทร44,ทร
FRT001,สร้อย,27,รท14,รท
FRT001,สร้อย,28,รซ12,รซ
FRT001,ท่อน 4,29,รม10,รม
FRT001,ท่อน 4,30,ดซ05,ดซ
FRT001,ท่อน 4,31,รม10,รม
FRT001,ท่อน 4,32,ดซ05,ดซ
FPM001,ลาวดวงดอกไม้ ท่อน 1,1,รร09,รร
FPM001,ลาวดวงดอกไม้ ท่อน 1,2,รร09,รร
FPM001,ลาวดวงดอกไม้ ท่อน 1,3,ดซ05,ดซ
FPM001,ลาวดวงดอกไม้ ท่อน 1,4,ดซ05,ดซ
FPM001,ลาวดวงดอกไม้ ท่อน 1,5,ซด29,ซด
FPM001,ลาวดวงดอกไม้ ท่อน 1,6,ซด29,ซด
FPM001,ลาวดวงดอกไม้ ท่อน 2,7,ซซ33,ซซ
FPM001,ลาวดวงดอกไม้ ท่อน 2,8,ลฟ39,ลฟ
FPM001,ลาวดวงดอกไม้ ท่อน 2,9,รด08,รด
FPM001,ลาวดวงดอกไม้ ท่อน 3,10,ดด01,ดด
FPM001,ลาวดวงดอกไม้ ท่อน 3,11,ดด01,ดด
FPM001,ลาวดวงดอกไม้ ท่อน 3,12,ซร30,ซร
FPM001,ลาวดวงดอกไม้ ท่อน 3,13,รด08,รด
FPM001,ลาวดวงดอกไม้ ท่อน 4,14,ดล06,ดล
FPM001,ลาวดวงดอกไม้ ท่อน 4,15,ลร37,ลร
FPM001,ลาวดวงดอกไม้ ท่อน 4,16,ลร37,ลร
FPM001,ซุ้ม,17,ดซ05,ดซ
FPM001,ซุ้ม,18,ซฟ32,ซฟ
FPM001,ซุ้ม,19,ฟซ26,ฟซ
FPM001,ซุ้ม,20,รซ12,รซ
FPM001,ซุ้ม,21,ฟร23,ฟร
FPM001,ซุ้ม,22,รร09,รร
FPM001,ซุ้ม,23,ดฟ04,ดฟ
FPM001,ซุ้ม,24,ฟร23,ฟร
FPM001,ซุ้ม,25,ดฟ04,ดฟ
FPM001,ซุ้ม,26,ฟร23,ฟร
FPM001,ซุ้ม,27,ดล06,ดล
FPM001,ซุ้ม,28,ลร37,ลร
FPM001,ซุ้ม,29,รด08,รด
FPM001,ซุ้ม,30,ลล41,ลล
FPM001,ซุ้ม,31,รร09,รร
FPM001,ซุ้ม,32,ดซ05,ดซ
FPM001,ซุ้ม,33,ดซ05,ดซ
FPM001,ซุ้ม,34,ดด01,ดด
FPM001,ซุ้ม,35,ดซ05,ดซ
FPM001,ซุ้ม,36,ดซ05,ดซ
FPM001,ซุ้ม,37,ดด01,ดด
FPM001,ซุ้ม,38,ดร02,ดร
TBT001,สามชั้น ท่อน 1,1,ลม38,ลม
TBT001,สามชั้น ท่อน 1,2,มซ19,มซ
TBT001,สามชั้น ท่อน 1,3,ซล34,ซล
TBT001,สามชั้น ท่อน 1,4,ลล41,ลล
TBT001,สามชั้น ท่อน 1,5,ซซ33,ซซ
TBT001,สามชั้น ท่อน 1,6,ลม38,ลม
TBT001,สามชั้น ท่อน 1,7,มด15,มด
TBT001,สามชั้น ท่อน 1,8,ดม03,ดม
TBT001,สามชั้น ท่อน 1,9,มม17,มม
TBT001,สามชั้น ท่อน 1,10,ลม38,ลม
TBT001,สามชั้น ท่อน 1,11,ลม38,ลม
TBT001,สามชั้น ท่อน 1,12,ลม38,ลม
TBT001,สามชั้น ท่อน 1,13,มร16,มร
TBT001,สามชั้น ท่อน 1,14,รล13,รล
TBT001,สามชั้น ท่อน 2,15,ลม38,ลม
TBT001,สามชั้น ท่อน 2,16,มล20,มล
TBT001,สามชั้น ท่อน 2,17,ลม38,ลม
TBT001,สามชั้น ท่อน 2,18,มล20,มล
TBT001,สามชั้น ท่อน 2,19,ลม38,ลม
TBT001,สามชั้น ท่อน 2,20,ดซ05,ดซ
TBT001,สามชั้น ท่อน 2,21,ลม38,ลม
TBT001,สามชั้น ท่อน 2,22,ดซ05,ดซ
TBT001,สามชั้น ท่อน 2,23,ลม38,ลม
TBT001,สามชั้น ท่อน 2,24,มร16,มร
TBT001,สามชั้น ท่อน 2,25,ซด29,ซด
TBT001,สามชั้น ท่อน 2,26,มร16,มร
TBT001,สามชั้น ท่อน 2,27,ดม03,ดม
TBT001,สามชั้น ท่อน 2,28,มด15,มด
TBT001,สามชั้น ท่อน 2,29,ลม38,ลม
TBT001,สามชั้น ท่อน 2,30,มล20,มล
TBT001,สามชั้น ท่อน 2,31,ลม38,ลม
TBT001,สามชั้น ท่อน 2,32,มด15,มด
TBT001,สองชั้น ท่อน 1,33,ลซ40,ลซ
TBT001,สองชั้น ท่อน 1,34,ลล41,ลล
TBT001,สองชั้น ท่อน 1,35,ซม31,ซม
TBT001,สองชั้น ท่อน 1,36,ดม03,ดม
TBT001,สองชั้น ท่อน 1,37,มม17,มม
TBT001,สองชั้น ท่อน 1,38,มม17,มม
TBT001,สองชั้น ท่อน 1,39,รล13,รล
TBT001,สองชั้น ท่อน 2,40,มล20,มล
TBT001,สองชั้น ท่อน 2,41,ลล41,ลล
TBT001,สองชั้น ท่อน 2,42,มซ19,มซ
TBT001,สองชั้น ท่อน 2,43,มซ19,มซ
TBT001,สองชั้น ท่อน 2,44,มร16,มร
TBT001,สองชั้น ท่อน 2,45,ดร02,ดร
TBT001,สองชั้น ท่อน 2,46,มด15,มด
TBT001,สองชั้น ท่อน 2,47,มล20,มล
TBT001,สองชั้น ท่อน 2,48,มด15,มด
TBT001,ชั้นเดียว ท่อน 1,49,ซล34,ซล
TBT001,ชั้นเดียว ท่อน 1,50,มล20,มล
TBT001,ชั้นเดียว ท่อน 1,51,มร16,มร
TBT001,ชั้นเดียว ท่อน 2,52,ลล41,ลล
TBT001,ชั้นเดียว ท่อน 2,53,ซซ33,ซซ
TBT001,ชั้นเดียว ท่อน 2,54,รร09,รร
TBT001,ชั้นเดียว ท่อน 2,55,ดม03,ดม
TBT001,ลูกหมด,56,มร16,มร
TBT001,ลูกหมด,57,ลร37,ลร
TRJ001,สามชั้น ท่อน 1,1,ดด01,ดด
TRJ001,สามชั้น ท่อน 1,2,ลม38,ลม
TRJ001,สามชั้น ท่อน 1,3,ดม03,ดม
TRJ001,สามชั้น ท่อน 1,4,มซ19,มซ
TRJ001,สามชั้น ท่อน 1,5,ซซ33,ซซ
TRJ001,สามชั้น ท่อน 1,6,ลม38,ลม
TRJ001,สามชั้น ท่อน 1,7,ดม03,ดม
TRJ001,สามชั้น ท่อน 1,8,มด15,มด
TRJ001,สามชั้น ท่อน 1,9,ดด01,ดด
TRJ001,สามชั้น ท่อน 1,10,ลม38,ลม
TRJ001,สามชั้น ท่อน 1,11,ดม03,ดม
TRJ001,สามชั้น ท่อน 1,12,ลซ40,ลซ
TRJ001,สามชั้น ท่อน 1,13,ซซ33,ซซ
TRJ001,สามชั้น ท่อน 1,14,ลม38,ลม
TRJ001,สามชั้น ท่อน 1,15,ดม03,ดม
TRJ001,สามชั้น ท่อน 1,16,มด15,มด
TRJ001,สามชั้น ท่อน 2,17,ดด01,ดด
TRJ001,สามชั้น ท่อน 2,18,ซด29,ซด
TRJ001,สามชั้น ท่อน 2,19,รล13,รล
TRJ001,สามชั้น ท่อน 2,20,ลร37,ลร
TRJ001,สามชั้น ท่อน 2,21,รร09,รร
TRJ001,สามชั้น ท่อน 2,22,ซด29,ซด
TRJ001,สามชั้น ท่อน 2,23,รล13,รล
TRJ001,สามชั้น ท่อน 2,24,มด15,มด
TRJ001,สามชั้น ท่อน 2,25,ดด01,ดด
TRJ001,สามชั้น ท่อน 2,26,ซด29,ซด
TRJ001,สามชั้น ท่อน 2,27,ซร30,ซร
TRJ001,สามชั้น ท่อน 2,28,ซร30,ซร
TRJ001,สามชั้น ท่อน 2,29,รร09,รร
TRJ001,สามชั้น ท่อน 2,30,ซด29,ซด
TRJ001,สามชั้น ท่อน 2,31,รล13,รล
TRJ001,สามชั้น ท่อน 2,32,มด15,มด
TRJ001,สามชั้น ท่อน 2,33,ทซ47,ทซ
TRJ001,สามชั้น ท่อน 2,34,ซด29,ซด
TRJ001,สามชั้น ท่อน 2,35,รล13,รล
TRJ001,สามชั้น ท่อน 2,36,ลร37,ลร
TRJ001,สามชั้น ท่อน 2,37,ทซ47,ทซ
TRJ001,สามชั้น ท่อน 2,38,ซด29,ซด
TRJ001,สามชั้น ท่อน 2,39,รล13,รล
TRJ001,สามชั้น ท่อน 2,40,มด15,มด
TRJ001,สองชั้น ท่อน 1,41,ดม03,ดม
TRJ001,สองชั้น ท่อน 1,42,มซ19,มซ
TRJ001,สองชั้น ท่อน 1,43,ซม31,ซม
TRJ001,สองชั้น ท่อน 1,44,มด15,มด
TRJ001,สองชั้น ท่อน 1,45,ดม03,ดม
TRJ001,สองชั้น ท่อน 1,46,มซ19,มซ
TRJ001,สองชั้น ท่อน 1,47,ซม31,ซม
TRJ001,สองชั้น ท่อน 1,48,มด15,มด
TRJ001,สองชั้น ท่อน 1,49,ดม03,ดม
TRJ001,สองชั้น ท่อน 1,50,มซ19,มซ
TRJ001,สองชั้น ท่อน 1,51,ซม31,ซม
TRJ001,สองชั้น ท่อน 1,52,มด15,มด
TRJ001,สองชั้น ท่อน 2,53,ดด01,ดด
TRJ001,สองชั้น ท่อน 2,54,ลร37,ลร
TRJ001,สองชั้น ท่อน 2,55,รด08,รด
TRJ001,สองชั้น ท่อน 2,56,ลด36,ลด
TRJ001,สองชั้น ท่อน 2,57,ดร02,ดร
TRJ001,สองชั้น ท่อน 2,58,ซร30,ซร
TRJ001,สองชั้น ท่อน 2,59,ซด29,ซด
TRJ001,สองชั้น ท่อน 2,60,รด08,รด
TRJ001,ชั้นเดียว ท่อน 1,61,มซ19,มซ
TRJ001,ชั้นเดียว ท่อน 1,62,มด15,มด
TRJ001,ชั้นเดียว ท่อน 1,63,มซ19,มซ
TRJ001,ชั้นเดียว ท่อน 1,64,มด15,มด
TRJ001,ชั้นเดียว ท่อน 2,65,ดร02,ดร
TRJ001,ชั้นเดียว ท่อน 2,66,ดด01,ดด
TRJ001,ชั้นเดียว ท่อน 2,67,ดร02,ดร
TRJ001,ชั้นเดียว ท่อน 2,68,ดด01,ดด
TRJ001,ลูกหมด,69,มซ19,มซ
TRJ001,ลูกหมด,70,ลร37,ลร
TRJ001,ลูกหมด,71,รร09,รร
TRJ001,ลูกหมด,72,ลร37,ลร
PDB001,สามชั้น ท่อน 1,1,ฟฟ25,ฟฟ
PDB001,สามชั้น ท่อน 1,2,ซด29,ซด
PDB001,สามชั้น ท่อน 1,3,ลร37,ลร
PDB001,สามชั้น ท่อน 1,4,ลฟ39,ลฟ
PDB001,สามชั้น ท่อน 1,5,รซ12,รซ
PDB001,สามชั้น ท่อน 1,6,ซร30,ซร
PDB001,สามชั้น ท่อน 1,7,รล13,รล
PDB001,สามชั้น ท่อน 1,8,ฟล27,ฟล
PDB001,สามชั้น ท่อน 1,9,รล13,รล
PDB001,สามชั้น ท่อน 2,10,รล13,รล
PDB001,สามชั้น ท่อน 2,11,รล13,รล
PDB001,สามชั้น ท่อน 2,12,ลร37,ลร
PDB001,สามชั้น ท่อน 2,13,ลร37,ลร
PDB001,สามชั้น ท่อน 2,14,รซ12,รซ
PDB001,สามชั้น ท่อน 2,15,ซร30,ซร
PDB001,สามชั้น ท่อน 2,16,ลฟ39,ลฟ
PDB001,สามชั้น ท่อน 2,17,ฟฟ25,ฟฟ
PDB001,สองชั้น ท่อน 1,18,ฟด22,ฟด
PDB001,สองชั้น ท่อน 1,19,รฟ11,รฟ
PDB001,สองชั้น ท่อน 1,20,ซร30,ซร
PDB001,สองชั้น ท่อน 1,21,ฟล27,ฟล
PDB001,สองชั้น ท่อน 1,22,ลด36,ลด
PDB001,สองชั้น ท่อน 2,23,ลล41,ลล
PDB001,สองชั้น ท่อน 2,24,ลร37,ลร
PDB001,สองชั้น ท่อน 2,25,รซ12,รซ
PDB001,สองชั้น ท่อน 2,26,รฟ11,รฟ
PDB001,สองชั้น ท่อน 2,27,ฟล27,ฟล
PDB001,ชั้นเดียว ท่อน 1,28,ดฟ04,ดฟ
PDB001,ชั้นเดียว ท่อน 1,29,รล13,รล
PDB001,ชั้นเดียว ท่อน 1,30,ดฟ04,ดฟ
PDB001,ชั้นเดียว ท่อน 1,31,รล13,รล
PDB001,ชั้นเดียว ท่อน 2,32,ลร37,ลร
PDB001,ชั้นเดียว ท่อน 2,33,ซฟ32,ซฟ
PDB001,ชั้นเดียว ท่อน 2,34,ลร37,ลร
PDB001,ชั้นเดียว ท่อน 2,35,ซฟ32,ซฟ
PDB001,ลูกหมด,36,ดร02,ดร
PDB001,ลูกหมด,37,รร09,รร
MPT001,ท่อน 1,1,ซซ33,ซซ
MPT001,ท่อน 1,2,ลซ40,ลซ
MPT001,ท่อน 1,3,ทซ47,ทซ
MPT001,ท่อน 1,4,ลซ40,ลซ
MPT001,ท่อน 2,5,มซ19,มซ
MPT001,ท่อน 2,6,ซร30,ซร
MPT001,ท่อน 3,7,ซม31,ซม
MPT001,ท่อน 3,8,มท21,มท
MPT001,ท่อน 3,9,มท21,มท
MPT001,ท่อน 3,10,ทท49,ทท
MPT001,ท่อน 3,11,รท14,รท
MPT001,ท่อน 3,12,รท14,รท
MPT001,ท่อน 3,13,มท21,มท
MPT001,ท่อน 3,14,มท21,มท
MPT001,ท่อน 3,15,ทท49,ทท
MPT001,ท่อน 3,16,ทท49,ทท
MPT001,ท่อน 3,17,ทท49,ทท
MPT001,ท่อน 3,18,ซม31,ซม
MPT001,ท่อน 3,19,มท21,มท
MPT001,ท่อน 3,20,ทม45,ทม
MPT001,ท่อน 3,21,ทท49,ทท
MPT001,ท่อน 3,22,ซซ33,ซซ
MPT001,ท่อน 3,23,มม17,มม
MPT001,ท่อน 3,24,ลล41,ลล
MPT001,ท่อน 3,25,ลซ40,ลซ
MPT001,ท่อน 3,26,ทท49,ทท
MPT001,ท่อน 3,27,ทท49,ทท
HYW001,ท่อน 1,1,รซ12,รซ
HYW001,ท่อน 1,2,มร16,มร
HYW001,ท่อน 1,3,ฟร23,ฟร
HYW001,ท่อน 1,4,ทม45,ทม
HYW001,ท่อน 1,5,มล20,มล
HYW001,ท่อน 1,6,มท21,มท
HYW001,ท่อน 1,7,ทท49,ทท
HYW001,ท่อน 1,8,ทซ47,ทซ
HYW001,ท่อน 1,9,ทท49,ทท
HYW001,ท่อน 1,10,ทซ47,ทซ
HYW001,ท่อน 2,11,ซซ33,ซซ
HYW001,ท่อน 2,12,ลม38,ลม
HYW001,ท่อน 2,13,ทม45,ทม
HYW001,ท่อน 2,14,มล20,มล
HYW001,ท่อน 2,15,รล13,รล
HYW001,ท่อน 2,16,ทซ47,ทซ
HYW001,ท่อน 3,17,ซร30,ซร
HYW001,ท่อน 3,18,มซ19,มซ
HYW001,ท่อน 3,19,ซร30,ซร
HYW001,ท่อน 3,20,มซ19,มซ
HYW001,ท่อน 3,21,ลฟ39,ลฟ
HYW001,ท่อน 3,22,ฟร23,ฟร
HYW001,ท่อน 4,23,ซฟ32,ซฟ
HYW001,ท่อน 4,24,ฟร23,ฟร
HYW001,ท่อน 4,25,รร09,รร
HYW001,ท่อน 4,26,รท14,รท
HYW001,ท่อน 4,27,ทซ47,ทซ
HYW001,ท่อน 4,28,มล20,มล
HYW001,ท่อน 4,29,มล20,มล
HYW001,ท่อน 4,30,ทร44,ทร
HYW001,ท่อน 4,31,รร09,รร
HYW001,ท่อน 4,32,ฟร23,ฟร
HYW001,ท่อน 4,33,ลร37,ลร
HIR001,ท่อน 1,1,ทท49,ทท
HIR001,ท่อน 1,2,รล13,รล
HIR001,ท่อน 1,3,ลร37,ลร
HIR001,ท่อน 1,4,มร16,มร
HIR001,ท่อน 1,5,ลร37,ลร
HIR001,ท่อน 1,6,มร16,มร
HIR001,ท่อน 2,7,ซท35,ซท
HIR001,ท่อน 2,8,ทท49,ทท
HIR001,ท่อน 2,9,ทม45,ทม
HIR001,ท่อน 2,10,มม17,มม
HIR001,ท่อน 2,11,ซร30,ซร
HIR001,ท่อน 2,12,รร09,รร
HIR001,ท่อน 2,13,ทซ47,ทซ
HIR001,ท่อน 2,14,ลซ40,ลซ
HIR001,ท่อน 3,15,ทท49,ทท
HIR001,ท่อน 3,16,มร16,มร
HIR001,ท่อน 3,17,มท21,มท
HIR001,ท่อน 3,18,ทซ47,ทซ
HIR001,ท่อน 3,19,มท21,มท
HIR001,ท่อน 3,20,ทซ47,ทซ
HIR001,ท่อน 3,21,มท21,มท
HIR001,ท่อน 3,22,ทซ47,ทซ
HIR001,ท่อน 3,23,ซท35,ซท
HIR001,ท่อน 3,24,ทซ47,ทซ
HIR001,ท่อน 3,25,ซม31,ซม
HIR001,ท่อน 3,26,มซ19,มซ
HIR001,ท่อน 3,27,ฟม24,ฟม
HIR001,ท่อน 3,28,ลร37,ลร
HIR001,ท่อน 4,29,ทท49,ทท
HIR001,ท่อน 4,30,มร16,มร
HIR001,ท่อน 4,31,รร09,รร
HIR001,ท่อน 4,32,ทม45,ทม
HIR001,ท่อน 4,33,ลม38,ลม
HIR001,ท่อน 4,34,มท21,มท
HIR001,ท่อน 4,35,มท21,มท
HIR001,ท่อน 4,36,ทซ47,ทซ
HIR001,ท่อน 4,37,มท21,มท
HIR001,ท่อน 4,38,มล20,มล
HIR001,ท่อน 4,39,ลม38,ลม
HIR001,ท่อน 4,40,ทซ47,ทซ
HIR001,ท่อน 4,41,ลร37,ลร
HKN001,วรรค1,1,ดม03,ดม
HKN001,วรรค1,2,มม17,มม
HKN001,วรรค1,3,ลม38,ลม
HKN001,วรรค1,4,ลม38,ลม
HKN001,วรรค1,5,ดม03,ดม
HKN001,วรรค1,6,ดม03,ดม
HKN001,วรรค1,7,มม17,มม
HKN001,วรรค1,8,มม17,มม
HKN001,วรรค1,9,มม17,มม
HKN001,วรรค2,10,มม17,มม
HKN001,วรรค2,11,ดม03,ดม
HKN001,วรรค2,12,มม17,มม
HKN001,วรรค2,13,ดม03,ดม
HKN001,วรรค2,14,ดม03,ดม
HKN001,วรรค2,15,ดม03,ดม
HKN001,วรรค2,16,มม17,มม
HKN001,วรรค2,17,มม17,มม
HKN001,วรรค2,18,มม17,มม
HKN001,วรรค3,19,ซร30,ซร
HKN001,วรรค3,20,ลม38,ลม
HKN001,วรรค3,21,ซร30,ซร
HKN001,วรรค3,22,ลล41,ลล
HKN001,วรรค3,23,ดล06,ดล
HKN001,วรรค3,24,ดม03,ดม
HKN001,วรรค3,25,ซร30,ซร
HKN001,วรรค3,26,ลม38,ลม
HKN001,วรรค3,27,ซร30,ซร
HKN001,วรรค3,28,ลล41,ลล
HKN001,วรรค3,29,ดล06,ดล
HKN001,วรรค3,30,ดล06,ดล
HKN001,วรรค3,31,ลล41,ลล
HKN001,วรรค3,32,ลล41,ลล
HKN001,วรรค3,33,ลล41,ลล
HKN001,วรรค3,34,ลล41,ลล
HKN001,วรรค4,35,มม17,มม
HKN001,วรรค4,36,มล20,มล
HKN001,วรรค4,37,มม17,มม
HKN001,วรรค4,38,มล20,มล
HKN001,วรรค4,39,ดม03,ดม
HKN001,วรรค4,40,ดล06,ดล
HKN001,วรรค4,41,ดม03,ดม
HKN001,วรรค4,42,ดล06,ดล
HKN001,วรรค5,43,ดท07,ดท
HKN001,วรรค5,44,ทล48,ทล
HKN001,วรรค5,45,ซม31,ซม
HKN001,วรรค5,46,ดท07,ดท
HKN001,วรรค5,47,ทล48,ทล
HKN001,วรรค5,48,ซม31,ซม
HKN001,วรรค5,49,มซ19,มซ
HKN001,วรรค5,50,ซล34,ซล
HKN001,วรรค5,51,ทร44,ทร
HKN001,วรรค5,52,มซ19,มซ
HKN001,วรรค5,53,มล20,มล
HKN001,วรรค5,54,ทร44,ทร
HKN001,วรรค6,55,รม10,รม
HKN001,วรรค6,56,มร16,มร
HKN001,วรรค7,57,รร09,รร
HKN001,วรรค7,58,ซซ33,ซซ
HKN001,วรรค7,59,รร09,รร
HKN001,วรรค7,60,ซซ33,ซซ
HKN001,วรรค7,61,มม17,มม
HKN001,วรรค7,62,มม17,มม
HKN001,วรรค7,63,รม10,รม
HKN001,วรรค7,64,รม10,รม
HKN001,วรรค7,65,มม17,มม
HKN001,วรรค7,66,มม17,มม
HKN001,วรรค8,67,ทร44,ทร
HKN001,วรรค8,68,ซม31,ซม
HKN001,วรรค8,69,ทร44,ทร
HKN001,วรรค8,70,ซม31,ซม
HKN001,วรรค8,71,มซ19,มซ
HKN001,วรรค8,72,มซ19,มซ
HKN001,วรรค8,73,ซซ33,ซซ
HKN001,วรรค8,74,ซซ33,ซซ
HKN001,วรรค8,75,ซซ33,ซซ
HKN001,วรรค8,76,ซซ33,ซซ
HKN001,วรรค8,77,ซซ33,ซซ
HKN001,วรรค8,78,ซร30,ซร
HKN001,วรรค8,79,รร09,รร
HKN001,วรรค8,80,ลร37,ลร
HKM001,ท่อน 1,1,รม10,รม
HKM001,ท่อน 1,2,ซฟ32,ซฟ
HKM001,ท่อน 1,3,ฟม24,ฟม
HKM001,ท่อน 1,4,ซฟ32,ซฟ
HKM001,ท่อน 1,5,ลด36,ลด
HKM001,ท่อน 1,6,ลร37,ลร
HKM001,ท่อน 1,7,รม10,รม
HKM001,ท่อน 1,8,ซซ33,ซซ
HKM001,ท่อน 1,9,ซฟ32,ซฟ
HKM001,ท่อน 1,10,รร09,รร
HKM001,ท่อน 2,11,รม10,รม
HKM001,ท่อน 2,12,ซซ33,ซซ
HKM001,ท่อน 2,13,ซฟ32,ซฟ
HKM001,ท่อน 2,14,รร09,รร
HKM001,ท่อน 2,15,รร09,รร
HKM001,ท่อน 2,16,ทร44,ทร
HKM001,ท่อน 2,17,รม10,รม
HKM001,ท่อน 3,18,รร09,รร
HKM001,ท่อน 3,19,ซล34,ซล
HKM001,ท่อน 3,20,ลซ40,ลซ
HKM001,ท่อน 3,21,ซล34,ซล
HKM001,ท่อน 3,22,ลซ40,ลซ
HKM001,ท่อน 3,23,รร09,รร
HKM001,ท่อน 3,24,รร09,รร
HKM001,ท่อน 3,25,ทร44,ทร
HKM001,ท่อน 4,26,ซซ33,ซซ
HKM001,ท่อน 4,27,ซด29,ซด
HKM001,ท่อน 4,28,ลซ40,ลซ
HKM001,ท่อน 4,29,มซ19,มซ
HKM001,ท่อน 4,30,มซ19,มซ
HKM001,ท่อน 4,31,ซด29,ซด
HKM001,ท่อน 4,32,ลซ40,ลซ
HKM001,ท่อน 4,33,มซ19,มซ
HKM001,ท่อน 4,34,มซ19,มซ
HKM001,ท่อน 4,35,ซด29,ซด
HKM001,ท่อน 4,36,ซซ33,ซซ
HKM001,ท่อน 4,37,ซด29,ซด
HKM001,ท่อน 4,38,ซซ33,ซซ
HKM001,ท่อน 4,39,ซด29,ซด
HKM001,ท่อน 4,40,ลล41,ลล
HKM001,ท่อน 4,41,ฟล27,ฟล
HKM001,ท่อน 4,42,ลล41,ลล
HKM001,ท่อน 4,43,ลฟ39,ลฟ
HKM001,ท่อน 4,44,ลล41,ลล
HKM001,ท่อน 4,45,ฟล27,ฟล
HKM001,ท่อน 4,46,ลล41,ลล
HKM001,ท่อน 4,47,ลฟ39,ลฟ
HKM001,ท่อน 4,48,ซร30,ซร
HKM001,ท่อน 4,49,ทร44,ทร
HKM001,ท่อน 5,50,มฟ18,มฟ
HKM001,ท่อน 5,51,ซด29,ซด
HKM001,ท่อน 5,52,ลฟ39,ลฟ
HKM001,ท่อน 5,53,ซด29,ซด
HKM001,ท่อน 5,54,ลฟ39,ลฟ
HKM001,ท่อน 5,55,ฟร23,ฟร
HKM001,วรรคจบเพลง,56,รร09,รร
HKM001,วรรคจบเพลง,57,ลร37,ลร
HJL001,ท่อน 1,1,มท21,มท
HJL001,ท่อน 1,2,ทล48,ทล
HJL001,ท่อน 1,3,ทม45,ทม
HJL001,ท่อน 1,4,ทซ47,ทซ
HJL001,ท่อน 1,5,มท21,มท
HJL001,ท่อน 1,6,มร16,มร
HJL001,ท่อน 1,7,ซท35,ซท
HJL001,ท่อน 1,8,ลม38,ลม
HJL001,ท่อน 1,9,ทม45,ทม
HJL001,ท่อน 1,10,มล20,มล
HJL001,ท่อน 1,11,รล13,รล
HJL001,ท่อน 1,12,ทซ47,ทซ
HJL001,ท่อน 2,13,ซท35,ซท
HJL001,ท่อน 2,14,ซล34,ซล
HJL001,ท่อน 2,15,ลล41,ลล
HJL001,ท่อน 2,16,ซท35,ซท
HJL001,ท่อน 2,17,ทท49,ทท
HJL001,ท่อน 2,18,ทม45,ทม
HJL001,ท่อน 2,19,ทม45,ทม
HJL001,ท่อน 2,20,มล20,มล
HJL001,ท่อน 2,21,มล20,มล
HJL001,ท่อน 2,22,มร16,มร
HJL001,ท่อน 2,23,มล20,มล
HJL001,ท่อน 2,24,มร16,มร
HJL001,ท่อน 2,25,ซท35,ซท
HJL001,ท่อน 2,26,รล13,รล
HJL001,ท่อน 2,27,มล20,มล
HJL001,ท่อน 2,28,มร16,มร
HJL001,ท่อน 2,29,ซท35,ซท
HJL001,ท้ายโหมโรงจีนโล้,30,ซซ33,ซซ
HJL001,ท้ายโหมโรงจีนโล้,31,ดท07,ดท
HJL001,ท้ายโหมโรงจีนโล้,32,มท21,มท
HJL001,ท้ายโหมโรงจีนโล้,33,ทท49,ทท
HJL001,ท้ายโหมโรงจีนโล้,34,มท21,มท
HJL001,ท้ายโหมโรงจีนโล้,35,ทม45,ทม
HJL001,ท้ายโหมโรงจีนโล้,36,ซร30,ซร
HJL001,ท้ายโหมโรงจีนโล้,37,ซซ33,ซซ
HJL001,ท้ายโหมโรงจีนโล้,38,ทซ47,ทซ
HJL001,ท้ายโหมโรงจีนโล้,39,ทซ47,ทซ
HJL001,ท้ายโหมโรงจีนโล้,40,มร16,มร
HJL001,ท้ายโหมโรงจีนโล้,41,ทล48,ทล
HJL001,ท้ายโหมโรงจีนโล้,42,ลม38,ลม
HJL001,ท้ายโหมโรงจีนโล้,43,มร16,มร
HJL001,ท้ายโหมโรงจีนโล้,44,มซ19,มซ
HJL001,ท้ายโหมโรงจีนโล้,45,ซท35,ซท
HJL001,ท้ายโหมโรงจีนโล้,46,มท21,มท
HJL001,ท้ายโหมโรงจีนโล้,47,มท21,มท
HJL001,ท้ายโหมโรงจีนโล้,48,ทม45,ทม
HJL001,ท้ายโหมโรงจีนโล้,49,ซร30,ซร
HJL001,ท้ายโหมโรงจีนโล้,50,มซ19,มซ
HJL001,ท้ายโหมโรงจีนโล้,51,ทซ47,ทซ
HJL001,ท้ายโหมโรงจีนโล้,52,ทซ47,ทซ
HJL001,ท้ายโหมโรงจีนโล้,53,มร16,มร
HJL001,ท้ายโหมโรงจีนโล้,54,ทล48,ทล
HJL001,ท้ายโหมโรงจีนโล้,55,ลม38,ลม
HJL001,ท้ายโหมโรงจีนโล้,56,มร16,มร
HJL001,ท้ายโหมโรงจีนโล้,57,ลซ40,ลซ
HJL001,ท้ายโหมโรงจีนโล้,58,ซท35,ซท
HJL001,ท้ายโหมโรงจีนโล้,59,ทม45,ทม
HJL001,ท้ายโหมโรงจีนโล้,60,มท21,มท
HJL001,ท้ายโหมโรงจีนโล้,61,ทซ47,ทซ
HJL001,ท้ายโหมโรงจีนโล้,62,ลซ40,ลซ
HJL001,ท้ายโหมโรงจีนโล้,63,รม10,รม
HJL001,ท้ายโหมโรงจีนโล้,64,ซซ33,ซซ
HJL001,ท้ายโหมโรงจีนโล้,65,ซท35,ซท
HJL001,ท้ายโหมโรงจีนโล้,66,ทร44,ทร
HJL001,ท้ายโหมโรงจีนโล้,67,ลม38,ลม
HJL001,ท้ายโหมโรงจีนโล้,68,มล20,มล
HJL001,ท้ายโหมโรงจีนโล้,69,ซร30,ซร
HJL001,ท้ายโหมโรงจีนโล้,70,ลร37,ลร
HTY001,ท่อน 1,1,รซ12,รซ
HTY001,ท่อน 1,2,ซด29,ซด
HTY001,ท่อน 1,3,ดด01,ดด
HTY001,ท่อน 1,4,ทร44,ทร
HTY001,ท่อน 1,5,มด15,มด
HTY001,ท่อน 1,6,ดม03,ดม
HTY001,ท่อน 1,7,มด15,มด
HTY001,ท่อน 1,8,ดล06,ดล
HTY001,ท่อน 2,9,รซ12,รซ
HTY001,ท่อน 2,10,ซด29,ซด
HTY001,ท่อน 2,11,ดด01,ดด
HTY001,ท่อน 2,12,ดซ05,ดซ
HTY001,ท่อน 2,13,ซด29,ซด
HTY001,ท่อน 2,14,ดซ05,ดซ
HTY001,ท่อน 2,15,รม10,รม
HTY001,ท่อน 2,16,ซฟ32,ซฟ
HTY001,ท่อน 2,17,มด15,มด
HTY001,ท่อน 2,18,ดม03,ดม
HTY001,ท่อน 2,19,ซฟ32,ซฟ
HTY001,ท่อน 2,20,ฟร23,ฟร
HTY001,ท่อน 2,21,ซด29,ซด
HTY001,ท่อน 2,22,ดซ05,ดซ
HTY001,ท่อน 2,23,รม10,รม
HTY001,ท่อน 2,24,ซฟ32,ซฟ
HTY001,ท่อน 2,25,มด15,มด
HTY001,ท่อน 2,26,ดม03,ดม
HTY001,ท่อน 2,27,ซฟ32,ซฟ
HTY001,ท่อน 2,28,ฟร23,ฟร
HTY001,ท่อน 2,29,มซ19,มซ
HTY001,ท่อน 2,30,ลร37,ลร
HTY001,ท่อน 2,31,มซ19,มซ
HTY001,ท่อน 2,32,รซ12,รซ
HPW001,ท่อน 1,1,ดม03,ดม
HPW001,ท่อน 1,2,ซร30,ซร
HPW001,ท่อน 1,3,ดร02,ดร
HPW001,ท่อน 1,4,รซ12,รซ
HPW001,ท่อน 1,5,ซด29,ซด
HPW001,ท่อน 1,6,ดซ05,ดซ
HPW001,ท่อน 1,7,รม10,รม
HPW001,ท่อน 1,8,ซฟ32,ซฟ
HPW001,ท่อน 1,9,ดม03,ดม
HPW001,ท่อน 1,10,ซร30,ซร
HPW001,ท่อน 1,11,ดร02,ดร
HPW001,ท่อน 1,12,รซ12,รซ
HPW001,ท่อน 1,13,ซด29,ซด
HPW001,ท่อน 1,14,ดซ05,ดซ
HPW001,ท่อน 1,15,รม10,รม
HPW001,ท่อน 1,16,ซฟ32,ซฟ
HPW001,ท่อน 1,17,ฟล27,ฟล
HPW001,ท่อน 1,18,ลฟ39,ลฟ
HPW001,ท่อน 1,19,ฟร23,ฟร
HPW001,ท่อน 1,20,ดฟ04,ดฟ
HPW001,ท่อน 1,21,รล13,รล
HPW001,ท่อน 1,22,ลฟ39,ลฟ
HPW001,ท่อน 1,23,ลฟ39,ลฟ
HPW001,ท่อน 1,24,ฟร23,ฟร
HPW001,ท่อน 1,25,ทร44,ทร
HPW001,ท่อน 1,26,ฟร23,ฟร
HPW001,ท่อน 1,27,รร09,รร
HPW001,ท่อน 1,28,ทร44,ทร
HPW001,ท่อน 2,29,ฟล27,ฟล
HPW001,ท่อน 2,30,ซด29,ซด
HPW001,ท่อน 2,31,มด15,มด
HPW001,ท่อน 2,32,ซซ33,ซซ
HPW001,ท่อน 2,33,ซร30,ซร
HPW001,ท่อน 2,34,รร09,รร
HPW001,ท่อน 2,35,ซซ33,ซซ
HPW001,ท่อน 2,36,มฟ18,มฟ
HPW001,ท่อน 2,37,ฟล27,ฟล
HPW001,ท่อน 2,38,ลฟ39,ลฟ
HPW001,ท่อน 2,39,ฟร23,ฟร
HPW001,ท่อน 2,40,ดฟ04,ดฟ
HPW001,ท่อน 2,41,รล13,รล
HPW001,ท่อน 2,42,ลฟ39,ลฟ
HPW001,ท่อน 2,43,ลฟ39,ลฟ
HPW001,ท่อน 2,44,ฟร23,ฟร
HPW001,ท่อน 2,45,ดร02,ดร
HPW001,ท่อน 2,46,ลร37,ลร
HPW001,ท่อน 2,47,รร09,รร
HPW001,ท่อน 2,48,ดร02,ดร
HPW001,ท่อน 3,49,ฟล27,ฟล
HPW001,ท่อน 3,50,ซด29,ซด
HPW001,ท่อน 3,51,มด15,มด
HPW001,ท่อน 3,52,ซซ33,ซซ
HPW001,ท่อน 3,53,รล13,รล
HPW001,ท่อน 3,54,ลล41,ลล
HPW001,ท่อน 3,55,มด15,มด
HPW001,ท่อน 3,56,ลม38,ลม
HPW001,ท่อน 3,57,ลร37,ลร
HPW001,ท่อน 3,58,รล13,รล
HPW001,ท่อน 3,59,ฟล27,ฟล
HPW001,ท่อน 3,60,ลฟ39,ลฟ
HPW001,ท่อน 3,61,ฟร23,ฟร
HPW001,ท่อน 3,62,ดฟ04,ดฟ
HPW001,ท่อน 3,63,ซร30,ซร
HPW001,ท่อน 3,64,ฟล27,ฟล
HPW001,ท่อน 3,65,ลด36,ลด
HPW001,ท่อน 3,66,ดซ05,ดซ
HPW001,ท่อน 3,67,รม10,รม
HPW001,ท่อน 3,68,ซฟ32,ซฟ
HPW001,ท่อน 3,69,รล13,รล
HPW001,ท่อน 3,70,ลล41,ลล
HPW001,ท่อน 3,71,มล20,มล
HPW001,ท่อน 3,72,มล20,มล
HPW001,ท่อน 3,73,ลล41,ลล
HPW001,ท่อน 3,74,ลร37,ลร
HPW001,ท่อน 3,75,รล13,รล
HPW001,ท่อน 3,76,ลฟ39,ลฟ
HPW001,ท่อน 3,77,ฟร23,ฟร
HPW001,ท่อน 3,78,ดฟ04,ดฟ
HPW001,ท่อน 3,79,รล13,รล
HPW001,ท่อน 3,80,ลฟ39,ลฟ
HPW001,ท่อน 3,81,ลฟ39,ลฟ
HPW001,ท่อน 3,82,ฟร23,ฟร
HPW001,ท่อน 3,83,ทร44,ทร
HPW001,ท่อน 3,84,ฟร23,ฟร
HPW001,ท่อน 3,85,รร09,รร
HPW001,ท่อน 3,86,ลร37,ลร
HMR001,ท่อน 1,1,มล20,มล
HMR001,ท่อน 1,2,มล20,มล
HMR001,ท่อน 1,3,ทร44,ทร
HMR001,ท่อน 1,4,ทม45,ทม
HMR001,ท่อน 1,5,ทซ47,ทซ
HMR001,ท่อน 1,6,ซร30,ซร
HMR001,ท่อน 1,7,ทซ47,ทซ
HMR001,ท่อน 1,8,ทร44,ทร
HMR001,ท่อน 1,9,รร09,รร
HMR001,ท่อน 2,10,มล20,มล
HMR001,ท่อน 2,11,ทร44,ทร
HMR001,ท่อน 2,12,ซท35,ซท
HMR001,ท่อน 2,13,ลม38,ลม
HMR001,ท่อน 2,14,รซ12,รซ
HMR001,ท่อน 2,15,มล20,มล
HMR001,ท่อน 2,16,ดล06,ดล
HMR001,ท่อน 2,17,ลซ40,ลซ
HMR001,เพลงขยะแขยง,18,ซท35,ซท
HMR001,เพลงขยะแขยง,19,ทม45,ทม
HMR001,เพลงขยะแขยง,20,มท21,มท
HMR001,เพลงขยะแขยง,21,ทซ47,ทซ
HMR001,เพลงขยะแขยง,22,ลซ40,ลซ
HMR001,เพลงขยะแขยง,23,รม10,รม
HMR001,เพลงขยะแขยง,24,ซซ33,ซซ
HMR001,เพลงขยะแขยง,25,ซท35,ซท
HMR001,เพลงขยะแขยง,26,ทร44,ทร
HMR001,เพลงขยะแขยง,27,ลม38,ลม
HMR001,เพลงขยะแขยง,28,มล20,มล
HMR001,เพลงขยะแขยง,29,ซร30,ซร
HMR001,เพลงขยะแขยง วรรคจบเพลง,30,ลร37,ลร
HML001,วรรคขึ้นเพลง,1,ลม38,ลม
HML001,ท่อน 1,2,มด15,มด
HML001,ท่อน 1,3,ดซ05,ดซ
HML001,ท่อน 1,4,ซด29,ซด
HML001,ท่อน 1,5,รด08,รด
HML001,ท่อน 1,6,มซ19,มซ
HML001,ท่อน 1,7,ดซ05,ดซ
HML001,ท่อน 1,8,ซด29,ซด
HML001,ท่อน 1,9,รด08,รด
HML001,ท่อน 1,10,รร09,รร
HML001,ท่อน 1,11,รร09,รร
HML001,ท่อน 1,12,ลซ40,ลซ
HML001,ท่อน 1,13,ซร30,ซร
HML001,ท่อน 1,14,รล13,รล
HML001,ท่อน 1,15,ลร37,ลร
HML001,ท่อน 1,16,ลร37,ลร
HML001,ท่อน 1,17,รล13,รล
HML001,ท่อน 1,18,ลม38,ลม
HML001,ท่อน 1,19,ซซ33,ซซ
HML001,ท่อน 1,20,มด15,มด
HML001,ท่อน 2,21,ซซ33,ซซ
HML001,ท่อน 2,22,ลม38,ลม
HML001,ท่อน 2,23,ลซ40,ลซ
HML001,ท่อน 2,24,ซร30,ซร
HML001,ท่อน 2,25,รล13,รล
HML001,ท่อน 2,26,ลร37,ลร
HML001,ท่อน 2,27,มร16,มร
HML001,ท่อน 2,28,รร09,รร
HML001,ท่อน 2,29,ซร30,ซร
HML001,ท่อน 2,30,รล13,รล
HML001,ท่อน 2,31,ลล41,ลล
HML001,ท่อน 2,32,ลม38,ลม
HML001,ท่อน 2,33,รซ12,รซ
HML001,ท่อน 2,34,ซซ33,ซซ
HML001,ท่อน 2,35,ซซ33,ซซ
HML001,ท่อน 2,36,มม17,มม
HML001,ท่อน 2,37,ลล41,ลล
HML001,ท่อน 2,38,ซร30,ซร
HML001,ท่อน 2,39,รล13,รล
HML001,ท่อน 2,40,ลร37,ลร
HML001,ท่อน 2,41,ดร02,ดร
HML001,ท่อน 2,42,รร09,รร
HML001,ท่อน 2,43,ดร02,ดร
HML001,ท่อน 2,44,รล13,รล
HML001,ท่อน 2,45,ลล41,ลล
HML001,ท่อน 2,46,ลม38,ลม
HML001,ท่อน 2,47,รซ12,รซ
HML001,ท่อน 2,48,ซซ33,ซซ
HML001,ท่อน 2,49,ลร37,ลร
HSM001,ม้ารำ ท่อน 1,1,ลล41,ลล
HSM001,ม้ารำ ท่อน 1,2,ฟร23,ฟร
HSM001,ม้ารำ ท่อน 1,3,ดร02,ดร
HSM001,ม้ารำ ท่อน 1,4,รซ12,รซ
HSM001,ม้ารำ ท่อน 1,5,ซม31,ซม
HSM001,ม้ารำ ท่อน 1,6,ดซ05,ดซ
HSM001,ม้ารำ ท่อน 1,7,ลฟ39,ลฟ
HSM001,ม้ารำ ท่อน 1,8,ฟร23,ฟร
HSM001,ม้ารำ ท่อน 1,9,ซร30,ซร
HSM001,ม้ารำ ท่อน 1,10,รซ12,รซ
HSM001,ม้ารำ ท่อน 1,11,ซท35,ซท
HSM001,ม้ารำ ท่อน 1,12,ทซ47,ทซ
HSM001,ม้ารำ ท่อน 1,13,ซท35,ซท
HSM001,ม้ารำ ท่อน 1,14,ทซ47,ทซ
HSM001,ม้ารำ ท่อน 2,15,ฟล27,ฟล
HSM001,ม้ารำ ท่อน 2,16,ฟร23,ฟร
HSM001,ม้ารำ ท่อน 2,17,มร16,มร
HSM001,ม้ารำ ท่อน 2,18,รซ12,รซ
HSM001,ม้ารำ ท่อน 2,19,ซม31,ซม
HSM001,ม้ารำ ท่อน 2,20,ดซ05,ดซ
HSM001,ม้ารำ ท่อน 2,21,ลฟ39,ลฟ
HSM001,ม้ารำ ท่อน 2,22,ฟร23,ฟร
HSM001,ม้ารำ ท่อน 2,23,ซร30,ซร
HSM001,ม้ารำ ท่อน 2,24,รซ12,รซ
HSM001,ม้ารำ ท่อน 2,25,ซท35,ซท
HSM001,ม้ารำ ท่อน 2,26,ทซ47,ทซ
HSM001,ม้ารำ ท่อน 2,27,ซท35,ซท
HSM001,ม้ารำ ท่อน 2,28,ทซ47,ทซ
HSM001,ม้าสะบัดกีบ,29,รร09,รร
HSM001,ม้าสะบัดกีบ,30,ซร30,ซร
HSM001,ม้าสะบัดกีบ,31,ดร02,ดร
HSM001,ม้าสะบัดกีบ,32,รซ12,รซ
HSM001,ม้าสะบัดกีบ,33,ซซ33,ซซ
HSM001,ม้าสะบัดกีบ,34,มด15,มด
HSM001,ม้าสะบัดกีบ,35,ดด01,ดด
HSM001,ม้าสะบัดกีบ,36,ดล06,ดล
HSM001,ม้าสะบัดกีบ,37,ฟซ26,ฟซ
HSM001,ม้าสะบัดกีบ,38,ซซ33,ซซ
HSM001,ม้าสะบัดกีบ,39,ดม03,ดม
HSM001,ม้าสะบัดกีบ,40,มด15,มด
HSM001,ม้าสะบัดกีบ,41,ดล06,ดล
HSM001,ม้าสะบัดกีบ,42,ซซ33,ซซ
HSM001,ม้าย่อง,43,ซล34,ซล
HSM001,ม้าย่อง,44,ซร30,ซร
HSM001,ม้าย่อง,45,มร16,มร
HSM001,ม้าย่อง,46,รซ12,รซ
HSM001,ม้าย่อง,47,ซร30,ซร
HSM001,ม้าย่อง,48,ซร30,ซร
HSM001,ม้าย่อง,49,ซท35,ซท
HSM001,ม้าย่อง,50,ทร44,ทร
HSM001,ม้าย่อง,51,มซ19,มซ
HSM001,ม้าย่อง,52,ซร30,ซร
HSM001,ม้าย่อง,53,ดร02,ดร
HSM001,ม้าย่อง,54,รซ12,รซ
HSM001,ม้าย่อง,55,ซร30,ซร
HSM001,ม้าย่อง,56,ซร30,ซร
HSM001,ม้าย่อง วรรคจบ,57,รร09,รร
HSM001,ม้าย่อง วรรคจบ,58,ลร37,ลร
OLW001,สามชั้น เที่ยวแรก,1,ลร37,ลร
OLW001,สามชั้น เที่ยวแรก,2,ลล41,ลล
OLW001,สามชั้น เที่ยวแรก,3,ลล41,ลล
OLW001,สามชั้น เที่ยวแรก,4,ลล41,ลล
OLW001,สามชั้น เที่ยวแรก,5,มม17,มม
OLW001,สามชั้น เที่ยวแรก,6,มร16,มร
OLW001,สามชั้น เที่ยวแรก,7,มซ19,มซ
OLW001,สามชั้น เที่ยวแรก,8,รร09,รร
OLW001,สามชั้น เที่ยวแรก,9,ลล41,ลล
OLW001,สามชั้น เที่ยวแรก,10,มม17,มม
OLW001,สามชั้น เที่ยวแรก,11,มร16,มร
OLW001,สามชั้น เที่ยวแรก,12,มร16,มร
OLW001,สามชั้น เที่ยวแรก,13,มม17,มม
OLW001,สามชั้น เที่ยวแรก,14,ลม38,ลม
OLW001,สามชั้น เที่ยวแรก,15,ลด36,ลด
OLW001,สามชั้น เที่ยวแรก,16,ลด36,ลด
OLW001,สามชั้น เที่ยวแรก,17,ลล41,ลล
OLW001,สามชั้น เที่ยวแรก,18,ลล41,ลล
OLW001,สามชั้น เที่ยวแรก,19,ลล41,ลล
OLW001,สามชั้น เที่ยวแรก,20,ลท42,ลท
OLW001,สามชั้น เที่ยวแรก,21,ซม31,ซม
OLW001,สามชั้น เที่ยวแรก,22,มม17,มม
OLW001,สามชั้น เที่ยวแรก,23,ลล41,ลล
OLW001,สามชั้น เที่ยวแรก,24,ลม38,ลม
OLW001,สามชั้น เที่ยวแรก,25,มม17,มม
OLW001,สามชั้น เที่ยวแรก,26,มม17,มม
OLW001,สามชั้น เที่ยวแรก,27,มร16,มร
OLW001,สามชั้น เที่ยวแรก,28,มร16,มร
OLW001,สามชั้น เที่ยวแรก,29,มร16,มร
OLW001,สามชั้น เที่ยวแรก,30,มร16,มร
OLW001,สามชั้น เที่ยวแรก,31,มม17,มม
OLW001,สามชั้น เที่ยวแรก,32,มม17,มม
OLW001,สามชั้น เที่ยวแรก,33,มร16,มร
OLW001,สามชั้น เที่ยวแรก,34,ลร37,ลร
OLW001,สามชั้น เที่ยวแรก,35,ลล41,ลล
OLW001,สามชั้น เที่ยวแรก,36,ลล41,ลล
OLW001,สามชั้น เที่ยวแรก,37,ลล41,ลล
OLW001,สามชั้น เที่ยวแรก,38,ลท42,ลท
OLW001,สามชั้น เที่ยวแรก,39,ซร30,ซร
OLW001,สามชั้น เที่ยวแรก,40,ซร30,ซร
OLW001,สามชั้น เที่ยวแรก,41,ซซ33,ซซ
OLW001,สามชั้น เที่ยวแรก,42,ซร30,ซร
OLW001,สามชั้น เที่ยวแรก,43,ซท35,ซท
OLW001,สามชั้น เที่ยวแรก,44,ซซ33,ซซ
OLW001,สามชั้น เที่ยวแรก,45,ลล41,ลล
OLW001,สามชั้น เที่ยวแรก,46,รล13,รล
OLW001,สามชั้น เที่ยวแรก,47,ลล41,ลล
OLW001,สามชั้น เที่ยวแรก,48,ลล41,ลล
OLW001,สามชั้น เที่ยวแรก,49,ลม38,ลม
OLW001,สามชั้น เที่ยวแรก,50,มม17,มม
OLW001,สามชั้น เที่ยวแรก,51,รม10,รม
OLW001,สามชั้น เที่ยวแรก,52,รม10,รม
OLW001,สามชั้น เที่ยวแรก,53,ดล06,ดล
OLW001,สามชั้น เที่ยวแรก,54,ลล41,ลล
OLW001,สามชั้น เที่ยวแรก,55,ลล41,ลล
OLW001,สามชั้น เที่ยวแรก,56,ลล41,ลล
OLW001,สามชั้น เที่ยวแรก,57,ลม38,ลม
OLW001,สามชั้น เที่ยวแรก,58,มม17,มม
OLW001,สามชั้น เที่ยวแรก,59,มม17,มม
OLW001,สามชั้น เที่ยวแรก,60,รม10,รม
OLW001,สามชั้น เที่ยวแรก,61,รม10,รม
OLW001,สามชั้น เที่ยวแรก,62,รม10,รม
OLW001,สามชั้น เที่ยวแรก,63,รม10,รม
OLW001,สามชั้น เที่ยวแรก,64,มม17,มม
OLW001,สามชั้น เที่ยวแรก,65,มม17,มม
OLW001,สามชั้น เที่ยวแรก,66,มม17,มม
OLW001,สามชั้น เที่ยวแรก,67,มม17,มม
OLW001,สามชั้น เที่ยวแรก,68,มม17,มม
OLW001,สามชั้น เที่ยวแรก,69,มล20,มล
OLW001,สามชั้น เที่ยวแรก,70,ลล41,ลล
OLW001,สามชั้น เที่ยวแรก,71,ลล41,ลล
OLW001,สามชั้น เที่ยวแรก,72,ลล41,ลล
OLW001,สามชั้น เที่ยวแรก,73,ลล41,ลล
OLW001,สามชั้น เที่ยวแรก,74,ลล41,ลล
OLW001,สามชั้น เที่ยวแรก,75,ลล41,ลล
OLW001,สามชั้น เที่ยวแรก,76,ทซ47,ทซ
OLW001,สามชั้น เที่ยวแรก,77,มม17,มม
OLW001,สามชั้น เที่ยวแรก,78,มม17,มม
OLW001,สามชั้น เที่ยวแรก,79,มล20,มล
OLW001,สามชั้น เที่ยวแรก,80,ลล41,ลล
OLW001,สามชั้น เที่ยวแรก,81,มม17,มม
OLW001,สามชั้น เที่ยวแรก,82,มซ19,มซ
OLW001,สามชั้น เที่ยวแรก,83,มล20,มล
OLW001,สามชั้น เที่ยวแรก,84,ลล41,ลล
OLW001,สามชั้น เที่ยวแรก,85,ลล41,ลล
OLW001,สามชั้น เที่ยวแรก,86,มซ19,มซ
OLW001,สามชั้น เที่ยวแรก,87,มล20,มล
OLW001,สามชั้น เที่ยวแรก,88,ลล41,ลล
OLW001,สามชั้น เที่ยวแรก,89,ลม38,ลม
OLW001,สามชั้น เที่ยวแรก,90,มล20,มล
OLW001,สามชั้น เที่ยวแรก,91,มล20,มล
OLW001,สามชั้น เที่ยวแรก,92,ดล06,ดล
OLW001,สามชั้น เที่ยวแรก,93,ดล06,ดล
OLW001,สามชั้น เที่ยวแรก,94,ลล41,ลล
OLW001,สามชั้น เที่ยวแรก,95,ลล41,ลล
OLW001,สามชั้น เที่ยวแรก,96,ลล41,ลล
OLW001,สามชั้น เที่ยวแรก,97,ทซ47,ทซ
OLW001,สามชั้น เที่ยวแรก,98,รซ12,รซ
OLW001,สามชั้น เที่ยวแรก,99,รซ12,รซ
OLW001,สามชั้น เที่ยวแรก,100,ซซ33,ซซ
OLW001,สามชั้น เที่ยวแรก,101,รซ12,รซ
OLW001,สามชั้น เที่ยวแรก,102,ทซ47,ทซ
OLW001,สามชั้น เที่ยวแรก,103,ซล34,ซล
OLW001,สองชั้น เที่ยวแรก,104,ลร37,ลร
OLW001,สองชั้น เที่ยวแรก,105,ลซ40,ลซ
OLW001,สองชั้น เที่ยวแรก,106,มซ19,มซ
OLW001,สองชั้น เที่ยวแรก,107,มซ19,มซ
OLW001,สองชั้น เที่ยวแรก,108,ซม31,ซม
OLW001,สองชั้น เที่ยวแรก,109,ซม31,ซม
OLW001,สองชั้น เที่ยวแรก,110,ลม38,ลม
OLW001,สองชั้น เที่ยวแรก,111,ลม38,ลม
OLW001,สองชั้น เที่ยวแรก,112,รม10,รม
OLW001,สองชั้น เที่ยวแรก,113,รม10,รม
OLW001,สองชั้น เที่ยวแรก,114,รม10,รม
OLW001,สองชั้น เที่ยวแรก,115,รม10,รม
OLW001,สองชั้น เที่ยวแรก,116,มล20,มล
OLW001,สองชั้น เที่ยวแรก,117,ลร37,ลร
OLW001,สองชั้น เที่ยวแรก,118,ลล41,ลล
OLW001,สองชั้น เที่ยวแรก,119,ลล41,ลล
OLW001,สองชั้น เที่ยวแรก,120,ลล41,ลล
OLW001,สองชั้น เที่ยวแรก,121,ลล41,ลล
OLW001,สองชั้น เที่ยวแรก,122,ลซ40,ลซ
OLW001,สองชั้น เที่ยวแรก,123,มม17,มม
OLW001,สองชั้น เที่ยวแรก,124,รม10,รม
OLW001,สองชั้น เที่ยวแรก,125,รม10,รม
OLW001,สองชั้น เที่ยวแรก,126,รม10,รม
OLW001,สองชั้น เที่ยวแรก,127,รม10,รม
OLW001,สองชั้น เที่ยวแรก,128,รม10,รม
OLW001,สองชั้น เที่ยวแรก,129,รม10,รม
OLW001,สองชั้น เที่ยวแรก,130,มล20,มล
OLW001,ชั้นเดียว เที่ยวแรก,131,ลล41,ลล
OLW001,ชั้นเดียว เที่ยวแรก,132,ซซ33,ซซ
OLW001,ชั้นเดียว เที่ยวแรก,133,มม17,มม
OLW001,ชั้นเดียว เที่ยวแรก,134,มม17,มม
OLW001,ชั้นเดียว เที่ยวแรก,135,มม17,มม
OLW001,ชั้นเดียว เที่ยวแรก,136,มม17,มม
OLW001,ชั้นเดียว เที่ยวแรก,137,ลล41,ลล
OLW001,ชั้นเดียว เที่ยวแรก,138,ลล41,ลล
OLW001,ชั้นเดียว เที่ยวแรก,139,ลล41,ลล
OLW001,ชั้นเดียว เที่ยวแรก,140,มม17,มม
OLW001,ชั้นเดียว เที่ยวแรก,141,มม17,มม
OLW001,ชั้นเดียว เที่ยวแรก,142,มม17,มม
OLW001,ลูกหมด,143,ลร37,ลร
OLW001,ลูกหมด,144,รร09,รร
OLW001,ลูกหมด,145,ลร37,ลร
BKL001,ท่อน 1,1,ลฟ39,ลฟ
BKL001,ท่อน 1,2,ฟล27,ฟล
BKL001,ท่อน 1,3,ลฟ39,ลฟ
BKL001,ท่อน 1,4,ฟล27,ฟล
BKL001,ท่อน 1,5,รด08,รด
BKL001,ท่อน 1,6,รด08,รด
BKL001,ท่อน 1,7,ดด01,ดด
BKL001,ท่อน 1,8,ดด01,ดด
BKL001,ท่อน 1,9,ดด01,ดด
BKL001,ท่อน 1,10,ดด01,ดด
BKL001,ท่อน 1,11,ดด01,ดด
BKL001,ท่อน 1,12,ดด01,ดด
BKL001,ท่อน 1,13,ดด01,ดด
BKL001,ท่อน 1,14,ดด01,ดด
BKL001,ท่อน 1,15,ดด01,ดด
BKL001,ท่อน 1,16,ดด01,ดด
BKL001,ท่อน 1,17,ดด01,ดด
BKL001,ท่อน 1,18,ลฟ39,ลฟ
BKL001,ท่อน 1,19,ลด36,ลด
BKL001,ท่อน 1,20,ฟฟ25,ฟฟ
BKL001,ท่อน 1,21,ฟฟ25,ฟฟ
BKL001,ท่อน 1,22,ฟฟ25,ฟฟ
BKL001,ท่อน 1,23,ฟฟ25,ฟฟ
BKL001,ท่อน 1,24,ฟฟ25,ฟฟ
BKL001,ท่อน 1,25,ฟฟ25,ฟฟ
BKL001,ท่อน 1,26,ฟฟ25,ฟฟ
BKL001,ท่อน 1,27,ฟฟ25,ฟฟ
BKL001,ท่อน 1,28,ฟฟ25,ฟฟ
BKL001,ท่อน 1,29,ฟซ26,ฟซ
BKL001,ท่อน 1,30,ลฟ39,ลฟ
BKL001,ท่อน 1,31,ลฟ39,ลฟ
BKL001,ท่อน 1,32,ฟล27,ฟล
BKL001,ท่อน 1,33,ลฟ39,ลฟ
BKL001,ท่อน 1,34,ฟล27,ฟล
BKL001,ท่อน 1,35,รด08,รด
BKL001,ท่อน 1,36,รด08,รด
BKL001,ท่อน 1,37,ดด01,ดด
BKL001,ท่อน 1,38,ดด01,ดด
BKL001,ท่อน 1,39,ดด01,ดด
BKL001,ท่อน 1,40,ดด01,ดด
BKL001,ท่อน 1,41,ดด01,ดด
BKL001,ท่อน 1,42,ดด01,ดด
BKL001,ท่อน 1,43,ดด01,ดด
BKL001,ท่อน 1,44,ดด01,ดด
BKL001,ท่อน 1,45,ดด01,ดด
BKL001,ท่อน 1,46,ดด01,ดด
BKL001,ท่อน 1,47,ลฟ39,ลฟ
BKL001,ท่อน 1,48,ลด36,ลด
BKL001,ท่อน 1,49,ฟฟ25,ฟฟ
BKL001,ท่อน 1,50,ฟฟ25,ฟฟ
BKL001,ท่อน 1,51,ฟฟ25,ฟฟ
BKL001,ท่อน 1,52,ฟฟ25,ฟฟ
BKL001,ท่อน 1,53,ฟฟ25,ฟฟ
BKL001,ท่อน 1,54,ฟฟ25,ฟฟ
BKL001,ท่อน 1,55,ฟฟ25,ฟฟ
BKL001,ท่อน 1,56,ฟฟ25,ฟฟ
BKL001,ท่อน 1,57,ฟฟ25,ฟฟ
BKL001,ท่อน 1,58,ฟซ26,ฟซ
BKL001,ท่อน 1,59,ลฟ39,ลฟ
BKL001,ท่อน 2,60,ฟฟ25,ฟฟ
BKL001,ท่อน 2,61,ฟด22,ฟด
BKL001,ท่อน 2,62,ดร02,ดร
BKL001,ท่อน 2,63,รฟ11,รฟ
BKL001,ท่อน 3,64,ลฟ39,ลฟ
BKL001,ท่อน 3,65,รล13,รล
BKL001,ท่อน 3,66,ฟล27,ฟล
BKL001,ท่อน 3,67,ลฟ39,ลฟ
BKL001,ท่อน 3,68,ซร30,ซร
BKL001,ท่อน 3,69,รซ12,รซ
BKL001,ท่อน 3,70,ซร30,ซร
BKL001,ท่อน 3,71,ลฟ39,ลฟ
BKL001,ท่อน 4,72,ซซ33,ซซ
BKL001,ท่อน 4,73,ซด29,ซด
BKL001,ท่อน 4,74,ดร02,ดร
BKL001,ท่อน 4,75,รฟ11,รฟ
BKL001,สองชั้น ท่อน 1,76,ฟล27,ฟล
BKL001,สองชั้น ท่อน 1,77,ฟล27,ฟล
BKL001,สองชั้น ท่อน 1,78,ดด01,ดด
BKL001,สองชั้น ท่อน 1,79,ดด01,ดด
BKL001,สองชั้น ท่อน 1,80,ดด01,ดด
BKL001,สองชั้น ท่อน 1,81,ดด01,ดด
BKL001,สองชั้น ท่อน 1,82,ดด01,ดด
BKL001,สองชั้น ท่อน 1,83,ดด01,ดด
BKL001,สองชั้น ท่อน 1,84,ฟฟ25,ฟฟ
BKL001,สองชั้น ท่อน 1,85,ฟฟ25,ฟฟ
BKL001,สองชั้น ท่อน 1,86,ฟฟ25,ฟฟ
BKL001,สองชั้น ท่อน 1,87,ฟฟ25,ฟฟ
BKL001,สองชั้น ท่อน 1,88,ฟซ26,ฟซ
BKL001,สองชั้น ท่อน 1,89,ฟฟ25,ฟฟ
BKL001,สองชั้น ท่อน 1,90,ลฟ39,ลฟ
BKL001,สองชั้น ท่อน 1,91,ลด36,ลด
BKL001,สองชั้น ท่อน 1,92,ดด01,ดด
BKL001,สองชั้น ท่อน 1,93,ดด01,ดด
BKL001,สองชั้น ท่อน 1,94,ดด01,ดด
BKL001,สองชั้น ท่อน 1,95,ดด01,ดด
BKL001,สองชั้น ท่อน 1,96,ดฟ04,ดฟ
BKL001,สองชั้น ท่อน 1,97,ฟฟ25,ฟฟ
BKL001,สองชั้น ท่อน 1,98,ฟฟ25,ฟฟ
BKL001,สองชั้น ท่อน 1,99,ฟฟ25,ฟฟ
BKL001,สองชั้น ท่อน 1,100,ฟฟ25,ฟฟ
BKL001,สองชั้น ท่อน 1,101,ซฟ32,ซฟ
BKL001,สองชั้น ท่อน 2,102,ฟด22,ฟด
BKL001,สองชั้น ท่อน 2,103,รฟ11,รฟ
BKL001,สองชั้น ท่อน 3,104,รล13,รล
BKL001,สองชั้น ท่อน 3,105,ดฟ04,ดฟ
BKL001,สองชั้น ท่อน 3,106,รซ12,รซ
BKL001,สองชั้น ท่อน 3,107,รฟ11,รฟ
BKL001,สองชั้น ท่อน 4,108,ซล34,ซล
BKL001,สองชั้น ท่อน 4,109,รฟ11,รฟ
BKL001,ชั้นเดียว ท่อน 1,110,ลล41,ลล
BKL001,ชั้นเดียว ท่อน 1,111,ดด01,ดด
BKL001,ชั้นเดียว ท่อน 1,112,ดด01,ดด
BKL001,ชั้นเดียว ท่อน 1,113,ฟฟ25,ฟฟ
BKL001,ชั้นเดียว ท่อน 1,114,ฟฟ25,ฟฟ
BKL001,ชั้นเดียว ท่อน 1,115,ลล41,ลล
BKL001,ชั้นเดียว ท่อน 1,116,ดด01,ดด
BKL001,ชั้นเดียว ท่อน 1,117,ดด01,ดด
BKL001,ชั้นเดียว ท่อน 1,118,ฟฟ25,ฟฟ
BKL001,ชั้นเดียว ท่อน 2,119,ดฟ04,ดฟ
BKL001,ชั้นเดียว ท่อน 3,120,ลฟ39,ลฟ
BKL001,ชั้นเดียว ท่อน 3,121,ซฟ32,ซฟ
BKL001,ชั้นเดียว ท่อน 4,122,ลฟ39,ลฟ
BKL001,ลูกหมด,123,ลร37,ลร
BKL001,ลูกหมด,124,รร09,รร
BKL001,ลูกหมด,125,ลร37,ลร
BKL001,ลูกหมด,126,รร09,รร
BKL001,ลูกหมด,127,ลร37,ลร
BKL001,ลูกหมด,128,ซร30,ซร
BKL001,ลูกหมด,129,ซร30,ซร
TYN002,สามชั้น ท่อน 1,1,ดม03,ดม
TYN002,สามชั้น ท่อน 1,2,ดม03,ดม
TYN002,สามชั้น ท่อน 1,3,ดม03,ดม
TYN002,สามชั้น ท่อน 1,4,มม17,มม
TYN002,สามชั้น ท่อน 1,5,มม17,มม
TYN002,สามชั้น ท่อน 1,6,มม17,มม
TYN002,สามชั้น ท่อน 1,7,มม17,มม
TYN002,สามชั้น ท่อน 1,8,มม17,มม
TYN002,สามชั้น ท่อน 1,9,ลล41,ลล
TYN002,สามชั้น ท่อน 1,10,มม17,มม
TYN002,สามชั้น ท่อน 1,11,ลม38,ลม
TYN002,สามชั้น ท่อน 1,12,มด15,มด
TYN002,สามชั้น ท่อน 1,13,มด15,มด
TYN002,สามชั้น ท่อน 1,14,ซด29,ซด
TYN002,สามชั้น ท่อน 1,15,ดด01,ดด
TYN002,สามชั้น ท่อน 1,16,รด08,รด
TYN002,สามชั้น ท่อน 1,17,รด08,รด
TYN002,สามชั้น ท่อน 1,18,ซด29,ซด
TYN002,สามชั้น ท่อน 1,19,ซด29,ซด
TYN002,สามชั้น ท่อน 1,20,ซด29,ซด
TYN002,สามชั้น ท่อน 1,21,ซด29,ซด
TYN002,สามชั้น ท่อน 1,22,ซด29,ซด
TYN002,สามชั้น ท่อน 1,23,ดด01,ดด
TYN002,สามชั้น ท่อน 1,24,ดด01,ดด
TYN002,สามชั้น ท่อน 1,25,ดด01,ดด
TYN002,สามชั้น ท่อน 1,26,มร16,มร
TYN002,สามชั้น ท่อน 1,27,ดด01,ดด
TYN002,สามชั้น ท่อน 1,28,ทร44,ทร
TYN002,สามชั้น ท่อน 1,29,ซร30,ซร
TYN002,สามชั้น ท่อน 1,30,ทร44,ทร
TYN002,สามชั้น ท่อน 1,31,ซร30,ซร
TYN002,สามชั้น ท่อน 1,32,รร09,รร
TYN002,สามชั้น ท่อน 1,33,รร09,รร
TYN002,สามชั้น ท่อน 1,34,รร09,รร
TYN002,สามชั้น ท่อน 1,35,รร09,รร
TYN002,สามชั้น ท่อน 1,36,รร09,รร
TYN002,สามชั้น ท่อน 1,37,รร09,รร
TYN002,สามชั้น ท่อน 1,38,รร09,รร
TYN002,สามชั้น ท่อน 1,39,รร09,รร
TYN002,สามชั้น ท่อน 1,40,รร09,รร
TYN002,สามชั้น ท่อน 1,41,รท14,รท
TYN002,สามชั้น ท่อน 1,42,ซท35,ซท
TYN002,สามชั้น ท่อน 1,43,ทซ47,ทซ
TYN002,สามชั้น ท่อน 1,44,รร09,รร
TYN002,สามชั้น ท่อน 1,45,รท14,รท
TYN002,สามชั้น ท่อน 1,46,ซท35,ซท
TYN002,สามชั้น ท่อน 1,47,ทซ47,ทซ
TYN002,สามชั้น ท่อน 1,48,ทซ47,ทซ
TYN002,สามชั้น ท่อน 1,49,ฟท28,ฟท
TYN002,สามชั้น ท่อน 1,50,มซ19,มซ
TYN002,สามชั้น ท่อน 1,51,ซท35,ซท
TYN002,สามชั้น ท่อน 1,52,ซท35,ซท
TYN002,สามชั้น ท่อน 1,53,ซท35,ซท
TYN002,สามชั้น ท่อน 2,54,ทซ47,ทซ
TYN002,สามชั้น ท่อน 2,55,ลม38,ลม
TYN002,สามชั้น ท่อน 2,56,มซ19,มซ
TYN002,สามชั้น ท่อน 2,57,ลล41,ลล
TYN002,สามชั้น ท่อน 2,58,ลซ40,ลซ
TYN002,สามชั้น ท่อน 2,59,ทซ47,ทซ
TYN002,สามชั้น ท่อน 2,60,ลซ40,ลซ
TYN002,สามชั้น ท่อน 2,61,ทซ47,ทซ
TYN002,สามชั้น ท่อน 2,62,ลซ40,ลซ
TYN002,สามชั้น ท่อน 2,63,มม17,มม
TYN002,สามชั้น ท่อน 2,64,มซ19,มซ
TYN002,สามชั้น ท่อน 2,65,มม17,มม
TYN002,สามชั้น ท่อน 2,66,มซ19,มซ
TYN002,สามชั้น ท่อน 2,67,ทซ47,ทซ
TYN002,สามชั้น ท่อน 2,68,ลซ40,ลซ
TYN002,สามชั้น ท่อน 2,69,ทซ47,ทซ
TYN002,สามชั้น ท่อน 2,70,ลซ40,ลซ
TYN002,สามชั้น ท่อน 2,71,มร16,มร
TYN002,สามชั้น ท่อน 2,72,มร16,มร
TYN002,สามชั้น ท่อน 2,73,มร16,มร
TYN002,สามชั้น ท่อน 2,74,มร16,มร
TYN002,สามชั้น ท่อน 2,75,รร09,รร
TYN002,สามชั้น ท่อน 2,76,รร09,รร
TYN002,สามชั้น ท่อน 2,77,รร09,รร
TYN002,สามชั้น ท่อน 2,78,รร09,รร
TYN002,สามชั้น ท่อน 2,79,รร09,รร
TYN002,สามชั้น ท่อน 2,80,รร09,รร
TYN002,สามชั้น ท่อน 2,81,มซ19,มซ
TYN002,สามชั้น ท่อน 2,82,ซซ33,ซซ
TYN002,สามชั้น ท่อน 2,83,ซซ33,ซซ
TYN002,สามชั้น ท่อน 2,84,ซซ33,ซซ
TYN002,สามชั้น ท่อน 2,85,ซซ33,ซซ
TYN002,สามชั้น ท่อน 2,86,ซซ33,ซซ
TYN002,สามชั้น ท่อน 2,87,ซซ33,ซซ
TYN002,สามชั้น ท่อน 2,88,ซซ33,ซซ
TYN002,สามชั้น ท่อน 2,89,ซซ33,ซซ
TYN002,สามชั้น ท่อน 2,90,ซซ33,ซซ
TYN002,สามชั้น ท่อน 2,91,ซซ33,ซซ
TYN002,สามชั้น ท่อน 2,92,ซซ33,ซซ
TYN002,สามชั้น ท่อน 2,93,ซซ33,ซซ
TYN002,สามชั้น ท่อน 2,94,ซซ33,ซซ
TYN002,สามชั้น ท่อน 2,95,ฟล27,ฟล
TYN002,สามชั้น ท่อน 2,96,รล13,รล
TYN002,สามชั้น ท่อน 2,97,ฟล27,ฟล
TYN002,สามชั้น ท่อน 2,98,รล13,รล
TYN002,สามชั้น ท่อน 2,99,ทม45,ทม
TYN002,สามชั้น ท่อน 2,100,มม17,มม
TYN002,สามชั้น ท่อน 2,101,ซด29,ซด
TYN002,สามชั้น ท่อน 2,102,ดด01,ดด
TYN002,สามชั้น ท่อน 2,103,ซร30,ซร
TYN002,สามชั้น ท่อน 3,104,ดม03,ดม
TYN002,สามชั้น ท่อน 3,105,ลม38,ลม
TYN002,สามชั้น ท่อน 3,106,ดม03,ดม
TYN002,สามชั้น ท่อน 3,107,มม17,มม
TYN002,สามชั้น ท่อน 3,108,มซ19,มซ
TYN002,สามชั้น ท่อน 3,109,ซซ33,ซซ
TYN002,สามชั้น ท่อน 3,110,ลล41,ลล
TYN002,สามชั้น ท่อน 3,111,ดม03,ดม
TYN002,สามชั้น ท่อน 3,112,ซซ33,ซซ
TYN002,สามชั้น ท่อน 3,113,ดม03,ดม
TYN002,สามชั้น ท่อน 3,114,มม17,มม
TYN002,สามชั้น ท่อน 3,115,ซด29,ซด
TYN002,สามชั้น ท่อน 3,116,ดด01,ดด
TYN002,สามชั้น ท่อน 3,117,ดด01,ดด
TYN002,สามชั้น ท่อน 3,118,ดด01,ดด
TYN002,สามชั้น ท่อน 3,119,ดด01,ดด
TYN002,สามชั้น ท่อน 3,120,ดด01,ดด
TYN002,สามชั้น ท่อน 3,121,ดด01,ดด
TYN002,สามชั้น ท่อน 3,122,ดด01,ดด
TYN002,สามชั้น ท่อน 3,123,ดด01,ดด
TYN002,สามชั้น ท่อน 3,124,ดด01,ดด
TYN002,สามชั้น ท่อน 3,125,ดด01,ดด
TYN002,สามชั้น ท่อน 3,126,ดด01,ดด
TYN002,สามชั้น ท่อน 3,127,ดด01,ดด
TYN002,สามชั้น ท่อน 3,128,ดด01,ดด
TYN002,สามชั้น ท่อน 3,129,ทร44,ทร
TYN002,สามชั้น ท่อน 3,130,ซร30,ซร
TYN002,สามชั้น ท่อน 3,131,ซด29,ซด
TYN002,สามชั้น ท่อน 3,132,ดร02,ดร
TYN002,สามชั้น ท่อน 3,133,ซร30,ซร
TYN002,สามชั้น ท่อน 3,134,รร09,รร
TYN002,สามชั้น ท่อน 3,135,ซร30,ซร
TYN002,สามชั้น ท่อน 3,136,รร09,รร
TYN002,สามชั้น ท่อน 3,137,ซร30,ซร
TYN002,สามชั้น ท่อน 3,138,รร09,รร
TYN002,สามชั้น ท่อน 3,139,รร09,รร
TYN002,สามชั้น ท่อน 3,140,รร09,รร
TYN002,สามชั้น ท่อน 3,141,รร09,รร
TYN002,สามชั้น ท่อน 3,142,รร09,รร
TYN002,สามชั้น ท่อน 3,143,รร09,รร
TYN002,สามชั้น ท่อน 3,144,รท14,รท
TYN002,สามชั้น ท่อน 3,145,ซท35,ซท
TYN002,สามชั้น ท่อน 3,146,ทซ47,ทซ
TYN002,สามชั้น ท่อน 3,147,รร09,รร
TYN002,สามชั้น ท่อน 3,148,รท14,รท
TYN002,สามชั้น ท่อน 3,149,ซท35,ซท
TYN002,สามชั้น ท่อน 3,150,ทซ47,ทซ
TYN002,สามชั้น ท่อน 3,151,ทท49,ทท
TYN002,สามชั้น ท่อน 3,152,ทท49,ทท
TYN002,สามชั้น ท่อน 3,153,ทท49,ทท
TYN002,สามชั้น ท่อน 3,154,ทท49,ทท
TYN002,สามชั้น ท่อน 3,155,ทท49,ทท
TYN002,สามชั้น ท่อน 3,156,ทท49,ทท
TYN002,สามชั้น ท่อน 3,157,ทท49,ทท
TYN002,สามชั้น ท่อน 3,158,ทท49,ทท
TYN002,สามชั้น ท่อน 3,159,ทท49,ทท
TYN002,สามชั้น ท่อน 3,160,ทท49,ทท
TYN002,สามชั้น ท่อน 3,161,ทท49,ทท
TYN002,สามชั้น ท่อน 3,162,ซท35,ซท
TYN002,สามชั้น ท่อน 3,163,ซท35,ซท
TYN002,สามชั้น ท่อน 4,164,ทซ47,ทซ
TYN002,สามชั้น ท่อน 4,165,ลม38,ลม
TYN002,สามชั้น ท่อน 4,166,มซ19,มซ
TYN002,สามชั้น ท่อน 4,167,ลล41,ลล
TYN002,สามชั้น ท่อน 4,168,ลซ40,ลซ
TYN002,สามชั้น ท่อน 4,169,ทซ47,ทซ
TYN002,สามชั้น ท่อน 4,170,ลซ40,ลซ
TYN002,สามชั้น ท่อน 4,171,ทซ47,ทซ
TYN002,สามชั้น ท่อน 4,172,ลซ40,ลซ
TYN002,สามชั้น ท่อน 4,173,มม17,มม
TYN002,สามชั้น ท่อน 4,174,มซ19,มซ
TYN002,สามชั้น ท่อน 4,175,มม17,มม
TYN002,สามชั้น ท่อน 4,176,มซ19,มซ
TYN002,สามชั้น ท่อน 4,177,ทซ47,ทซ
TYN002,สามชั้น ท่อน 4,178,ลซ40,ลซ
TYN002,สามชั้น ท่อน 4,179,ฟฟ25,ฟฟ
TYN002,สามชั้น ท่อน 4,180,ฟฟ25,ฟฟ
TYN002,สามชั้น ท่อน 4,181,ฟฟ25,ฟฟ
TYN002,สามชั้น ท่อน 4,182,ฟฟ25,ฟฟ
TYN002,สามชั้น ท่อน 4,183,ฟฟ25,ฟฟ
TYN002,สามชั้น ท่อน 4,184,ฟฟ25,ฟฟ
TYN002,สามชั้น ท่อน 4,185,ฟร23,ฟร
TYN002,สามชั้น ท่อน 4,186,มร16,มร
TYN002,สามชั้น ท่อน 4,187,มร16,มร
TYN002,สามชั้น ท่อน 4,188,มร16,มร
TYN002,สามชั้น ท่อน 4,189,มร16,มร
TYN002,สามชั้น ท่อน 4,190,ทร44,ทร
TYN002,สามชั้น ท่อน 4,191,ทร44,ทร
TYN002,สามชั้น ท่อน 4,192,ทร44,ทร
TYN002,สามชั้น ท่อน 4,193,ทร44,ทร
TYN002,สามชั้น ท่อน 4,194,ซร30,ซร
TYN002,สามชั้น ท่อน 4,195,ซร30,ซร
TYN002,สามชั้น ท่อน 4,196,รร09,รร
TYN002,สามชั้น ท่อน 4,197,รร09,รร
TYN002,สามชั้น ท่อน 4,198,รร09,รร
TYN002,สามชั้น ท่อน 4,199,รร09,รร
TYN002,สามชั้น ท่อน 4,200,รร09,รร
TYN002,สามชั้น ท่อน 4,201,รร09,รร
TYN002,สามชั้น ท่อน 4,202,มซ19,มซ
TYN002,สามชั้น ท่อน 4,203,ซซ33,ซซ
TYN002,สามชั้น ท่อน 4,204,ซซ33,ซซ
TYN002,สามชั้น ท่อน 4,205,ลซ40,ลซ
TYN002,สามชั้น ท่อน 4,206,ลซ40,ลซ
TYN002,สามชั้น ท่อน 4,207,ลซ40,ลซ
TYN002,สามชั้น ท่อน 4,208,ลซ40,ลซ
TYN002,สามชั้น ท่อน 4,209,ซซ33,ซซ
TYN002,สามชั้น ท่อน 4,210,ซซ33,ซซ
TYN002,สามชั้น ท่อน 4,211,ซซ33,ซซ
TYN002,สามชั้น ท่อน 4,212,ซซ33,ซซ
TYN002,สามชั้น ท่อน 4,213,ซซ33,ซซ
TYN002,สามชั้น ท่อน 4,214,ซซ33,ซซ
TYN002,สามชั้น ท่อน 4,215,ฟล27,ฟล
TYN002,สามชั้น ท่อน 4,216,รล13,รล
TYN002,สามชั้น ท่อน 4,217,ฟล27,ฟล
TYN002,สามชั้น ท่อน 4,218,รล13,รล
TYN002,สามชั้น ท่อน 4,219,ทล48,ทล
TYN002,สามชั้น ท่อน 4,220,ทล48,ทล
TYN002,สามชั้น ท่อน 4,221,ลล41,ลล
TYN002,สามชั้น ท่อน 4,222,ลล41,ลล
TYN002,สามชั้น ท่อน 4,223,รล13,รล
TYN002,สามชั้น ท่อน 4,224,รล13,รล
TYN002,สามชั้น ท่อน 4,225,รล13,รล
TYN002,สามชั้น ท่อน 4,226,รล13,รล
TYN002,สามชั้น ท่อน 4,227,ลล41,ลล
TYN002,สามชั้น ท่อน 4,228,ลล41,ลล
TYN002,สามชั้น ท่อน 4,229,ลล41,ลล
TYN002,สามชั้น ท่อน 4,230,ลล41,ลล
TYN002,สามชั้น ท่อน 4,231,ลล41,ลล
TYN002,สามชั้น ท่อน 4,232,ลล41,ลล
TYN002,สามชั้น ท่อน 4,233,ทม45,ทม
TYN002,สามชั้น ท่อน 4,234,มม17,มม
TYN002,สามชั้น ท่อน 4,235,ซด29,ซด
TYN002,สามชั้น ท่อน 4,236,ดด01,ดด
TYN002,ลูกหมด,237,ซร30,ซร
TYN002,ลูกหมด,238,รร09,รร
TYN002,ลูกหมด,239,ลร37,ลร
TLB002,สามชั้น ท่อน 1,1,ลด36,ลด
TLB002,สามชั้น ท่อน 1,2,ลด36,ลด
TLB002,สามชั้น ท่อน 1,3,ดม03,ดม
TLB002,สามชั้น ท่อน 1,4,ลม38,ลม
TLB002,สามชั้น ท่อน 1,5,ดม03,ดม
TLB002,สามชั้น ท่อน 1,6,มม17,มม
TLB002,สามชั้น ท่อน 1,7,ลม38,ลม
TLB002,สามชั้น ท่อน 1,8,ลม38,ลม
TLB002,สามชั้น ท่อน 1,9,ดม03,ดม
TLB002,สามชั้น ท่อน 1,10,ดม03,ดม
TLB002,สามชั้น ท่อน 1,11,ลม38,ลม
TLB002,สามชั้น ท่อน 1,12,ลม38,ลม
TLB002,สามชั้น ท่อน 1,13,ดม03,ดม
TLB002,สามชั้น ท่อน 1,14,ดม03,ดม
TLB002,สามชั้น ท่อน 1,15,ดม03,ดม
TLB002,สามชั้น ท่อน 1,16,ดม03,ดม
TLB002,สามชั้น ท่อน 1,17,ดม03,ดม
TLB002,สามชั้น ท่อน 1,18,ดม03,ดม
TLB002,สามชั้น ท่อน 1,19,ดม03,ดม
TLB002,สามชั้น ท่อน 1,20,ดม03,ดม
TLB002,สามชั้น ท่อน 1,21,มม17,มม
TLB002,สามชั้น ท่อน 1,22,มม17,มม
TLB002,สามชั้น ท่อน 1,23,มม17,มม
TLB002,สามชั้น ท่อน 1,24,มม17,มม
TLB002,สามชั้น ท่อน 1,25,มม17,มม
TLB002,สามชั้น ท่อน 1,26,มม17,มม
TLB002,สามชั้น ท่อน 1,27,มด15,มด
TLB002,สามชั้น ท่อน 1,28,ดด01,ดด
TLB002,สามชั้น ท่อน 1,29,ดด01,ดด
TLB002,สามชั้น ท่อน 1,30,ดด01,ดด
TLB002,สามชั้น ท่อน 1,31,ดด01,ดด
TLB002,สามชั้น ท่อน 1,32,ดด01,ดด
TLB002,สามชั้น ท่อน 1,33,รด08,รด
TLB002,สามชั้น ท่อน 1,34,รด08,รด
TLB002,สามชั้น ท่อน 1,35,ลด36,ลด
TLB002,สามชั้น ท่อน 1,36,ลด36,ลด
TLB002,สามชั้น ท่อน 1,37,ลม38,ลม
TLB002,สามชั้น ท่อน 1,38,ดม03,ดม
TLB002,สามชั้น ท่อน 1,39,มม17,มม
TLB002,สามชั้น ท่อน 1,40,ลด36,ลด
TLB002,สามชั้น ท่อน 1,41,ลด36,ลด
TLB002,สามชั้น ท่อน 1,42,ดม03,ดม
TLB002,สามชั้น ท่อน 1,43,ลม38,ลม
TLB002,สามชั้น ท่อน 1,44,ดม03,ดม
TLB002,สามชั้น ท่อน 1,45,มม17,มม
TLB002,สามชั้น ท่อน 1,46,ลม38,ลม
TLB002,สามชั้น ท่อน 1,47,ลม38,ลม
TLB002,สามชั้น ท่อน 1,48,ดม03,ดม
TLB002,สามชั้น ท่อน 1,49,ดม03,ดม
TLB002,สามชั้น ท่อน 1,50,ลม38,ลม
TLB002,สามชั้น ท่อน 1,51,ลม38,ลม
TLB002,สามชั้น ท่อน 1,52,ดม03,ดม
TLB002,สามชั้น ท่อน 1,53,ดม03,ดม
TLB002,สามชั้น ท่อน 1,54,ลม38,ลม
TLB002,สามชั้น ท่อน 1,55,ดม03,ดม
TLB002,สามชั้น ท่อน 1,56,ลม38,ลม
TLB002,สามชั้น ท่อน 1,57,ดม03,ดม
TLB002,สามชั้น ท่อน 1,58,ดม03,ดม
TLB002,สามชั้น ท่อน 1,59,ดม03,ดม
TLB002,สามชั้น ท่อน 1,60,มม17,มม
TLB002,สามชั้น ท่อน 1,61,มม17,มม
TLB002,สามชั้น ท่อน 1,62,มม17,มม
TLB002,สามชั้น ท่อน 1,63,มม17,มม
TLB002,สามชั้น ท่อน 1,64,มม17,มม
TLB002,สามชั้น ท่อน 1,65,มม17,มม
TLB002,สามชั้น ท่อน 1,66,มด15,มด
TLB002,สามชั้น ท่อน 1,67,ดด01,ดด
TLB002,สามชั้น ท่อน 1,68,ดด01,ดด
TLB002,สามชั้น ท่อน 1,69,ดด01,ดด
TLB002,สามชั้น ท่อน 1,70,ดด01,ดด
TLB002,สามชั้น ท่อน 1,71,ดด01,ดด
TLB002,สามชั้น ท่อน 1,72,รด08,รด
TLB002,สามชั้น ท่อน 1,73,รด08,รด
TLB002,สามชั้น ท่อน 1,74,ลด36,ลด
TLB002,สามชั้น ท่อน 1,75,ลด36,ลด
TLB002,สามชั้น ท่อน 1,76,ลม38,ลม
TLB002,สามชั้น ท่อน 1,77,ดม03,ดม
TLB002,สามชั้น ท่อน 1,78,มม17,มม
TLB002,สามชั้น ท่อน 2,79,-,-
TLB002,สามชั้น ท่อน 2,80,มม17,มม
TLB002,สามชั้น ท่อน 2,81,ซม31,ซม
TLB002,สามชั้น ท่อน 2,82,มม17,มม
TLB002,สามชั้น ท่อน 2,83,ดม03,ดม
TLB002,สามชั้น ท่อน 2,84,ดม03,ดม
TLB002,สามชั้น ท่อน 2,85,มม17,มม
TLB002,สามชั้น ท่อน 2,86,-,-
TLB002,สามชั้น ท่อน 2,87,มม17,มม
TLB002,สามชั้น ท่อน 2,88,ซม31,ซม
TLB002,สามชั้น ท่อน 2,89,มม17,มม
TLB002,สามชั้น ท่อน 2,90,ดม03,ดม
TLB002,สามชั้น ท่อน 2,91,ดม03,ดม
TLB002,สามชั้น ท่อน 2,92,มม17,มม
TLB002,สามชั้น ท่อน 2,93,มม17,มม
TLB002,สามชั้น ท่อน 2,94,มม17,มม
TLB002,สามชั้น ท่อน 2,95,มม17,มม
TLB002,สามชั้น ท่อน 2,96,มม17,มม
TLB002,สามชั้น ท่อน 2,97,ดม03,ดม
TLB002,สามชั้น ท่อน 2,98,ดม03,ดม
TLB002,สามชั้น ท่อน 2,99,ดม03,ดม
TLB002,สามชั้น ท่อน 2,100,ดม03,ดม
TLB002,สามชั้น ท่อน 2,101,มม17,มม
TLB002,สามชั้น ท่อน 2,102,มม17,มม
TLB002,สามชั้น ท่อน 2,103,มม17,มม
TLB002,สามชั้น ท่อน 2,104,มม17,มม
TLB002,สามชั้น ท่อน 2,105,มด15,มด
TLB002,สามชั้น ท่อน 2,106,-,-
TLB002,สามชั้น ท่อน 2,107,มม17,มม
TLB002,สามชั้น ท่อน 2,108,ซม31,ซม
TLB002,สามชั้น ท่อน 2,109,มม17,มม
TLB002,สามชั้น ท่อน 2,110,ดม03,ดม
TLB002,สามชั้น ท่อน 2,111,ดม03,ดม
TLB002,สามชั้น ท่อน 2,112,มม17,มม
TLB002,สามชั้น ท่อน 2,113,-,-
TLB002,สามชั้น ท่อน 2,114,มม17,มม
TLB002,สามชั้น ท่อน 2,115,ซม31,ซม
TLB002,สามชั้น ท่อน 2,116,มม17,มม
TLB002,สามชั้น ท่อน 2,117,ดม03,ดม
TLB002,สามชั้น ท่อน 2,118,ดม03,ดม
TLB002,สามชั้น ท่อน 2,119,มม17,มม
TLB002,สามชั้น ท่อน 2,120,ดล06,ดล
TLB002,สามชั้น ท่อน 2,121,ซม31,ซม
TLB002,สามชั้น ท่อน 2,122,ดล06,ดล
TLB002,สามชั้น ท่อน 2,123,ซม31,ซม
TLB002,สามชั้น ท่อน 2,124,ลม38,ลม
TLB002,สามชั้น ท่อน 2,125,ลม38,ลม
TLB002,สามชั้น ท่อน 2,126,มม17,มม
TLB002,สามชั้น ท่อน 2,127,มม17,มม
TLB002,สามชั้น ท่อน 2,128,มม17,มม
TLB002,สามชั้น ท่อน 2,129,มม17,มม
TLB002,สามชั้น ท่อน 2,130,มด15,มด
TLB002,สองชั้น ท่อน 1,131,ดด01,ดด
TLB002,สองชั้น ท่อน 1,132,ดด01,ดด
TLB002,สองชั้น ท่อน 1,133,ดม03,ดม
TLB002,สองชั้น ท่อน 1,134,มม17,มม
TLB002,สองชั้น ท่อน 1,135,ดด01,ดด
TLB002,สองชั้น ท่อน 1,136,ดด01,ดด
TLB002,สองชั้น ท่อน 1,137,ดม03,ดม
TLB002,สองชั้น ท่อน 1,138,มม17,มม
TLB002,สองชั้น ท่อน 1,139,มม17,มม
TLB002,สองชั้น ท่อน 1,140,มม17,มม
TLB002,สองชั้น ท่อน 1,141,มม17,มม
TLB002,สองชั้น ท่อน 1,142,ดด01,ดด
TLB002,สองชั้น ท่อน 1,143,ดด01,ดด
TLB002,สองชั้น ท่อน 1,144,มม17,มม
TLB002,สองชั้น ท่อน 2,145,มม17,มม
TLB002,สองชั้น ท่อน 2,146,มม17,มม
TLB002,สองชั้น ท่อน 2,147,มม17,มม
TLB002,สองชั้น ท่อน 2,148,มด15,มด
TLB002,สองชั้น ท่อน 2,149,มม17,มม
TLB002,สองชั้น ท่อน 2,150,มม17,มม
TLB002,สองชั้น ท่อน 2,151,มม17,มม
TLB002,สองชั้น ท่อน 2,152,มม17,มม
TLB002,สองชั้น ท่อน 2,153,มม17,มม
TLB002,สองชั้น ท่อน 2,154,มม17,มม
TLB002,สองชั้น ท่อน 2,155,มม17,มม
TLB002,สองชั้น ท่อน 2,156,มม17,มม
TLB002,สองชั้น ท่อน 2,157,มม17,มม
TLB002,สองชั้น ท่อน 2,158,มม17,มม
TLB002,สองชั้น ท่อน 2,159,มม17,มม
TLB002,สองชั้น ท่อน 2,160,มด15,มด
TLB002,ชั้นเดียว ท่อน 1,161,ดม03,ดม
TLB002,ชั้นเดียว ท่อน 1,162,มด15,มด
TLB002,ชั้นเดียว ท่อน 1,163,ดม03,ดม
TLB002,ชั้นเดียว ท่อน 1,164,มด15,มด
TLB002,ชั้นเดียว ท่อน 1,165,มม17,มม
TLB002,ชั้นเดียว ท่อน 1,166,ดด01,ดด
TLB002,ชั้นเดียว ท่อน 1,167,มร16,มร
TLB002,ชั้นเดียว ท่อน 2,168,มม17,มม
TLB002,ชั้นเดียว ท่อน 2,169,มม17,มม
TLB002,ชั้นเดียว ท่อน 2,170,มม17,มม
TLB002,ชั้นเดียว ท่อน 2,171,มด15,มด
TLB002,ชั้นเดียว ท่อน 2,172,มม17,มม
TLB002,ชั้นเดียว ท่อน 2,173,มม17,มม
TLB002,ชั้นเดียว ท่อน 2,174,มม17,มม
TLB002,ชั้นเดียว ท่อน 2,175,มม17,มม
TLB002,ลูกหมด,176,ดร02,ดร
TLB002,ลูกหมด,177,รร09,รร
TLB002,ลูกหมด,178,ลร37,ลร
BGB001,สามชั้น ท่อน 1,1,ทซ47,ทซ
BGB001,สามชั้น ท่อน 1,2,ซซ33,ซซ
BGB001,สามชั้น ท่อน 1,3,ซซ33,ซซ
BGB001,สามชั้น ท่อน 1,4,ซซ33,ซซ
BGB001,สามชั้น ท่อน 1,5,ซซ33,ซซ
BGB001,สามชั้น ท่อน 1,6,ซซ33,ซซ
BGB001,สามชั้น ท่อน 1,7,ทร44,ทร
BGB001,สามชั้น ท่อน 1,8,ทร44,ทร
BGB001,สามชั้น ท่อน 1,9,รซ12,รซ
BGB001,สามชั้น ท่อน 1,10,ฟร23,ฟร
BGB001,สามชั้น ท่อน 1,11,รซ12,รซ
BGB001,สามชั้น ท่อน 1,12,ซร30,ซร
BGB001,สามชั้น ท่อน 1,13,มซ19,มซ
BGB001,สามชั้น ท่อน 1,14,ซร30,ซร
BGB001,สามชั้น ท่อน 1,15,มซ19,มซ
BGB001,สามชั้น ท่อน 1,16,ซร30,ซร
BGB001,สามชั้น ท่อน 1,17,มซ19,มซ
BGB001,สามชั้น ท่อน 1,18,ซร30,ซร
BGB001,สามชั้น ท่อน 1,19,มซ19,มซ
BGB001,สามชั้น ท่อน 1,20,ซร30,ซร
BGB001,สามชั้น ท่อน 1,21,ซร30,ซร
BGB001,สามชั้น ท่อน 1,22,ซร30,ซร
BGB001,สามชั้น ท่อน 1,23,รร09,รร
BGB001,สามชั้น ท่อน 1,24,รร09,รร
BGB001,สามชั้น ท่อน 1,25,รร09,รร
BGB001,สามชั้น ท่อน 1,26,รร09,รร
BGB001,สามชั้น ท่อน 1,27,ทซ47,ทซ
BGB001,สามชั้น ท่อน 1,28,ซซ33,ซซ
BGB001,สามชั้น ท่อน 1,29,ซซ33,ซซ
BGB001,สามชั้น ท่อน 1,30,ซซ33,ซซ
BGB001,สามชั้น ท่อน 1,31,ซซ33,ซซ
BGB001,สามชั้น ท่อน 1,32,ซซ33,ซซ
BGB001,สามชั้น ท่อน 1,33,ทร44,ทร
BGB001,สามชั้น ท่อน 1,34,ทร44,ทร
BGB001,สามชั้น ท่อน 1,35,รซ12,รซ
BGB001,สามชั้น ท่อน 1,36,ฟร23,ฟร
BGB001,สามชั้น ท่อน 1,37,รซ12,รซ
BGB001,สามชั้น ท่อน 1,38,ซร30,ซร
BGB001,สามชั้น ท่อน 1,39,รร09,รร
BGB001,สามชั้น ท่อน 1,40,รร09,รร
BGB001,สามชั้น ท่อน 1,41,ทร44,ทร
BGB001,สามชั้น ท่อน 1,42,ซร30,ซร
BGB001,สามชั้น ท่อน 1,43,รร09,รร
BGB001,สามชั้น ท่อน 1,44,รร09,รร
BGB001,สามชั้น ท่อน 1,45,ทร44,ทร
BGB001,สามชั้น ท่อน 1,46,ซร30,ซร
BGB001,สามชั้น ท่อน 1,47,ซร30,ซร
BGB001,สามชั้น ท่อน 1,48,รร09,รร
BGB001,สามชั้น ท่อน 1,49,รร09,รร
BGB001,สามชั้น ท่อน 1,50,รร09,รร
BGB001,สามชั้น ท่อน 1,51,รร09,รร
BGB001,สามชั้น ท่อน 2,52,รซ12,รซ
BGB001,สามชั้น ท่อน 2,53,ซท35,ซท
BGB001,สามชั้น ท่อน 2,54,ทซ47,ทซ
BGB001,สามชั้น ท่อน 2,55,ลม38,ลม
BGB001,สามชั้น ท่อน 2,56,รซ12,รซ
BGB001,สามชั้น ท่อน 2,57,ซท35,ซท
BGB001,สามชั้น ท่อน 2,58,มท21,มท
BGB001,สามชั้น ท่อน 2,59,ซท35,ซท
BGB001,สามชั้น ท่อน 2,60,รท14,รท
BGB001,สามชั้น ท่อน 2,61,ดม03,ดม
BGB001,สามชั้น ท่อน 2,62,ทซ47,ทซ
BGB001,สามชั้น ท่อน 2,63,ทซ47,ทซ
BGB001,สามชั้น ท่อน 2,64,ซซ33,ซซ
BGB001,สามชั้น ท่อน 2,65,ซซ33,ซซ
BGB001,สามชั้น ท่อน 2,66,ซร30,ซร
BGB001,สามชั้น ท่อน 2,67,ดม03,ดม
BGB001,สามชั้น ท่อน 2,68,ทซ47,ทซ
BGB001,สามชั้น ท่อน 2,69,ทซ47,ทซ
BGB001,สามชั้น ท่อน 2,70,ซซ33,ซซ
BGB001,สามชั้น ท่อน 2,71,ซซ33,ซซ
BGB001,สามชั้น ท่อน 2,72,ซซ33,ซซ
BGB001,สามชั้น ท่อน 2,73,ซซ33,ซซ
BGB001,สามชั้น ท่อน 2,74,รซ12,รซ
BGB001,สามชั้น ท่อน 2,75,ซท35,ซท
BGB001,สามชั้น ท่อน 2,76,ทซ47,ทซ
BGB001,สามชั้น ท่อน 2,77,ลม38,ลม
BGB001,สามชั้น ท่อน 2,78,รซ12,รซ
BGB001,สามชั้น ท่อน 2,79,ซท35,ซท
BGB001,สามชั้น ท่อน 2,80,มท21,มท
BGB001,สามชั้น ท่อน 2,81,ซท35,ซท
BGB001,สามชั้น ท่อน 2,82,รท14,รท
BGB001,สามชั้น ท่อน 2,83,ทท49,ทท
BGB001,สามชั้น ท่อน 2,84,ทท49,ทท
BGB001,สามชั้น ท่อน 2,85,ทท49,ทท
BGB001,สามชั้น ท่อน 2,86,รท14,รท
BGB001,สามชั้น ท่อน 2,87,รท14,รท
BGB001,สามชั้น ท่อน 2,88,รท14,รท
BGB001,สามชั้น ท่อน 2,89,รท14,รท
BGB001,สามชั้น ท่อน 2,90,ทท49,ทท
BGB001,สามชั้น ท่อน 2,91,ทท49,ทท
BGB001,สามชั้น ท่อน 2,92,ทท49,ทท
BGB001,สามชั้น ท่อน 2,93,รท14,รท
BGB001,สามชั้น ท่อน 2,94,รท14,รท
BGB001,สามชั้น ท่อน 2,95,รท14,รท
BGB001,สามชั้น ท่อน 2,96,รท14,รท
BGB001,สามชั้น ท่อน 2,97,ทท49,ทท
BGB001,สามชั้น ท่อน 2,98,ทท49,ทท
BGB001,สามชั้น ท่อน 2,99,ทท49,ทท
BGB001,สามชั้น ท่อน 2,100,ทซ47,ทซ
BGB001,สองชั้น ท่อน 1,101,ซร30,ซร
BGB001,สองชั้น ท่อน 1,102,ซร30,ซร
BGB001,สองชั้น ท่อน 1,103,มร16,มร
BGB001,สองชั้น ท่อน 1,104,รร09,รร
BGB001,สองชั้น ท่อน 1,105,ซร30,ซร
BGB001,สองชั้น ท่อน 1,106,มร16,มร
BGB001,สองชั้น ท่อน 2,107,รซ12,รซ
BGB001,สองชั้น ท่อน 2,108,ทซ47,ทซ
BGB001,สองชั้น ท่อน 2,109,มซ19,มซ
BGB001,สองชั้น ท่อน 2,110,ทซ47,ทซ
BGB001,สองชั้น ท่อน 2,111,ซซ33,ซซ
BGB001,สองชั้น ท่อน 2,112,ทซ47,ทซ
BGB001,สองชั้น ท่อน 2,113,มซ19,มซ
BGB001,สองชั้น ท่อน 2,114,ทซ47,ทซ
BGB001,ชั้นเดียว ท่อน 1,115,รร09,รร
BGB001,ชั้นเดียว ท่อน 1,116,รร09,รร
BGB001,ชั้นเดียว ท่อน 1,117,รร09,รร
BGB001,ชั้นเดียว ท่อน 2,118,ซซ33,ซซ
BGB001,ชั้นเดียว ท่อน 2,119,ซซ33,ซซ
BGB001,ชั้นเดียว ท่อน 2,120,ซซ33,ซซ
BGB001,ชั้นเดียว ท่อน 2,121,ซซ33,ซซ
BGB001,ลูกหมด,122,รร09,รร
BGB001,ลูกหมด,123,รร09,รร
BLN001,ทำนองรับร้อง,1,รล13,รล
BLN001,ทำนองรับร้อง,2,ซฟ32,ซฟ
BLN001,สามชั้น ท่อน 1,3,ฟฟ25,ฟฟ
BLN001,สามชั้น ท่อน 1,4,ซร30,ซร
BLN001,สามชั้น ท่อน 1,5,ซร30,ซร
BLN001,สามชั้น ท่อน 1,6,ทร44,ทร
BLN001,สามชั้น ท่อน 1,7,ลร37,ลร
BLN001,สามชั้น ท่อน 1,8,รล13,รล
BLN001,สามชั้น ท่อน 1,9,ลล41,ลล
BLN001,สามชั้น ท่อน 1,10,ฟล27,ฟล
BLN001,สามชั้น ท่อน 1,11,รล13,รล
BLN001,สามชั้น ท่อน 1,12,ฟล27,ฟล
BLN001,สามชั้น ท่อน 1,13,รล13,รล
BLN001,สามชั้น ท่อน 1,14,ซฟ32,ซฟ
BLN001,สามชั้น ท่อน 1,15,ฟฟ25,ฟฟ
BLN001,สามชั้น ท่อน 1,16,ซร30,ซร
BLN001,สามชั้น ท่อน 1,17,ซร30,ซร
BLN001,สามชั้น ท่อน 1,18,ทร44,ทร
BLN001,สามชั้น ท่อน 1,19,ลร37,ลร
BLN001,สามชั้น ท่อน 1,20,รล13,รล
BLN001,สามชั้น ท่อน 1,21,ลล41,ลล
BLN001,สามชั้น ท่อน 1,22,ฟล27,ฟล
BLN001,สามชั้น ท่อน 1,23,รล13,รล
BLN001,สามชั้น ท่อน 1,24,ฟล27,ฟล
BLN001,สามชั้น ท่อน 1,25,รล13,รล
BLN001,สามชั้น ท่อน 1,26,ซฟ32,ซฟ
BLN001,สามชั้น ท่อน 1,27,ฟร23,ฟร
BLN001,สามชั้น ท่อน 1,28,รฟ11,รฟ
BLN001,สามชั้น ท่อน 1,29,ฟร23,ฟร
BLN001,สามชั้น ท่อน 1,30,รฟ11,รฟ
BLN001,สามชั้น ท่อน 1,31,ลร37,ลร
BLN001,สามชั้น ท่อน 1,32,ลร37,ลร
BLN001,สามชั้น ท่อน 1,33,รร09,รร
BLN001,สามชั้น ท่อน 1,34,ทร44,ทร
BLN001,สามชั้น ท่อน 1,35,ลร37,ลร
BLN001,สามชั้น ท่อน 1,36,รล13,รล
BLN001,สามชั้น ท่อน 1,37,ฟล27,ฟล
BLN001,สามชั้น ท่อน 1,38,ฟล27,ฟล
BLN001,สามชั้น ท่อน 1,39,ฟล27,ฟล
BLN001,สามชั้น ท่อน 1,40,รล13,รล
BLN001,สามชั้น ท่อน 1,41,ลล41,ลล
BLN001,สามชั้น ท่อน 1,42,ลล41,ลล
BLN001,สามชั้น ท่อน 1,43,รล13,รล
BLN001,สามชั้น ท่อน 1,44,ลฟ39,ลฟ
BLN001,สามชั้น ท่อน 1,45,ฟร23,ฟร
BLN001,สามชั้น ท่อน 1,46,รฟ11,รฟ
BLN001,สามชั้น ท่อน 1,47,ฟร23,ฟร
BLN001,สามชั้น ท่อน 1,48,รฟ11,รฟ
BLN001,สามชั้น ท่อน 1,49,ลร37,ลร
BLN001,สามชั้น ท่อน 1,50,ลร37,ลร
BLN001,สามชั้น ท่อน 1,51,รร09,รร
BLN001,สามชั้น ท่อน 1,52,ซร30,ซร
BLN001,สามชั้น ท่อน 1,53,ลร37,ลร
BLN001,สามชั้น ท่อน 1,54,รล13,รล
BLN001,สามชั้น ท่อน 1,55,ฟล27,ฟล
BLN001,สามชั้น ท่อน 1,56,ฟล27,ฟล
BLN001,สามชั้น ท่อน 1,57,ฟล27,ฟล
BLN001,สามชั้น ท่อน 1,58,รล13,รล
BLN001,สามชั้น ท่อน 1,59,ลล41,ลล
BLN001,สามชั้น ท่อน 1,60,ลล41,ลล
BLN001,สามชั้น ท่อน 1,61,รล13,รล
BLN001,สามชั้น ท่อน 1,62,ลฟ39,ลฟ
BLN001,สามชั้น ทำนองเท่าส่งร้อง,63,รฟ11,รฟ
BLN001,สามชั้น ทำนองเท่าส่งร้อง,64,รฟ11,รฟ
BLN001,สามชั้น ทำนองเท่าส่งร้อง,65,รฟ11,รฟ
BLN001,สามชั้น ทำนองเท่าส่งร้อง,66,รฟ11,รฟ
BLN001,สามชั้น ท่อน 2,67,ลฟ39,ลฟ
BLN001,สามชั้น ท่อน 2,68,รล13,รล
BLN001,สามชั้น ท่อน 2,69,ฟล27,ฟล
BLN001,สามชั้น ท่อน 2,70,ดซ05,ดซ
BLN001,สามชั้น ท่อน 2,71,ซร30,ซร
BLN001,สามชั้น ท่อน 2,72,รซ12,รซ
BLN001,สามชั้น ท่อน 2,73,ซร30,ซร
BLN001,สามชั้น ท่อน 2,74,ลฟ39,ลฟ
BLN001,สามชั้น ท่อน 2,75,ลฟ39,ลฟ
BLN001,สามชั้น ท่อน 2,76,รล13,รล
BLN001,สามชั้น ท่อน 2,77,ฟล27,ฟล
BLN001,สามชั้น ท่อน 2,78,ดซ05,ดซ
BLN001,สามชั้น ท่อน 2,79,ซร30,ซร
BLN001,สามชั้น ท่อน 2,80,รซ12,รซ
BLN001,สามชั้น ท่อน 2,81,ซร30,ซร
BLN001,สามชั้น ท่อน 2,82,ลฟ39,ลฟ
BLN001,สามชั้น ท่อน 2,83,ลฟ39,ลฟ
BLN001,สามชั้น ท่อน 2,84,รล13,รล
BLN001,สามชั้น ท่อน 2,85,ฟล27,ฟล
BLN001,สามชั้น ท่อน 2,86,ลซ40,ลซ
BLN001,สามชั้น ท่อน 2,87,รด08,รด
BLN001,สามชั้น ท่อน 2,88,ลซ40,ลซ
BLN001,สามชั้น ท่อน 2,89,ซร30,ซร
BLN001,สามชั้น ท่อน 2,90,ลฟ39,ลฟ
BLN001,สองชั้น ท่อน 1,91,ฟร23,ฟร
BLN001,สองชั้น ท่อน 1,92,รร09,รร
BLN001,สองชั้น ท่อน 1,93,รล13,รล
BLN001,สองชั้น ท่อน 1,94,ลล41,ลล
BLN001,สองชั้น ท่อน 1,95,ลล41,ลล
BLN001,สองชั้น ท่อน 1,96,ลฟ39,ลฟ
BLN001,สองชั้น ท่อน 1,97,รฟ11,รฟ
BLN001,สองชั้น ท่อน 1,98,รฟ11,รฟ
BLN001,สองชั้น ท่อน 1,99,ฟร23,ฟร
BLN001,สองชั้น ท่อน 1,100,รร09,รร
BLN001,สองชั้น ท่อน 1,101,รล13,รล
BLN001,สองชั้น ท่อน 1,102,ลล41,ลล
BLN001,สองชั้น ท่อน 1,103,ลล41,ลล
BLN001,สองชั้น ท่อน 1,104,ลล41,ลล
BLN001,สองชั้น ท่อน 1,105,ลฟ39,ลฟ
BLN001,สองชั้น ทำนองเท่าส่งร้อง,106,ฟฟ25,ฟฟ
BLN001,สองชั้น ทำนองเท่าส่งร้อง,107,ฟฟ25,ฟฟ
BLN001,สองชั้น ท่อน 2,108,ฟล27,ฟล
BLN001,สองชั้น ท่อน 2,109,ลซ40,ลซ
BLN001,สองชั้น ท่อน 2,110,รซ12,รซ
BLN001,สองชั้น ท่อน 2,111,รฟ11,รฟ
BLN001,สองชั้น ท่อน 2,112,ฟล27,ฟล
BLN001,สองชั้น ท่อน 2,113,ลซ40,ลซ
BLN001,สองชั้น ท่อน 2,114,ดซ05,ดซ
BLN001,สองชั้น ท่อน 2,115,รฟ11,รฟ
BLN001,ชั้นเดียว ท่อน 1,116,รร09,รร
BLN001,ชั้นเดียว ท่อน 1,117,ลล41,ลล
BLN001,ชั้นเดียว ท่อน 1,118,ลฟ39,ลฟ
BLN001,ชั้นเดียว ท่อน 1,119,ฟฟ25,ฟฟ
BLN001,ชั้นเดียว ท่อน 1,120,รร09,รร
BLN001,ชั้นเดียว ท่อน 1,121,ลล41,ลล
BLN001,ชั้นเดียว ท่อน 1,122,ลล41,ลล
BLN001,ชั้นเดียว ทำนองเท่าส่งร้อง,123,ฟฟ25,ฟฟ
BLN001,ชั้นเดียว ท่อน 2,124,ลซ40,ลซ
BLN001,ชั้นเดียว ท่อน 2,125,ซฟ32,ซฟ
BLN001,ชั้นเดียว ท่อน 2,126,ลซ40,ลซ
BLN001,ชั้นเดียว ท่อน 2,127,ซฟ32,ซฟ
BLN001,ลูกหมด,128,ลร37,ลร
BLN001,ลูกหมด,129,ซร30,ซร
BLN001,ลูกหมด,130,รร09,รร
BLN001,ลูกหมด,131,ซร30,ซร
BLN001,ลูกหมด,132,รร09,รร
BLN001,ลูกหมด,133,ซร30,ซร
BLN001,ลูกหมด,134,รร09,รร
BLN001,ลูกหมด,135,ซร30,ซร
BLN001,ลูกหมด,136,รร09,รร
BLN001,ลูกหมด,137,ซร30,ซร
BLN001,ลูกหมด,138,รร09,รร
BLN001,ลูกหมด,139,ซร30,ซร
BLN001,ลูกหมด,140,รร09,รร
PMH001,สามชั้น เที่ยวแรก,1,ดม03,ดม
PMH001,สามชั้น เที่ยวแรก,2,รล13,รล
PMH001,สามชั้น เที่ยวแรก,3,มด15,มด
PMH001,สามชั้น เที่ยวแรก,4,รด08,รด
PMH001,สามชั้น เที่ยวแรก,5,ลม38,ลม
PMH001,สามชั้น เที่ยวแรก,6,มล20,มล
PMH001,สามชั้น เที่ยวแรก,7,รล13,รล
PMH001,สามชั้น เที่ยวแรก,8,ดม03,ดม
PMH001,สามชั้น เที่ยวแรก,9,มม17,มม
PMH001,สามชั้น เที่ยวแรก,10,รล13,รล
PMH001,สามชั้น เที่ยวแรก,11,ซด29,ซด
PMH001,สามชั้น เที่ยวแรก,12,รซ12,รซ
PMH001,สามชั้น เที่ยวแรก,13,ดม03,ดม
PMH001,สามชั้น เที่ยวแรก,14,รล13,รล
PMH001,สามชั้น เที่ยวแรก,15,มด15,มด
PMH001,สามชั้น เที่ยวแรก,16,รด08,รด
PMH001,สามชั้น เที่ยวแรก,17,ดม03,ดม
PMH001,สามชั้น เที่ยวแรก,18,รล13,รล
PMH001,สามชั้น เที่ยวแรก,19,ซด29,ซด
PMH001,สามชั้น เที่ยวแรก,20,ดม03,ดม
PMH001,สามชั้น เที่ยวแรก,21,มม17,มม
PMH001,สามชั้น เที่ยวแรก,22,มล20,มล
PMH001,สามชั้น เที่ยวแรก,23,ทด43,ทด
PMH001,สามชั้น เที่ยวแรก,24,รด08,รด
PMH001,สามชั้น ทางเปลี่ยน,25,ดม03,ดม
PMH001,สามชั้น ทางเปลี่ยน,26,รล13,รล
PMH001,สามชั้น ทางเปลี่ยน,27,มด15,มด
PMH001,สามชั้น ทางเปลี่ยน,28,รด08,รด
PMH001,สามชั้น ทางเปลี่ยน,29,ลม38,ลม
PMH001,สามชั้น ทางเปลี่ยน,30,มล20,มล
PMH001,สามชั้น ทางเปลี่ยน,31,รล13,รล
PMH001,สามชั้น ทางเปลี่ยน,32,ดม03,ดม
PMH001,สามชั้น ทางเปลี่ยน,33,มม17,มม
PMH001,สามชั้น ทางเปลี่ยน,34,ดล06,ดล
PMH001,สามชั้น ทางเปลี่ยน,35,ลด36,ลด
PMH001,สามชั้น ทางเปลี่ยน,36,รด08,รด
PMH001,สามชั้น ทางเปลี่ยน,37,ดม03,ดม
PMH001,สามชั้น ทางเปลี่ยน,38,มล20,มล
PMH001,สามชั้น ทางเปลี่ยน,39,ลด36,ลด
PMH001,สามชั้น ทางเปลี่ยน,40,รด08,รด
PMH001,สามชั้น ทางเปลี่ยน,41,ลร37,ลร
PMH001,สามชั้น ทางเปลี่ยน,42,รล13,รล
PMH001,สามชั้น ทางเปลี่ยน,43,ลด36,ลด
PMH001,สามชั้น ทางเปลี่ยน,44,รม10,รม
PMH001,สามชั้น ทางเปลี่ยน,45,มม17,มม
PMH001,สามชั้น ทางเปลี่ยน,46,มล20,มล
PMH001,สามชั้น ทางเปลี่ยน,47,ซด29,ซด
PMH001,สามชั้น ทางเปลี่ยน,48,รด08,รด
PMH001,สองชั้น เที่ยวแรก,49,มล20,มล
PMH001,สองชั้น เที่ยวแรก,50,ดด01,ดด
PMH001,สองชั้น เที่ยวแรก,51,มล20,มล
PMH001,สองชั้น เที่ยวแรก,52,ดม03,ดม
PMH001,สองชั้น เที่ยวแรก,53,มล20,มล
PMH001,สองชั้น เที่ยวแรก,54,ดด01,ดด
PMH001,สองชั้น ทางเปลี่ยน,55,ซล34,ซล
PMH001,สองชั้น ทางเปลี่ยน,56,ซด29,ซด
PMH001,สองชั้น ทางเปลี่ยน,57,มล20,มล
PMH001,สองชั้น ทางเปลี่ยน,58,ลม38,ลม
PMH001,สองชั้น ทางเปลี่ยน,59,มล20,มล
PMH001,สองชั้น ทางเปลี่ยน,60,มด15,มด
PMH001,ชั้นเดียว เที่ยวแรก,61,ลด36,ลด
PMH001,ชั้นเดียว เที่ยวแรก,62,ลม38,ลม
PMH001,ชั้นเดียว เที่ยวแรก,63,ลด36,ลด
PMH001,ชั้นเดียว ทางเปลี่ยน,64,ลด36,ลด
PMH001,ชั้นเดียว ทางเปลี่ยน,65,ลม38,ลม
PMH001,ชั้นเดียว ทางเปลี่ยน,66,ลด36,ลด
PMH001,ลูกหมด,67,ดร02,ดร
PMH001,ลูกหมด,68,รร09,รร
PMH001,ลูกหมด,69,ลร37,ลร
PHT006,ท่อน 1,1,รร09,รร
PHT006,ท่อน 1,2,ทม45,ทม
PHT006,ท่อน 1,3,ดม03,ดม
PHT006,ท่อน 1,4,มด15,มด
PHT006,ท่อน 1,5,ลด36,ลด
PHT006,ท่อน 1,6,ดม03,ดม
PHT006,ท่อน 1,7,ลม38,ลม
PHT006,ท่อน 1,8,มด15,มด
PHT006,ท่อน 1,9,ลด36,ลด
PHT006,ท่อน 1,10,ดม03,ดม
PHT006,ท่อน 1,11,มซ19,มซ
PHT006,ท่อน 1,12,ซด29,ซด
PHT006,ท่อน 1,13,ดม03,ดม
PHT006,ท่อน 1,14,มด15,มด
PHT006,ท่อน 1,15,มล20,มล
PHT006,ท่อน 1,16,ลม38,ลม
PHT006,ท่อน 1,17,มม17,มม
PHT006,ท่อน 1,18,มม17,มม
PHT006,ท่อน 1,19,มซ19,มซ
PHT006,ท่อน 1,20,ดด01,ดด
PHT006,ท่อน 1,21,ดม03,ดม
PHT006,ท่อน 1,22,ดม03,ดม
PHT006,ท่อน 1,23,มด15,มด
PHT006,ท่อน 1,24,มด15,มด
PHT006,ท่อน 1,25,ดม03,ดม
PHT006,ท่อน 1,26,ดม03,ดม
PHT006,ท่อน 1,27,มด15,มด
PHT006,ท่อน 1,28,มด15,มด
PHT006,ท่อน 1,29,รล13,รล
PHT006,ท่อน 1,30,ลซ40,ลซ
PHT006,ท่อน 1,31,ลม38,ลม
PHT006,ท่อน 1,32,มด15,มด
PHT006,ท่อน 1,33,มซ19,มซ
PHT006,ท่อน 1,34,ลด36,ลด
PHT006,ท่อน 1,35,รล13,รล
PHT006,ท่อน 1,36,ลซ40,ลซ
PHT006,ท่อน 1,37,ลม38,ลม
PHT006,ท่อน 1,38,มด15,มด
PHT006,ท่อน 1,39,มซ19,มซ
PHT006,ท่อน 1,40,ลด36,ลด
PHT006,ท่อน 1,41,ลซ40,ลซ
PHT006,ท่อน 1,42,มด15,มด
PHT006,ท่อน 1,43,ซด29,ซด
PHT006,ท่อน 1,44,ลซ40,ลซ
PHT006,ท่อน 1,45,มด15,มด
PHT006,ท่อน 1,46,ซด29,ซด
PHT006,ท่อน 1,47,ซด29,ซด
PHT006,ท่อน 1,48,ซด29,ซด
PHT006,ท่อน 1,49,ซด29,ซด
PHT006,ท่อน 1,50,ซด29,ซด
PHT006,ท่อน 1,51,ซด29,ซด
PHT006,ท่อน 1,52,ซด29,ซด
PHT006,ท่อน 1,53,ซม31,ซม
PHT006,ท่อน 1,54,รด08,รด
PHT006,ท่อน 1,55,ลด36,ลด
PHT006,ท่อน 1,56,ลด36,ลด
PHT006,ท่อน 1,57,มม17,มม
PHT006,ท่อน 1,58,รด08,รด
PHT006,ท่อน 1,59,ลด36,ลด
PHT006,ท่อน 1,60,ลด36,ลด
PHT006,ท่อน 1,61,ทร44,ทร
PHT006,ท่อน 1,62,รม10,รม
PHT006,ท่อน 1,63,ซม31,ซม
PHT006,ท่อน 1,64,มด15,มด
PHT006,ท่อน 1,65,ลร37,ลร
PHT006,ท่อน 1,66,รม10,รม
PHT006,ท่อน 1,67,ซม31,ซม
PHT006,ท่อน 1,68,มด15,มด
PHT006,ท่อน 1,69,ลร37,ลร
PHT006,ท่อน 1,70,ลล41,ลล
PHT006,ท่อน 1,71,ลล41,ลล
PHT006,ท่อน 1,72,มด15,มด
PHT006,ท่อน 1,73,ลร37,ลร
PHT006,ท่อน 1,74,ลล41,ลล
PHT006,ท่อน 1,75,ลล41,ลล
PHT006,ท่อน 1,76,มด15,มด
PHT006,ท่อน 1,77,ลร37,ลร
PHT006,ท่อน 1,78,รม10,รม
PHT006,ท่อน 1,79,มด15,มด
PHT006,ท่อน 1,80,รด08,รด
PHT006,ท่อน 1,81,ซด29,ซด
PHT006,ท่อน 1,82,รด08,รด
PHT006,ท่อน 1,83,ดด01,ดด
PHT006,ท่อน 1,84,รด08,รด
PHT006,ท่อน 1,85,มม17,มม
PHT006,ท่อน 1,86,รร09,รร
PHT006,ท่อน 1,87,รล13,รล
PHT006,ท่อน 1,88,ลร37,ลร
PHT006,ท่อน 1,89,มซ19,มซ
PHT006,ท่อน 1,90,ทร44,ทร
PHT006,ท่อน 1,91,ซร30,ซร
PHT006,ท่อน 1,92,ทร44,ทร
PHT006,ท่อน 1,93,ซฟ32,ซฟ
PHT006,ท่อน 1,94,รร09,รร
PHT006,ท่อน 1,95,รร09,รร
PHT006,ท่อน 1,96,รร09,รร
PHT006,ท่อน 1,97,รร09,รร
PHT006,ท่อน 1,98,รร09,รร
PHT006,ท่อน 1,99,รร09,รร
PHT006,ท่อน 1,100,รร09,รร
PHT006,ท่อน 1,101,ซร30,ซร
PHT006,ท่อน 1,102,ฟร23,ฟร
PHT006,ท่อน 1,103,ซร30,ซร
PHT006,ท่อน 1,104,ฟร23,ฟร
PHT006,ท่อน 1,105,ลร37,ลร
PHT006,ท่อน 1,106,ลร37,ลร
PHT006,ท่อน 1,107,ดร02,ดร
PHT006,ท่อน 1,108,ดร02,ดร
PHT006,ท่อน 1,109,ซร30,ซร
PHT006,ท่อน 1,110,ซร30,ซร
PHT006,ท่อน 1,111,ดร02,ดร
PHT006,ท่อน 1,112,ดร02,ดร
PHT006,ท่อน 1,113,รร09,รร
PHT006,ท่อน 1,114,รม10,รม
PHT006,ท่อน 1,115,มร16,มร
PHT006,ท่อน 1,116,รม10,รม
PHT006,ท่อน 1,117,มร16,มร
PHT006,ท่อน 1,118,มร16,มร
PHT006,ท่อน 1,119,มร16,มร
PHT006,ท่อน 1,120,รร09,รร
PHT006,ท่อน 1,121,รล13,รล
PHT006,ท่อน 1,122,มด15,มด
PHT006,ท่อน 1,123,ทซ47,ทซ
PHT006,ท่อน 1,124,ซด29,ซด
PHT006,ท่อน 1,125,ทซ47,ทซ
PHT006,ท่อน 1,126,ซด29,ซด
PHT006,ท่อน 1,127,มด15,มด
PHT006,ท่อน 1,128,มด15,มด
PHT006,ท่อน 1,129,ดด01,ดด
PHT006,ท่อน 1,130,ดล06,ดล
PHT006,ท่อน 1,131,ทซ47,ทซ
PHT006,ท่อน 1,132,ซด29,ซด
PHT006,ท่อน 1,133,ทซ47,ทซ
PHT006,ท่อน 1,134,ซด29,ซด
PHT006,ท่อน 1,135,ดด01,ดด
PHT006,ท่อน 1,136,ดล06,ดล
PHT006,ท่อน 1,137,ลม38,ลม
PHT006,ท่อน 1,138,ดม03,ดม
PHT006,ท่อน 1,139,ลด36,ลด
PHT006,ท่อน 1,140,ดม03,ดม
PHT006,ท่อน 1,141,ดล06,ดล
PHT006,ท่อน 1,142,ซม31,ซม
PHT006,ท่อน 1,143,ลด36,ลด
PHT006,ท่อน 1,144,รม10,รม
PHT006,ท่อน 1,145,มม17,มม
PHT006,ท่อน 1,146,ดม03,ดม
PHT006,ท่อน 1,147,มด15,มด
PHT006,ท่อน 1,148,ดด01,ดด
PHT006,ท่อน 1,149,รด08,รด
PHT006,ท่อน 2,150,รล13,รล
PHT006,ท่อน 2,151,ลม38,ลม
PHT006,ท่อน 2,152,มด15,มด
PHT006,ท่อน 2,153,ดม03,ดม
PHT006,ท่อน 2,154,มซ19,มซ
PHT006,ท่อน 2,155,ลร37,ลร
PHT006,ท่อน 2,156,ดม03,ดม
PHT006,ท่อน 2,157,มด15,มด
PHT006,ท่อน 2,158,ทล48,ทล
PHT006,ท่อน 2,159,ซม31,ซม
PHT006,ท่อน 2,160,มด15,มด
PHT006,ท่อน 2,161,ดม03,ดม
PHT006,ท่อน 2,162,มล20,มล
PHT006,ท่อน 2,163,ลร37,ลร
PHT006,ท่อน 2,164,ดม03,ดม
PHT006,ท่อน 2,165,มด15,มด
PHT006,ท่อน 3,166,มด15,มด
PHT006,ท่อน 3,167,ดล06,ดล
PHT006,ท่อน 3,168,ลฟ39,ลฟ
PHT006,ท่อน 3,169,ฟร23,ฟร
PHT006,ท่อน 3,170,มร16,มร
PHT006,ท่อน 3,171,ดล06,ดล
PHT006,ท่อน 3,172,ดม03,ดม
PHT006,ท่อน 3,173,มด15,มด
PHT006,ท่อน 3,174,มด15,มด
PHT006,ท่อน 3,175,ดล06,ดล
PHT006,ท่อน 3,176,ลฟ39,ลฟ
PHT006,ท่อน 3,177,ฟร23,ฟร
PHT006,ท่อน 3,178,มร16,มร
PHT006,ท่อน 3,179,ดล06,ดล
PHT006,ท่อน 3,180,ดม03,ดม
PHT006,ท่อน 3,181,มด15,มด
PHT006,ท่อน 4,182,มม17,มม
PHT006,ท่อน 4,183,มร16,มร
PHT006,ท่อน 4,184,มด15,มด
PHT006,ท่อน 4,185,ดม03,ดม
PHT006,ท่อน 4,186,มล20,มล
PHT006,ท่อน 4,187,ลร37,ลร
PHT006,ท่อน 4,188,ดม03,ดม
PHT006,ท่อน 4,189,มด15,มด
PHT006,ท่อน 4,190,มม17,มม
PHT006,ท่อน 4,191,มร16,มร
PHT006,ท่อน 4,192,มด15,มด
PHT006,ท่อน 4,193,ดม03,ดม
PHT006,ท่อน 4,194,มล20,มล
PHT006,ท่อน 4,195,ลร37,ลร
PHT006,ท่อน 4,196,ดม03,ดม
PHT006,ท่อน 4,197,มด15,มด
PHT006,ท่อน 5,198,มล20,มล
PHT006,ท่อน 5,199,ซร30,ซร
PHT006,ท่อน 5,200,ซร30,ซร
PHT006,ท่อน 5,201,ซร30,ซร
PHT006,ท่อน 5,202,ซล34,ซล
PHT006,ท่อน 5,203,ดร02,ดร
PHT006,ท่อน 5,204,ดม03,ดม
PHT006,ท่อน 5,205,มด15,มด
PHT006,ท่อน 5,206,ซล34,ซล
PHT006,ท่อน 5,207,ลร37,ลร
PHT006,ท่อน 5,208,ลซ40,ลซ
PHT006,ท่อน 5,209,มร16,มร
PHT006,ท่อน 5,210,ซร30,ซร
PHT006,ท่อน 5,211,ลร37,ลร
PHT006,ท่อน 5,212,ดม03,ดม
PHT006,ท่อน 5,213,มด15,มด
PHT006,ลูกหมด,214,ลร37,ลร
PHT006,ลูกหมด,215,รร09,รร
PHT006,ลูกหมด,216,ซร30,ซร
PHT006,ลูกหมด,217,รร09,รร
PHT006,ลูกหมด,218,ลร37,ลร
PHT006,ลูกหมด,219,รร09,รร
PHT006,ลูกหมด,220,ลร37,ลร
PHT003,ท่อน 1,1,มด15,มด
PHT003,ท่อน 1,2,ดม03,ดม
PHT003,ท่อน 1,3,มด15,มด
PHT003,ท่อน 1,4,ดม03,ดม
PHT003,ท่อน 1,5,ซด29,ซด
PHT003,ท่อน 1,6,ดม03,ดม
PHT003,ท่อน 1,7,มด15,มด
PHT003,ท่อน 1,8,ลด36,ลด
PHT003,ท่อน 1,9,ดด01,ดด
PHT003,ท่อน 1,10,มม17,มม
PHT003,ท่อน 1,11,ดด01,ดด
PHT003,ท่อน 1,12,มม17,มม
PHT003,ท่อน 1,13,ดด01,ดด
PHT003,ท่อน 1,14,ดด01,ดด
PHT003,ท่อน 1,15,ดด01,ดด
PHT003,ท่อน 1,16,ดด01,ดด
PHT003,ท่อน 1,17,ดด01,ดด
PHT003,ท่อน 1,18,มด15,มด
PHT003,ท่อน 1,19,มด15,มด
PHT003,ท่อน 1,20,มด15,มด
PHT003,ท่อน 1,21,มด15,มด
PHT003,ท่อน 1,22,ดด01,ดด
PHT003,ท่อน 1,23,ดด01,ดด
PHT003,ท่อน 1,24,มด15,มด
PHT003,ท่อน 1,25,มด15,มด
PHT003,ท่อน 1,26,ดม03,ดม
PHT003,ท่อน 1,27,ลม38,ลม
PHT003,ท่อน 1,28,มด15,มด
PHT003,ท่อน 1,29,-,-
PHT003,ท่อน 1,30,ลม38,ลม
PHT003,ท่อน 1,31,ซด29,ซด
PHT003,ท่อน 1,32,ลม38,ลม
PHT003,ท่อน 1,33,ซด29,ซด
PHT003,ท่อน 1,34,มม17,มม
PHT003,ท่อน 1,35,ลท42,ลท
PHT003,ท่อน 1,36,ดม03,ดม
PHT003,ท่อน 1,37,มล20,มล
PHT003,ท่อน 1,38,ทด43,ทด
PHT003,ท่อน 1,39,ลม38,ลม
PHT003,ท่อน 1,40,ซด29,ซด
PHT003,ท่อน 1,41,ลม38,ลม
PHT003,ท่อน 1,42,ซด29,ซด
PHT003,ท่อน 1,43,มม17,มม
PHT003,ท่อน 1,44,ลท42,ลท
PHT003,ท่อน 1,45,ดม03,ดม
PHT003,ท่อน 1,46,มล20,มล
PHT003,ท่อน 1,47,ทด43,ทด
PHT003,ท่อน 1,48,ดด01,ดด
PHT003,ท่อน 1,49,ดด01,ดด
PHT003,ท่อน 1,50,รล13,รล
PHT003,ท่อน 1,51,ลร37,ลร
PHT003,ท่อน 1,52,ซร30,ซร
PHT003,ท่อน 1,53,ทร44,ทร
PHT003,ท่อน 1,54,ซล34,ซล
PHT003,ท่อน 1,55,ลฟ39,ลฟ
PHT003,ท่อน 1,56,รร09,รร
PHT003,ท่อน 1,57,รล13,รล
PHT003,ท่อน 1,58,ลฟ39,ลฟ
PHT003,ท่อน 1,59,รร09,รร
PHT003,ท่อน 1,60,รล13,รล
PHT003,ท่อน 1,61,ลฟ39,ลฟ
PHT003,ท่อน 1,62,รร09,รร
PHT003,ท่อน 1,63,ลฟ39,ลฟ
PHT003,ท่อน 1,64,ฟร23,ฟร
PHT003,ท่อน 1,65,ลฟ39,ลฟ
PHT003,ท่อน 1,66,ฟร23,ฟร
PHT003,ท่อน 1,67,ฟล27,ฟล
PHT003,ท่อน 1,68,ลร37,ลร
PHT003,ท่อน 1,69,ฟล27,ฟล
PHT003,ท่อน 1,70,ลร37,ลร
PHT003,ท่อน 1,71,รร09,รร
PHT003,ท่อน 1,72,รร09,รร
PHT003,ท่อน 1,73,รร09,รร
PHT003,ท่อน 1,74,รร09,รร
PHT003,ท่อน 1,75,ลด36,ลด
PHT003,ท่อน 1,76,ซด29,ซด
PHT003,ท่อน 1,77,ซด29,ซด
PHT003,ท่อน 1,78,ดด01,ดด
PHT003,ท่อน 1,79,ดล06,ดล
PHT003,ท่อน 1,80,ซด29,ซด
PHT003,ท่อน 1,81,ดล06,ดล
PHT003,ท่อน 1,82,มม17,มม
PHT003,ท่อน 1,83,ดม03,ดม
PHT003,ท่อน 1,84,ลม38,ลม
PHT003,ท่อน 1,85,ดม03,ดม
PHT003,ท่อน 1,86,รม10,รม
PHT003,ท่อน 1,87,มด15,มด
PHT003,ท่อน 1,88,ดด01,ดด
PHT003,ท่อน 2,89,ลม38,ลม
PHT003,ท่อน 2,90,ดม03,ดม
PHT003,ท่อน 2,91,ซร30,ซร
PHT003,ท่อน 2,92,มด15,มด
PHT003,ท่อน 2,93,ลม38,ลม
PHT003,ท่อน 2,94,ดม03,ดม
PHT003,ท่อน 2,95,ลร37,ลร
PHT003,ท่อน 2,96,มด15,มด
PHT003,ท่อน 3,97,ดล06,ดล
PHT003,ท่อน 3,98,ลร37,ลร
PHT003,ท่อน 3,99,รล13,รล
PHT003,ท่อน 3,100,มด15,มด
PHT003,ท่อน 3,101,ดล06,ดล
PHT003,ท่อน 3,102,ฟร23,ฟร
PHT003,ท่อน 3,103,รล13,รล
PHT003,ท่อน 3,104,มด15,มด
PHT003,ท่อน 4,105,ดม03,ดม
PHT003,ท่อน 4,106,มร16,มร
PHT003,ท่อน 4,107,ดม03,ดม
PHT003,ท่อน 4,108,ซร30,ซร
PHT003,ท่อน 4,109,มด15,มด
PHT003,ท่อน 4,110,มร16,มร
PHT003,ท่อน 4,111,ดม03,ดม
PHT003,ท่อน 4,112,ลร37,ลร
PHT003,ท่อน 4,113,มด15,มด
PHT003,ท่อน 5,114,ลร37,ลร
PHT003,ท่อน 5,115,ซร30,ซร
PHT003,ท่อน 5,116,ลร37,ลร
PHT003,ท่อน 5,117,มด15,มด
PHT003,ท่อน 5,118,ลร37,ลร
PHT003,ท่อน 5,119,ซร30,ซร
PHT003,ท่อน 5,120,ลร37,ลร
PHT003,ท่อน 5,121,มด15,มด
PHT003,ลูกหมด,122,ดม03,ดม
PHT003,ลูกหมด,123,ลร37,ลร
PHT003,ลูกหมด,124,รร09,รร
PHT003,ลูกหมด,125,ลร37,ลร
PFR001,สองชั้น เที่ยวแรก,1,รท14,รท
PFR001,สองชั้น เที่ยวแรก,2,มร16,มร
PFR001,สองชั้น เที่ยวแรก,3,รท14,รท
PFR001,สองชั้น เที่ยวแรก,4,ทล48,ทล
PFR001,สองชั้น เที่ยวแรก,5,ลซ40,ลซ
PFR001,สองชั้น เที่ยวแรก,6,ซท35,ซท
PFR001,สองชั้น เที่ยวแรก,7,ทซ47,ทซ
PFR001,สองชั้น เที่ยวแรก,8,ลซ40,ลซ
PFR001,สองชั้น เที่ยวแรก,9,ดร02,ดร
PFR001,สองชั้น เที่ยวแรก,10,ฟร23,ฟร
PFR001,สองชั้น เที่ยวแรก,11,ดม03,ดม
PFR001,สองชั้น เที่ยวแรก,12,ดล06,ดล
PFR001,สองชั้น เที่ยวแรก,13,ทซ47,ทซ
PFR001,สองชั้น เที่ยวแรก,14,ซล34,ซล
PFR001,สองชั้น เที่ยวแรก,15,รท14,รท
PFR001,สองชั้น เที่ยวแรก,16,ทซ47,ทซ
PFR001,สองชั้น เที่ยวแรก,17,รร09,รร
PFR001,สองชั้น เที่ยวแรก,18,มล20,มล
PFR001,สองชั้น เที่ยวแรก,19,ซล34,ซล
PFR001,สองชั้น เที่ยวแรก,20,ซซ33,ซซ
PFR001,สองชั้น เที่ยวแรก,21,รร09,รร
PFR001,สองชั้น เที่ยวแรก,22,รล13,รล
PFR001,สองชั้น เที่ยวแรก,23,ซล34,ซล
PFR001,สองชั้น เที่ยวแรก,24,ซซ33,ซซ
PFR001,ชั้นเดียว เที่ยวแรก,25,รล13,รล
PFR001,ชั้นเดียว เที่ยวแรก,26,ซซ33,ซซ
PFR001,ชั้นเดียว เที่ยวแรก,27,รล13,รล
PFR001,ชั้นเดียว เที่ยวแรก,28,ลซ40,ลซ
PFR001,ลูกหมด,29,รร09,รร
PFR001,ลูกหมด,30,รร09,รร
PRS001,สามชั้น ท่อน 1,1,ดซ05,ดซ
PRS001,สามชั้น ท่อน 1,2,มล20,มล
PRS001,สามชั้น ท่อน 1,3,มด15,มด
PRS001,สามชั้น ท่อน 1,4,มด15,มด
PRS001,สามชั้น ท่อน 1,5,รร09,รร
PRS001,สามชั้น ท่อน 1,6,ซร30,ซร
PRS001,สามชั้น ท่อน 1,7,ลซ40,ลซ
PRS001,สามชั้น ท่อน 1,8,ลซ40,ลซ
PRS001,สามชั้น ท่อน 1,9,ซซ33,ซซ
PRS001,สามชั้น ท่อน 1,10,ลซ40,ลซ
PRS001,สามชั้น ท่อน 2,11,ดม03,ดม
PRS001,สามชั้น ท่อน 2,12,มด15,มด
PRS001,สามชั้น ท่อน 2,13,ลม38,ลม
PRS001,สามชั้น ท่อน 2,14,ลม38,ลม
PRS001,สามชั้น ท่อน 2,15,รล13,รล
PRS001,สามชั้น ท่อน 2,16,รล13,รล
PRS001,สามชั้น ท่อน 2,17,ลม38,ลม
PRS001,สามชั้น ท่อน 2,18,มด15,มด
PRS001,ท้ายภิรมย์สุรางค์สามชั้น,19,ซม31,ซม
PRS001,ท้ายภิรมย์สุรางค์สามชั้น,20,รด08,รด
PRS001,ท้ายภิรมย์สุรางค์สามชั้น,21,ซม31,ซม
PRS001,ท้ายภิรมย์สุรางค์สามชั้น,22,รด08,รด
PRS001,ท้ายภิรมย์สุรางค์สามชั้น,23,ดล06,ดล
PRS001,ท้ายภิรมย์สุรางค์สามชั้น,24,มด15,มด
PRS001,ท้ายภิรมย์สุรางค์สามชั้น,25,ดล06,ดล
PRS001,ท้ายภิรมย์สุรางค์สามชั้น,26,มด15,มด
PRS001,ท้ายภิรมย์สุรางค์สามชั้น,27,ลล41,ลล
PRS001,ท้ายภิรมย์สุรางค์สามชั้น,28,มด15,มด
PRS001,ท้ายภิรมย์สุรางค์สามชั้น,29,ลล41,ลล
PRS001,ท้ายภิรมย์สุรางค์สามชั้น,30,มด15,มด
PRS001,ท้ายภิรมย์สุรางค์สามชั้น,31,รซ12,รซ
PRS001,ท้ายภิรมย์สุรางค์สามชั้น,32,มล20,มล
PRS001,ท้ายภิรมย์สุรางค์สามชั้น,33,มด15,มด
PRS001,ท้ายภิรมย์สุรางค์สามชั้น,34,รด08,รด
PRS001,สองชั้น ท่อน 1,35,ซล34,ซล
PRS001,สองชั้น ท่อน 1,36,ดด01,ดด
PRS001,สองชั้น ท่อน 1,37,รร09,รร
PRS001,สองชั้น ท่อน 1,38,ลซ40,ลซ
PRS001,สองชั้น ท่อน 1,39,ซซ33,ซซ
PRS001,สองชั้น ท่อน 2,40,มด15,มด
PRS001,สองชั้น ท่อน 2,41,มม17,มม
PRS001,สองชั้น ท่อน 2,42,ลล41,ลล
PRS001,สองชั้น ท่อน 2,43,มด15,มด
PRS001,ท้ายภิรมย์สุรางค์สองชั้น,44,มด15,มด
PRS001,ท้ายภิรมย์สุรางค์สองชั้น,45,มด15,มด
PRS001,ท้ายภิรมย์สุรางค์สองชั้น,46,มด15,มด
PRS001,ท้ายภิรมย์สุรางค์สองชั้น,47,มด15,มด
PRS001,ท้ายภิรมย์สุรางค์สองชั้น,48,ลด36,ลด
PRS001,ท้ายภิรมย์สุรางค์สองชั้น,49,ลด36,ลด
PRS001,ท้ายภิรมย์สุรางค์สองชั้น,50,ซล34,ซล
PRS001,ท้ายภิรมย์สุรางค์สองชั้น,51,ดด01,ดด
PRS001,ชั้นเดียว ท่อน 1,52,ซด29,ซด
PRS001,ชั้นเดียว ท่อน 1,53,รซ12,รซ
PRS001,ชั้นเดียว ท่อน 2,54,ดล06,ดล
PRS001,ชั้นเดียว ท่อน 2,55,มด15,มด
PRS001,ท้ายภิรมย์สุรางค์ชั้นเดียว,56,มด15,มด
PRS001,ท้ายภิรมย์สุรางค์ชั้นเดียว,57,มด15,มด
PRS001,ท้ายภิรมย์สุรางค์ชั้นเดียว,58,ลด36,ลด
PRS001,ท้ายภิรมย์สุรางค์ชั้นเดียว,59,ลด36,ลด
PRS001,ลูกหมด,60,ดร02,ดร
PRS001,ลูกหมด,61,รร09,รร
SIB001,สามชั้น ท่อน 1,1,รล13,รล
SIB001,สามชั้น ท่อน 1,2,มด15,มด
SIB001,สามชั้น ท่อน 1,3,มร16,มร
SIB001,สามชั้น ท่อน 1,4,ซร30,ซร
SIB001,สามชั้น ท่อน 1,5,ดม03,ดม
SIB001,สามชั้น ท่อน 1,6,มด15,มด
SIB001,สามชั้น ท่อน 1,7,มล20,มล
SIB001,สามชั้น ท่อน 1,8,มล20,มล
SIB001,สามชั้น ท่อน 1,9,รล13,รล
SIB001,สามชั้น ท่อน 1,10,มด15,มด
SIB001,สามชั้น ท่อน 1,11,ลร37,ลร
SIB001,สามชั้น ท่อน 1,12,ซร30,ซร
SIB001,สามชั้น ท่อน 1,13,ดม03,ดม
SIB001,สามชั้น ท่อน 1,14,มด15,มด
SIB001,สามชั้น ท่อน 1,15,มล20,มล
SIB001,สามชั้น ท่อน 1,16,มล20,มล
SIB001,สามชั้น ท่อน 1,17,รล13,รล
SIB001,สามชั้น ท่อน 1,18,มด15,มด
SIB001,สามชั้น ท่อน 1,19,ลร37,ลร
SIB001,สามชั้น ท่อน 1,20,ซร30,ซร
SIB001,สามชั้น ท่อน 1,21,มร16,มร
SIB001,สามชั้น ท่อน 1,22,มด15,มด
SIB001,สามชั้น ท่อน 1,23,มล20,มล
SIB001,สามชั้น ท่อน 1,24,มล20,มล
SIB001,สามชั้น ท่อน 1,25,ดล06,ดล
SIB001,สามชั้น ท่อน 2,26,ดม03,ดม
SIB001,สามชั้น ท่อน 2,27,มซ19,มซ
SIB001,สามชั้น ท่อน 2,28,ซซ33,ซซ
SIB001,สามชั้น ท่อน 2,29,ลล41,ลล
SIB001,สามชั้น ท่อน 2,30,ดด01,ดด
SIB001,สามชั้น ท่อน 2,31,ลล41,ลล
SIB001,สามชั้น ท่อน 2,32,ลซ40,ลซ
SIB001,สามชั้น ท่อน 2,33,ซฟ32,ซฟ
SIB001,สามชั้น ท่อน 2,34,ดม03,ดม
SIB001,สามชั้น ท่อน 2,35,มซ19,มซ
SIB001,สามชั้น ท่อน 2,36,ซซ33,ซซ
SIB001,สามชั้น ท่อน 2,37,ลล41,ลล
SIB001,สามชั้น ท่อน 2,38,รร09,รร
SIB001,สามชั้น ท่อน 2,39,ลล41,ลล
SIB001,สามชั้น ท่อน 2,40,ลซ40,ลซ
SIB001,สามชั้น ท่อน 2,41,ซฟ32,ซฟ
SIB001,สามชั้น ท่อน 2,42,ดม03,ดม
SIB001,สามชั้น ท่อน 2,43,มร16,มร
SIB001,สามชั้น ท่อน 2,44,ซร30,ซร
SIB001,สามชั้น ท่อน 2,45,มด15,มด
SIB001,สามชั้น ท่อน 2,46,ดม03,ดม
SIB001,สามชั้น ท่อน 2,47,มซ19,มซ
SIB001,สามชั้น ท่อน 2,48,ซซ33,ซซ
SIB001,สามชั้น ท่อน 2,49,ลล41,ลล
SIB001,สามชั้น ท่อน 2,50,ดด01,ดด
SIB001,สามชั้น ท่อน 2,51,ลล41,ลล
SIB001,สามชั้น ท่อน 2,52,ลซ40,ลซ
SIB001,สามชั้น ท่อน 2,53,ซฟ32,ซฟ
SIB001,สามชั้น ท่อน 2,54,ดม03,ดม
SIB001,สามชั้น ท่อน 2,55,มซ19,มซ
SIB001,สามชั้น ท่อน 2,56,ซซ33,ซซ
SIB001,สามชั้น ท่อน 2,57,ลล41,ลล
SIB001,สามชั้น ท่อน 2,58,ดด01,ดด
SIB001,สามชั้น ท่อน 2,59,ลล41,ลล
SIB001,สามชั้น ท่อน 2,60,ลซ40,ลซ
SIB001,สามชั้น ท่อน 2,61,ซฟ32,ซฟ
SIB001,สามชั้น ท่อน 2,62,ดม03,ดม
SIB001,สามชั้น ท่อน 2,63,มร16,มร
SIB001,สองชั้น ท่อน 1,64,ลด36,ลด
SIB001,สองชั้น ท่อน 1,65,รร09,รร
SIB001,สองชั้น ท่อน 1,66,รด08,รด
SIB001,สองชั้น ท่อน 1,67,ลล41,ลล
SIB001,สองชั้น ท่อน 1,68,ลด36,ลด
SIB001,สองชั้น ท่อน 1,69,รร09,รร
SIB001,สองชั้น ท่อน 1,70,รด08,รด
SIB001,สองชั้น ท่อน 1,71,ลล41,ลล
SIB001,สองชั้น ท่อน 1,72,มด15,มด
SIB001,สองชั้น ท่อน 1,73,รร09,รร
SIB001,สองชั้น ท่อน 1,74,มด15,มด
SIB001,สองชั้น ท่อน 1,75,ลล41,ลล
SIB001,สองชั้น ท่อน 2,76,มซ19,มซ
SIB001,สองชั้น ท่อน 2,77,ซล34,ซล
SIB001,สองชั้น ท่อน 2,78,ดล06,ดล
SIB001,สองชั้น ท่อน 2,79,ซฟ32,ซฟ
SIB001,สองชั้น ท่อน 2,80,มซ19,มซ
SIB001,สองชั้น ท่อน 2,81,ซล34,ซล
SIB001,สองชั้น ท่อน 2,82,ดล06,ดล
SIB001,สองชั้น ท่อน 2,83,ซฟ32,ซฟ
SIB001,สองชั้น ท่อน 2,84,มร16,มร
SIB001,สองชั้น ท่อน 2,85,มซ19,มซ
SIB001,สองชั้น ท่อน 2,86,ซล34,ซล
SIB001,สองชั้น ท่อน 2,87,ดล06,ดล
SIB001,สองชั้น ท่อน 2,88,ซฟ32,ซฟ
SIB001,สองชั้น ท่อน 2,89,มซ19,มซ
SIB001,สองชั้น ท่อน 2,90,ซล34,ซล
SIB001,สองชั้น ท่อน 2,91,ทล48,ทล
SIB001,สองชั้น ท่อน 2,92,ซฟ32,ซฟ
SIB001,สองชั้น ท่อน 2,93,มร16,มร
SIB001,ชั้นเดียว ท่อน 1,94,ดร02,ดร
SIB001,ชั้นเดียว ท่อน 1,95,ดล06,ดล
SIB001,ชั้นเดียว ท่อน 1,96,ดร02,ดร
SIB001,ชั้นเดียว ท่อน 1,97,รล13,รล
SIB001,ชั้นเดียว ท่อน 2,98,ซล34,ซล
SIB001,ชั้นเดียว ท่อน 2,99,ซฟ32,ซฟ
SIB001,ชั้นเดียว ท่อน 2,100,ซล34,ซล
SIB001,ชั้นเดียว ท่อน 2,101,ซฟ32,ซฟ
SIB001,ชั้นเดียว ท่อน 2,102,รซ12,รซ
SIB001,ชั้นเดียว ท่อน 2,103,ลซ40,ลซ
SIB001,ชั้นเดียว ท่อน 2,104,ฟซ26,ฟซ
SIB001,ชั้นเดียว ท่อน 2,105,ลซ40,ลซ
SIB001,ชั้นเดียว ท่อน 2,106,ฟร23,ฟร
SIB001,ลูกหมด,107,รร09,รร
SIB001,ลูกหมด,108,ทร44,ทร
OKT002,สามชั้น ท่อน 1,1,ซด29,ซด
OKT002,สามชั้น ท่อน 1,2,มด15,มด
OKT002,สามชั้น ท่อน 1,3,ซร30,ซร
OKT002,สามชั้น ท่อน 1,4,ซม31,ซม
OKT002,สามชั้น ท่อน 1,5,ลม38,ลม
OKT002,สามชั้น ท่อน 1,6,ดม03,ดม
OKT002,สามชั้น ท่อน 1,7,ซม31,ซม
OKT002,สามชั้น ท่อน 1,8,ลม38,ลม
OKT002,สามชั้น ท่อน 1,9,ลม38,ลม
OKT002,สามชั้น ท่อน 1,10,ลม38,ลม
OKT002,สามชั้น ท่อน 1,11,ลม38,ลม
OKT002,สามชั้น ท่อน 1,12,มม17,มม
OKT002,สามชั้น ท่อน 1,13,มม17,มม
OKT002,สามชั้น ท่อน 1,14,มม17,มม
OKT002,สามชั้น ท่อน 1,15,มม17,มม
OKT002,สามชั้น ท่อน 1,16,มม17,มม
OKT002,สามชั้น ท่อน 1,17,มม17,มม
OKT002,สามชั้น ท่อน 1,18,มด15,มด
OKT002,สามชั้น ท่อน 1,19,ซด29,ซด
OKT002,สามชั้น ท่อน 1,20,มด15,มด
OKT002,สามชั้น ท่อน 1,21,ซร30,ซร
OKT002,สามชั้น ท่อน 1,22,ซม31,ซม
OKT002,สามชั้น ท่อน 1,23,ลม38,ลม
OKT002,สามชั้น ท่อน 1,24,ดม03,ดม
OKT002,สามชั้น ท่อน 1,25,ซม31,ซม
OKT002,สามชั้น ท่อน 2,26,ซม31,ซม
OKT002,สามชั้น ท่อน 2,27,ลม38,ลม
OKT002,สามชั้น ท่อน 2,28,ดร02,ดร
OKT002,สามชั้น ท่อน 2,29,รม10,รม
OKT002,สามชั้น ท่อน 2,30,ซม31,ซม
OKT002,สามชั้น ท่อน 2,31,ลม38,ลม
OKT002,สามชั้น ท่อน 2,32,ดร02,ดร
OKT002,สามชั้น ท่อน 2,33,รม10,รม
OKT002,สามชั้น ท่อน 2,34,ลม38,ลม
OKT002,สามชั้น ท่อน 2,35,มด15,มด
OKT002,สองชั้น ท่อน 1,36,ดด01,ดด
OKT002,สองชั้น ท่อน 1,37,รม10,รม
OKT002,สองชั้น ท่อน 1,38,มม17,มม
OKT002,สองชั้น ท่อน 1,39,มด15,มด
OKT002,สองชั้น ท่อน 1,40,มด15,มด
OKT002,สองชั้น ท่อน 1,41,มม17,มม
OKT002,สองชั้น ท่อน 1,42,มม17,มม
OKT002,สองชั้น ท่อน 1,43,มม17,มม
OKT002,สองชั้น ท่อน 1,44,ดด01,ดด
OKT002,สองชั้น ท่อน 1,45,ดร02,ดร
OKT002,สองชั้น ท่อน 1,46,มม17,มม
OKT002,สองชั้น ท่อน 1,47,มม17,มม
OKT002,สองชั้น ท่อน 2,48,มม17,มม
OKT002,สองชั้น ท่อน 2,49,รม10,รม
OKT002,สองชั้น ท่อน 2,50,มม17,มม
OKT002,สองชั้น ท่อน 2,51,รม10,รม
OKT002,สองชั้น ท่อน 2,52,มด15,มด
OKT002,ชั้นเดียว ท่อน 1,53,ดม03,ดม
OKT002,ชั้นเดียว ท่อน 1,54,มม17,มม
OKT002,ชั้นเดียว ท่อน 1,55,มม17,มม
OKT002,ชั้นเดียว ท่อน 1,56,มม17,มม
OKT002,ชั้นเดียว ท่อน 1,57,ดด01,ดด
OKT002,ชั้นเดียว ท่อน 1,58,มม17,มม
OKT002,ชั้นเดียว ท่อน 2,59,มม17,มม
OKT002,ชั้นเดียว ท่อน 2,60,มม17,มม
OKT002,ลูกหมด,61,ดร02,ดร
OKT002,ลูกหมด,62,รร09,รร
ASW001,สามชั้น,1,ลด36,ลด
ASW001,สามชั้น,2,ทม45,ทม
ASW001,สามชั้น,3,ซร30,ซร
ASW001,สามชั้น,4,รด08,รด
ASW001,สามชั้น,5,ลด36,ลด
ASW001,สามชั้น,6,ลด36,ลด
ASW001,สามชั้น,7,ดด01,ดด
ASW001,สามชั้น,8,ลร37,ลร
ASW001,สามชั้น,9,รร09,รร
ASW001,สามชั้น,10,รม10,รม
ASW001,สามชั้น,11,มร16,มร
ASW001,สามชั้น,12,รด08,รด
ASW001,สามชั้น,13,ทด43,ทด
ASW001,สามชั้น,14,ดท07,ดท
ASW001,สามชั้น,15,รล13,รล
ASW001,สามชั้น,16,ลด36,ลด
ASW001,สามชั้น,17,ทร44,ทร
ASW001,สามชั้น,18,รซ12,รซ
ASW001,สามชั้น,19,รด08,รด
ASW001,สามชั้น,20,ดร02,ดร
ASW001,สองชั้น,21,ดม03,ดม
ASW001,สองชั้น,22,มด15,มด
ASW001,สองชั้น,23,ดด01,ดด
ASW001,สองชั้น,24,ดม03,ดม
ASW001,สองชั้น,25,มม17,มม
ASW001,สองชั้น,26,มด15,มด
ASW001,สองชั้น,27,ดด01,ดด
ASW001,สองชั้น,28,ทร44,ทร
ASW001,สองชั้น,29,ดร02,ดร
ASW001,สองชั้น,30,ดร02,ดร
ASW001,ชั้นเดียว,31,มด15,มด
ASW001,ชั้นเดียว,32,ดท07,ดท
ASW001,ชั้นเดียว,33,รด08,รด
ASW001,ชั้นเดียว,34,ทด43,ทด
ASW001,ชั้นเดียว,35,รร09,รร
ASW001,ลูกหมด,36,ลร37,ลร
ASW001,ลูกหมด,37,รร09,รร
ASW001,ลูกหมด,38,ลร37,ลร
JKY002,สามชั้น ท่อน 1,1,ดด01,ดด
JKY002,สามชั้น ท่อน 1,2,ลร37,ลร
JKY002,สามชั้น ท่อน 1,3,รล13,รล
JKY002,สามชั้น ท่อน 1,4,มด15,มด
JKY002,สามชั้น ท่อน 2,5,ดด01,ดด
JKY002,สามชั้น ท่อน 2,6,ฟล27,ฟล
JKY002,สามชั้น ท่อน 2,7,ลฟ39,ลฟ
JKY002,สามชั้น ท่อน 2,8,ลซ40,ลซ
JKY002,สามชั้น ท่อน 2,9,ซซ33,ซซ
JKY002,สามชั้น ท่อน 3,10,ซร30,ซร
JKY002,สามชั้น ท่อน 3,11,รซ12,รซ
JKY002,สามชั้น ท่อน 3,12,ซร30,ซร
JKY002,สามชั้น ท่อน 3,13,ลฟ39,ลฟ
JKY002,สามชั้น ท่อน 3,14,รร09,รร
JKY002,สามชั้น ท่อน 3,15,รซ12,รซ
JKY002,สามชั้น ท่อน 3,16,ซร30,ซร
JKY002,สามชั้น ท่อน 3,17,ลฟ39,ลฟ
JKY002,สามชั้น ทางเปลี่ยนท่อน1,18,ฟฟ25,ฟฟ
JKY002,สามชั้น ทางเปลี่ยนท่อน1,19,ลร37,ลร
JKY002,สามชั้น ทางเปลี่ยนท่อน1,20,รล13,รล
JKY002,สามชั้น ทางเปลี่ยนท่อน1,21,มด15,มด
JKY002,สามชั้น ทางเปลี่ยนท่อน1,22,ซด29,ซด
JKY002,สามชั้น ทางเปลี่ยนท่อน1,23,ซร30,ซร
JKY002,สามชั้น ทางเปลี่ยนท่อน1,24,รล13,รล
JKY002,สามชั้น ทางเปลี่ยนท่อน1,25,มด15,มด
JKY002,สามชั้น ทำนองเท่าส่งร้อง,26,ดด01,ดด
JKY002,สามชั้น ทางเปลี่ยนท่อน2,27,ดด01,ดด
JKY002,สามชั้น ทางเปลี่ยนท่อน2,28,ฟล27,ฟล
JKY002,สามชั้น ทางเปลี่ยนท่อน2,29,ลฟ39,ลฟ
JKY002,สามชั้น ทางเปลี่ยนท่อน2,30,ลซ40,ลซ
JKY002,สามชั้น ทางเปลี่ยนท่อน2,31,ซซ33,ซซ
JKY002,สามชั้น ทางเปลี่ยนท่อน2,32,ฟล27,ฟล
JKY002,สามชั้น ทางเปลี่ยนท่อน2,33,ลฟ39,ลฟ
JKY002,สามชั้น ทางเปลี่ยนท่อน2,34,ลซ40,ลซ
JKY002,สามชั้น ทางเปลี่ยนท่อน3,35,ซร30,ซร
JKY002,สามชั้น ทางเปลี่ยนท่อน3,36,รซ12,รซ
JKY002,สามชั้น ทางเปลี่ยนท่อน3,37,ซร30,ซร
JKY002,สามชั้น ทางเปลี่ยนท่อน3,38,ลฟ39,ลฟ
JKY002,สามชั้น ทางเปลี่ยนท่อน3,39,รร09,รร
JKY002,สามชั้น ทางเปลี่ยนท่อน3,40,รซ12,รซ
JKY002,สามชั้น ทางเปลี่ยนท่อน3,41,ลร37,ลร
JKY002,สามชั้น ทางเปลี่ยนท่อน3,42,ลฟ39,ลฟ
JKY002,สองชั้น ท่อน 1,43,ดร02,ดร
JKY002,สองชั้น ท่อน 1,44,ลด36,ลด
JKY002,สองชั้น ท่อน 2,45,ดล06,ดล
JKY002,สองชั้น ท่อน 2,46,ฟซ26,ฟซ
JKY002,สองชั้น ท่อน 2,47,ซล34,ซล
JKY002,สองชั้น ท่อน 2,48,ฟซ26,ฟซ
JKY002,สองชั้น ท่อน 3,49,รซ12,รซ
JKY002,สองชั้น ท่อน 3,50,รฟ11,รฟ
JKY002,ชั้นเดียว ท่อน 1,51,รด08,รด
JKY002,ชั้นเดียว ท่อน 2,52,ลซ40,ลซ
JKY002,ชั้นเดียว ท่อน 3,53,ซฟ32,ซฟ
JKY002,ลูกหมด,54,รร09,รร
JKY002,ลูกหมด,55,รร09,รร
JLT001,สามชั้น เที่ยวแรก,1,มม17,มม
JLT001,สามชั้น เที่ยวแรก,2,มม17,มม
JLT001,สามชั้น เที่ยวแรก,3,ซม31,ซม
JLT001,สามชั้น เที่ยวแรก,4,มด15,มด
JLT001,สามชั้น เที่ยวแรก,5,ดร02,ดร
JLT001,สามชั้น เที่ยวแรก,6,ซด29,ซด
JLT001,สามชั้น เที่ยวแรก,7,ดด01,ดด
JLT001,สามชั้น เที่ยวแรก,8,มร16,มร
JLT001,สามชั้น เที่ยวแรก,9,ซด29,ซด
JLT001,สามชั้น เที่ยวแรก,10,ซร30,ซร
JLT001,สามชั้น เที่ยวแรก,11,ซร30,ซร
JLT001,สามชั้น เที่ยวแรก,12,ดด01,ดด
JLT001,สามชั้น เที่ยวแรก,13,ดร02,ดร
JLT001,สามชั้น เที่ยวแรก,14,ซด29,ซด
JLT001,สามชั้น เที่ยวแรก,15,ดด01,ดด
JLT001,สามชั้น เที่ยวแรก,16,มร16,มร
JLT001,สามชั้น เที่ยวแรก,17,ซด29,ซด
JLT001,สามชั้น เที่ยวแรก,18,ซร30,ซร
JLT001,สามชั้น เที่ยวแรก,19,ซร30,ซร
JLT001,สามชั้น เที่ยวแรก,20,ดม03,ดม
JLT001,สามชั้น เที่ยวแรก,21,มม17,มม
JLT001,สามชั้น เที่ยวแรก,22,มด15,มด
JLT001,สามชั้น เที่ยวแรก,23,ดล06,ดล
JLT001,สามชั้น เที่ยวแรก,24,ลซ40,ลซ
JLT001,สามชั้น เที่ยวแรก,25,ซม31,ซม
JLT001,สามชั้น เที่ยวแรก,26,มด15,มด
JLT001,สามชั้น เที่ยวแรก,27,ดล06,ดล
JLT001,สามชั้น เที่ยวแรก,28,ลซ40,ลซ
JLT001,สามชั้น เที่ยวแรก,29,ซม31,ซม
JLT001,สามชั้น เที่ยวแรก,30,ดล06,ดล
JLT001,สามชั้น เที่ยวแรก,31,ซม31,ซม
JLT001,สามชั้น เที่ยวแรก,32,ดล06,ดล
JLT001,สามชั้น เที่ยวแรก,33,ซม31,ซม
JLT001,สามชั้น เที่ยวแรก,34,ลม38,ลม
JLT001,สามชั้น เที่ยวแรก,35,ลม38,ลม
JLT001,สามชั้น เที่ยวแรก,36,มม17,มม
JLT001,สามชั้น เที่ยวแรก,37,มม17,มม
JLT001,สามชั้น เที่ยวแรก,38,มม17,มม
JLT001,สามชั้น เที่ยวแรก,39,มด15,มด
JLT001,สามชั้น เที่ยวแรก,40,ดร02,ดร
JLT001,สามชั้น เที่ยวแรก,41,ซด29,ซด
JLT001,สามชั้น เที่ยวแรก,42,ดด01,ดด
JLT001,สามชั้น เที่ยวแรก,43,มร16,มร
JLT001,สามชั้น เที่ยวแรก,44,ซด29,ซด
JLT001,สามชั้น เที่ยวแรก,45,ซร30,ซร
JLT001,สามชั้น เที่ยวแรก,46,ซร30,ซร
JLT001,สามชั้น เที่ยวแรก,47,ดด01,ดด
JLT001,สามชั้น เที่ยวแรก,48,ดร02,ดร
JLT001,สามชั้น เที่ยวแรก,49,ซด29,ซด
JLT001,สามชั้น เที่ยวแรก,50,ดด01,ดด
JLT001,สามชั้น เที่ยวแรก,51,มร16,มร
JLT001,สามชั้น เที่ยวแรก,52,ซด29,ซด
JLT001,สามชั้น เที่ยวแรก,53,ซร30,ซร
JLT001,สามชั้น เที่ยวแรก,54,ซร30,ซร
JLT001,สามชั้น เที่ยวแรก,55,ดม03,ดม
JLT001,สามชั้น เที่ยวแรก,56,มม17,มม
JLT001,สามชั้น เที่ยวแรก,57,มซ19,มซ
JLT001,สามชั้น เที่ยวแรก,58,ซด29,ซด
JLT001,สามชั้น เที่ยวแรก,59,มด15,มด
JLT001,สามชั้น เที่ยวแรก,60,มด15,มด
JLT001,สามชั้น เที่ยวแรก,61,ดด01,ดด
JLT001,สามชั้น เที่ยวแรก,62,ดม03,ดม
JLT001,สามชั้น เที่ยวแรก,63,ดด01,ดด
JLT001,สามชั้น เที่ยวแรก,64,ดม03,ดม
JLT001,สามชั้น เที่ยวแรก,65,ดม03,ดม
JLT001,สามชั้น เที่ยวแรก,66,ดม03,ดม
JLT001,สามชั้น เที่ยวแรก,67,มม17,มม
JLT001,สามชั้น เที่ยวแรก,68,มม17,มม
JLT001,สามชั้น เที่ยวแรก,69,มม17,มม
JLT001,สามชั้น เที่ยวแรก,70,มด15,มด
JLT001,สองชั้น,71,มม17,มม
JLT001,สองชั้น,72,มม17,มม
JLT001,สองชั้น,73,ดร02,ดร
JLT001,สองชั้น,74,ดด01,ดด
JLT001,สองชั้น,75,รล13,รล
JLT001,สองชั้น,76,รร09,รร
JLT001,สองชั้น,77,ดร02,ดร
JLT001,สองชั้น,78,ดด01,ดด
JLT001,สองชั้น,79,รล13,รล
JLT001,สองชั้น,80,รร09,รร
JLT001,สองชั้น,81,มม17,มม
JLT001,สองชั้น,82,มม17,มม
JLT001,ชั้นเดียว,83,มล20,มล
JLT001,ชั้นเดียว,84,มด15,มด
JLT001,ชั้นเดียว,85,ดล06,ดล
JLT001,ชั้นเดียว,86,มร16,มร
JLT001,ชั้นเดียว,87,ซม31,ซม
JLT001,ชั้นเดียว,88,มม17,มม
JLT001,ชั้นเดียว,89,มล20,มล
JLT001,ชั้นเดียว,90,มด15,มด
TYI001,สามชั้น ท่อน 1,1,ฟร23,ฟร
TYI001,สามชั้น ท่อน 1,2,ลล41,ลล
TYI001,สามชั้น ท่อน 1,3,ลฟ39,ลฟ
TYI001,สามชั้น ท่อน 1,4,รฟ11,รฟ
TYI001,สามชั้น ท่อน 1,5,ฟร23,ฟร
TYI001,สามชั้น ท่อน 1,6,ลล41,ลล
TYI001,สามชั้น ท่อน 1,7,ลฟ39,ลฟ
TYI001,สามชั้น ท่อน 1,8,รฟ11,รฟ
TYI001,สามชั้น ท่อน 1,9,ฟร23,ฟร
TYI001,สามชั้น ท่อน 1,10,ทม45,ทม
TYI001,สามชั้น ท่อน 1,11,มล20,มล
TYI001,สามชั้น ท่อน 1,12,ลด36,ลด
TYI001,สามชั้น ท่อน 1,13,ดล06,ดล
TYI001,สามชั้น ท่อน 1,14,ลร37,ลร
TYI001,สามชั้น ท่อน 1,15,ลล41,ลล
TYI001,สามชั้น ท่อน 1,16,รล13,รล
TYI001,สามชั้น ท่อน 1,17,ทล48,ทล
TYI001,สามชั้น ท่อน 1,18,ทร44,ทร
TYI001,สามชั้น ท่อน 1,19,ทล48,ทล
TYI001,สามชั้น ท่อน 1,20,ทร44,ทร
TYI001,สามชั้น ท่อน 1,21,ลล41,ลล
TYI001,สามชั้น ท่อน 1,22,รล13,รล
TYI001,สามชั้น ท่อน 1,23,รล13,รล
TYI001,สามชั้น ท่อน 1,24,ลร37,ลร
TYI001,สามชั้น ท่อน 1,25,รล13,รล
TYI001,สามชั้น ท่อน 1,26,ลร37,ลร
TYI001,สามชั้น ท่อน 1,27,ลร37,ลร
TYI001,สามชั้น ท่อน 1,28,รร09,รร
TYI001,สามชั้น ท่อน 1,29,ลล41,ลล
TYI001,สามชั้น ท่อน 1,30,ลล41,ลล
TYI001,สามชั้น ท่อน 1,31,ลล41,ลล
TYI001,สามชั้น ท่อน 1,32,ลร37,ลร
TYI001,สามชั้น ท่อน 1,33,รฟ11,รฟ
TYI001,สามชั้น ท่อน 1,34,ฟร23,ฟร
TYI001,สามชั้น ท่อน 1,35,รซ12,รซ
TYI001,สามชั้น ท่อน 1,36,ซร30,ซร
TYI001,สามชั้น ท่อน 1,37,ทร44,ทร
TYI001,สามชั้น ท่อน 1,38,รร09,รร
TYI001,สามชั้น ท่อน 1,39,ทร44,ทร
TYI001,สามชั้น ท่อน 1,40,รร09,รร
TYI001,สามชั้น ท่อน 1,41,มร16,มร
TYI001,สามชั้น ท่อน 1,42,มร16,มร
TYI001,สามชั้น ท่อน 1,43,มร16,มร
TYI001,สามชั้น ท่อน 1,44,มร16,มร
TYI001,สามชั้น ท่อน 1,45,ทร44,ทร
TYI001,สามชั้น ท่อน 1,46,ทร44,ทร
TYI001,สามชั้น ท่อน 1,47,รร09,รร
TYI001,สามชั้น ท่อน 1,48,รร09,รร
TYI001,สามชั้น ท่อน 1,49,รร09,รร
TYI001,สามชั้น ท่อน 1,50,รร09,รร
TYI001,สามชั้น ท่อน 1,51,ซร30,ซร
TYI001,สามชั้น ท่อน 1,52,ซร30,ซร
TYI001,สามชั้น ท่อน 1,53,ซร30,ซร
TYI001,สามชั้น ท่อน 1,54,ซร30,ซร
TYI001,สามชั้น ท่อน 1,55,รร09,รร
TYI001,สามชั้น ท่อน 1,56,รร09,รร
TYI001,สามชั้น ท่อน 1,57,รร09,รร
TYI001,สามชั้น ท่อน 1,58,รร09,รร
TYI001,สามชั้น ท่อน 1,59,รร09,รร
TYI001,สามชั้น ท่อน 1,60,ทม45,ทม
TYI001,สามชั้น ท่อน 1,61,มร16,มร
TYI001,สามชั้น ท่อน 1,62,ทม45,ทม
TYI001,สามชั้น ท่อน 1,63,มม17,มม
TYI001,สามชั้น ท่อน 1,64,มม17,มม
TYI001,สามชั้น ท่อน 1,65,มม17,มม
TYI001,สามชั้น ท่อน 1,66,ทม45,ทม
TYI001,สามชั้น ท่อน 1,67,มท21,มท
TYI001,สามชั้น ท่อน 1,68,ทซ47,ทซ
TYI001,สามชั้น ท่อน 1,69,ซท35,ซท
TYI001,สามชั้น ท่อน 1,70,ทซ47,ทซ
TYI001,สามชั้น ท่อน 1,71,ซซ33,ซซ
TYI001,สามชั้น ท่อน 1,72,ลซ40,ลซ
TYI001,สามชั้น ท่อน 1,73,ลม38,ลม
TYI001,สามชั้น ท่อน 1,74,มล20,มล
TYI001,สามชั้น ท่อน 1,75,รล13,รล
TYI001,สามชั้น ท่อน 1,76,ฟล27,ฟล
TYI001,สามชั้น ท่อน 1,77,รล13,รล
TYI001,สามชั้น ท่อน 1,78,ลล41,ลล
TYI001,สามชั้น ท่อน 1,79,ลล41,ลล
TYI001,สามชั้น ท่อน 1,80,รล13,รล
TYI001,สามชั้น ท่อน 1,81,รล13,รล
TYI001,สามชั้น ท่อน 1,82,ลล41,ลล
TYI001,สามชั้น ท่อน 1,83,ลล41,ลล
TYI001,สามชั้น ท่อน 1,84,ลล41,ลล
TYI001,สามชั้น ท่อน 1,85,ลล41,ลล
TYI001,สามชั้น ท่อน 1,86,ทล48,ทล
TYI001,สามชั้น ท่อน 1,87,ทล48,ทล
TYI001,สามชั้น ท่อน 1,88,ลล41,ลล
TYI001,สามชั้น ท่อน 1,89,ลฟ39,ลฟ
TYI001,สามชั้น ท่อน 1,90,รฟ11,รฟ
TYI001,สามชั้น ท่อน 1,91,ฟร23,ฟร
TYI001,สามชั้น ท่อน 1,92,มล20,มล
TYI001,สามชั้น ท่อน 1,93,ลฟ39,ลฟ
TYI001,สามชั้น ท่อน 1,94,รฟ11,รฟ
TYI001,สามชั้น ท่อน 1,95,ฟม24,ฟม
TYI001,สามชั้น ท่อน 1,96,ดม03,ดม
TYI001,สามชั้น ท่อน 2,97,ฟร23,ฟร
TYI001,สามชั้น ท่อน 2,98,มล20,มล
TYI001,สามชั้น ท่อน 2,99,ทร44,ทร
TYI001,สามชั้น ท่อน 2,100,รร09,รร
TYI001,สามชั้น ท่อน 2,101,ทท49,ทท
TYI001,สามชั้น ท่อน 2,102,ทร44,ทร
TYI001,สามชั้น ท่อน 2,103,ฟร23,ฟร
TYI001,สามชั้น ท่อน 2,104,มร16,มร
TYI001,สามชั้น ท่อน 2,105,ฟร23,ฟร
TYI001,สามชั้น ท่อน 2,106,มร16,มร
TYI001,สามชั้น ท่อน 2,107,ทฟ46,ทฟ
TYI001,สามชั้น ท่อน 2,108,ฟร23,ฟร
TYI001,สามชั้น ท่อน 2,109,ทท49,ทท
TYI001,สามชั้น ท่อน 2,110,ทร44,ทร
TYI001,สามชั้น ท่อน 2,111,ฟร23,ฟร
TYI001,สามชั้น ท่อน 2,112,มร16,มร
TYI001,สามชั้น ท่อน 2,113,ฟร23,ฟร
TYI001,สามชั้น ท่อน 2,114,มร16,มร
TYI001,สามชั้น ท่อน 2,115,ฟม24,ฟม
TYI001,สามชั้น ท่อน 2,116,ฟม24,ฟม
TYI001,สามชั้น ท่อน 2,117,มซ19,มซ
TYI001,สามชั้น ท่อน 2,118,มซ19,มซ
TYI001,สามชั้น ท่อน 2,119,มร16,มร
TYI001,สามชั้น ท่อน 2,120,รม10,รม
TYI001,สามชั้น ท่อน 2,121,รม10,รม
TYI001,สามชั้น ท่อน 2,122,มซ19,มซ
TYI001,สามชั้น ท่อน 2,123,มซ19,มซ
TYI001,สามชั้น ท่อน 2,124,มร16,มร
TYI001,สามชั้น ท่อน 2,125,ลล41,ลล
TYI001,สองชั้น ท่อน 1,126,ลล41,ลล
TYI001,สองชั้น ท่อน 1,127,ลล41,ลล
TYI001,สองชั้น ท่อน 1,128,รร09,รร
TYI001,สองชั้น ท่อน 1,129,รร09,รร
TYI001,สองชั้น ท่อน 1,130,รท14,รท
TYI001,สองชั้น ท่อน 1,131,ทร44,ทร
TYI001,สองชั้น ท่อน 1,132,ทท49,ทท
TYI001,สองชั้น ท่อน 1,133,ทท49,ทท
TYI001,สองชั้น ท่อน 1,134,ทท49,ทท
TYI001,สองชั้น ท่อน 1,135,ซซ33,ซซ
TYI001,สองชั้น ท่อน 1,136,ซซ33,ซซ
TYI001,สองชั้น ท่อน 1,137,ซซ33,ซซ
TYI001,สองชั้น ท่อน 1,138,ซซ33,ซซ
TYI001,สองชั้น ท่อน 1,139,ลล41,ลล
TYI001,สองชั้น ท่อน 1,140,ลล41,ลล
TYI001,สองชั้น ท่อน 1,141,ลล41,ลล
TYI001,สองชั้น ท่อน 1,142,ลล41,ลล
TYI001,สองชั้น ท่อน 1,143,ฟฟ25,ฟฟ
TYI001,สองชั้น ท่อน 1,144,รล13,รล
TYI001,สองชั้น ท่อน 1,145,ฟฟ25,ฟฟ
TYI001,สองชั้น ท่อน 1,146,ฟท28,ฟท
TYI001,สองชั้น ท่อน 2,147,ทร44,ทร
TYI001,สองชั้น ท่อน 2,148,ทร44,ทร
TYI001,สองชั้น ท่อน 2,149,รร09,รร
TYI001,สองชั้น ท่อน 2,150,รร09,รร
TYI001,สองชั้น ท่อน 2,151,มม17,มม
TYI001,สองชั้น ท่อน 2,152,ซซ33,ซซ
TYI001,สองชั้น ท่อน 2,153,รม10,รม
TYI001,สองชั้น ท่อน 2,154,มซ19,มซ
TYI001,สองชั้น ท่อน 2,155,ซร30,ซร
TYI001,สองชั้น ท่อน 2,156,ซซ33,ซซ
TYI001,สองชั้น ท่อน 2,157,ลล41,ลล
TYI001,สองชั้น ท่อน 2,158,ลม38,ลม
TYI001,สองชั้น ท่อน 2,159,มด15,มด
TYI001,สองชั้น ท่อน 2,160,รร09,รร
TYI001,ชั้นเดียว ท่อน 1,161,ดด01,ดด
TYI001,ชั้นเดียว ท่อน 1,162,ดด01,ดด
TYI001,ชั้นเดียว ท่อน 1,163,ดร02,ดร
TYI001,ชั้นเดียว ท่อน 1,164,รร09,รร
TYI001,ชั้นเดียว ท่อน 1,165,รร09,รร
TYI001,ชั้นเดียว ท่อน 1,166,รท14,รท
TYI001,ชั้นเดียว ท่อน 1,167,ซท35,ซท
TYI001,ชั้นเดียว ท่อน 1,168,ซท35,ซท
TYI001,ชั้นเดียว ท่อน 1,169,ทม45,ทม
TYI001,ชั้นเดียว ท่อน 2,170,ซซ33,ซซ
TYI001,ชั้นเดียว ท่อน 2,171,ซซ33,ซซ
TYI001,ชั้นเดียว ท่อน 2,172,รร09,รร
TYI001,ชั้นเดียว ท่อน 2,173,รร09,รร
TYI001,ชั้นเดียว ท่อน 2,174,รซ12,รซ
TYI001,ชั้นเดียว ท่อน 2,175,ซซ33,ซซ
TYI001,ชั้นเดียว ท่อน 2,176,ซซ33,ซซ
TYI001,ชั้นเดียว ท่อน 2,177,ซซ33,ซซ
TYI001,ชั้นเดียว ท่อน 2,178,ซซ33,ซซ
TYI001,ชั้นเดียว ท่อน 2,179,ซล34,ซล
TYI001,ชั้นเดียว ท่อน 2,180,ลล41,ลล
TYI001,ชั้นเดียว ท่อน 2,181,ลล41,ลล
TYI001,ชั้นเดียว ท่อน 2,182,ลม38,ลม
TYI001,ชั้นเดียว ท่อน 2,183,มด15,มด
TYI001,ลูกหมด,184,ซร30,ซร
TYI001,ลูกหมด,185,รร09,รร
TYI001,ลูกหมด,186,ลร37,ลร
TYJ001,สามชั้น เที่ยวแรก,1,รซ12,รซ
TYJ001,สามชั้น เที่ยวแรก,2,ดร02,ดร
TYJ001,สามชั้น เที่ยวแรก,3,ลซ40,ลซ
TYJ001,สามชั้น เที่ยวแรก,4,ซซ33,ซซ
TYJ001,สามชั้น เที่ยวแรก,5,ซซ33,ซซ
TYJ001,สามชั้น เที่ยวแรก,6,ซล34,ซล
TYJ001,สามชั้น เที่ยวแรก,7,ลซ40,ลซ
TYJ001,สามชั้น เที่ยวแรก,8,มด15,มด
TYJ001,สามชั้น เที่ยวแรก,9,ดด01,ดด
TYJ001,สามชั้น เที่ยวแรก,10,ดด01,ดด
TYJ001,สามชั้น เที่ยวแรก,11,รซ12,รซ
TYJ001,สามชั้น เที่ยวแรก,12,ดร02,ดร
TYJ001,สามชั้น เที่ยวแรก,13,ลซ40,ลซ
TYJ001,สามชั้น เที่ยวแรก,14,ดซ05,ดซ
TYJ001,สามชั้น เที่ยวแรก,15,มซ19,มซ
TYJ001,สามชั้น เที่ยวแรก,16,ทซ47,ทซ
TYJ001,สามชั้น เที่ยวแรก,17,ทซ47,ทซ
TYJ001,สามชั้น เที่ยวแรก,18,ทซ47,ทซ
TYJ001,สามชั้น เที่ยวแรก,19,มซ19,มซ
TYJ001,สามชั้น เที่ยวแรก,20,ทซ47,ทซ
TYJ001,สามชั้น เที่ยวแรก,21,ทซ47,ทซ
TYJ001,สามชั้น เที่ยวแรก,22,ทซ47,ทซ
TYJ001,สามชั้น เที่ยวแรก,23,ทซ47,ทซ
TYJ001,สามชั้น เที่ยวแรก,24,ทซ47,ทซ
TYJ001,สามชั้น เที่ยวแรก,25,ซซ33,ซซ
TYJ001,สามชั้น เที่ยวแรก,26,ซซ33,ซซ
TYJ001,สามชั้น เที่ยวแรก,27,ซซ33,ซซ
TYJ001,สามชั้น เที่ยวแรก,28,ซซ33,ซซ
TYJ001,สามชั้น เที่ยวแรก,29,ซล34,ซล
TYJ001,สามชั้น เที่ยวแรก,30,ลซ40,ลซ
TYJ001,สามชั้น เที่ยวแรก,31,มด15,มด
TYJ001,สามชั้น เที่ยวแรก,32,ฟด22,ฟด
TYJ001,สามชั้น เที่ยวแรก,33,ดด01,ดด
TYJ001,สามชั้น เที่ยวแรก,34,มด15,มด
TYJ001,สามชั้น เที่ยวแรก,35,ดด01,ดด
TYJ001,สามชั้น เที่ยวแรก,36,มด15,มด
TYJ001,สามชั้น เที่ยวแรก,37,ดด01,ดด
TYJ001,สามชั้น เที่ยวแรก,38,มด15,มด
TYJ001,สามชั้น เที่ยวแรก,39,ดด01,ดด
TYJ001,สามชั้น เที่ยวแรก,40,มด15,มด
TYJ001,สามชั้น เที่ยวแรก,41,ซด29,ซด
TYJ001,สามชั้น เที่ยวแรก,42,ซด29,ซด
TYJ001,สามชั้น เที่ยวแรก,43,ซด29,ซด
TYJ001,สามชั้น เที่ยวแรก,44,ซด29,ซด
TYJ001,สามชั้น เที่ยวแรก,45,ซด29,ซด
TYJ001,สามชั้น เที่ยวแรก,46,ซด29,ซด
TYJ001,สามชั้น เที่ยวแรก,47,ดด01,ดด
TYJ001,สามชั้น เที่ยวแรก,48,ดด01,ดด
TYJ001,สามชั้น เที่ยวแรก,49,ดด01,ดด
TYJ001,สามชั้น เที่ยวแรก,50,รซ12,รซ
TYJ001,สามชั้น เที่ยวแรก,51,ดร02,ดร
TYJ001,สามชั้น เที่ยวแรก,52,ลซ40,ลซ
TYJ001,สามชั้น เที่ยวแรก,53,ซซ33,ซซ
TYJ001,สามชั้น เที่ยวแรก,54,ซซ33,ซซ
TYJ001,สามชั้น เที่ยวแรก,55,ซซ33,ซซ
TYJ001,สามชั้น เที่ยวแรก,56,ซซ33,ซซ
TYJ001,สามชั้น เที่ยวแรก,57,ซซ33,ซซ
TYJ001,สามชั้น เที่ยวแรก,58,ซซ33,ซซ
TYJ001,สามชั้น เที่ยวแรก,59,ซล34,ซล
TYJ001,สามชั้น เที่ยวแรก,60,ลซ40,ลซ
TYJ001,สามชั้น เที่ยวแรก,61,มด15,มด
TYJ001,สามชั้น เที่ยวแรก,62,ดด01,ดด
TYJ001,สามชั้น เที่ยวแรก,63,ดด01,ดด
TYJ001,สามชั้น เที่ยวแรก,64,ดด01,ดด
TYJ001,สามชั้น เที่ยวแรก,65,ดด01,ดด
TYJ001,สามชั้น เที่ยวแรก,66,ดด01,ดด
TYJ001,สามชั้น เที่ยวแรก,67,ดด01,ดด
TYJ001,สามชั้น เที่ยวแรก,68,ดด01,ดด
TYJ001,สามชั้น เที่ยวแรก,69,ดด01,ดด
TYJ001,สามชั้น เที่ยวแรก,70,ดด01,ดด
TYJ001,สามชั้น เที่ยวแรก,71,รซ12,รซ
TYJ001,สามชั้น เที่ยวแรก,72,ดร02,ดร
TYJ001,สามชั้น เที่ยวแรก,73,ลซ40,ลซ
TYJ001,สามชั้น เที่ยวแรก,74,ดซ05,ดซ
TYJ001,สามชั้น เที่ยวแรก,75,ดซ05,ดซ
TYJ001,สามชั้น เที่ยวแรก,76,ดซ05,ดซ
TYJ001,สามชั้น เที่ยวแรก,77,รซ12,รซ
TYJ001,สามชั้น เที่ยวแรก,78,รซ12,รซ
TYJ001,สามชั้น เที่ยวแรก,79,ดซ05,ดซ
TYJ001,สามชั้น เที่ยวแรก,80,ดซ05,ดซ
TYJ001,สามชั้น เที่ยวแรก,81,รซ12,รซ
TYJ001,สามชั้น เที่ยวแรก,82,รซ12,รซ
TYJ001,สามชั้น เที่ยวแรก,83,ดซ05,ดซ
TYJ001,สามชั้น เที่ยวแรก,84,รซ12,รซ
TYJ001,สามชั้น เที่ยวแรก,85,ดซ05,ดซ
TYJ001,สามชั้น เที่ยวแรก,86,รซ12,รซ
TYJ001,สามชั้น เที่ยวแรก,87,รซ12,รซ
TYJ001,สามชั้น เที่ยวแรก,88,รซ12,รซ
TYJ001,สามชั้น เที่ยวแรก,89,ซซ33,ซซ
TYJ001,สามชั้น เที่ยวแรก,90,ซซ33,ซซ
TYJ001,สามชั้น เที่ยวแรก,91,ซซ33,ซซ
TYJ001,สามชั้น เที่ยวแรก,92,ซซ33,ซซ
TYJ001,สามชั้น เที่ยวแรก,93,ซล34,ซล
TYJ001,สามชั้น เที่ยวแรก,94,ลซ40,ลซ
TYJ001,สามชั้น เที่ยวแรก,95,มด15,มด
TYJ001,สามชั้น เที่ยวแรก,96,ฟด22,ฟด
TYJ001,สามชั้น เที่ยวแรก,97,ซด29,ซด
TYJ001,สามชั้น เที่ยวแรก,98,รด08,รด
TYJ001,สามชั้น เที่ยวแรก,99,ซด29,ซด
TYJ001,สามชั้น เที่ยวแรก,100,รด08,รด
TYJ001,สามชั้น เที่ยวแรก,101,ดด01,ดด
TYJ001,สามชั้น เที่ยวแรก,102,ดด01,ดด
TYJ001,สามชั้น เที่ยวแรก,103,ดด01,ดด
TYJ001,สามชั้น เที่ยวแรก,104,ดด01,ดด
TYJ001,สามชั้น เที่ยวแรก,105,ดด01,ดด
TYJ001,สองชั้น เที่ยวแรก,106,ซร30,ซร
TYJ001,สองชั้น เที่ยวแรก,107,ซซ33,ซซ
TYJ001,สองชั้น เที่ยวแรก,108,ซล34,ซล
TYJ001,สองชั้น เที่ยวแรก,109,ซด29,ซด
TYJ001,สองชั้น เที่ยวแรก,110,ดด01,ดด
TYJ001,สองชั้น เที่ยวแรก,111,ซร30,ซร
TYJ001,สองชั้น เที่ยวแรก,112,ซซ33,ซซ
TYJ001,สองชั้น เที่ยวแรก,113,ลม38,ลม
TYJ001,สองชั้น เที่ยวแรก,114,ดซ05,ดซ
TYJ001,สองชั้น เที่ยวแรก,115,ซด29,ซด
TYJ001,สองชั้น เที่ยวแรก,116,มซ19,มซ
TYJ001,สองชั้น เที่ยวแรก,117,ลม38,ลม
TYJ001,สองชั้น เที่ยวแรก,118,ดซ05,ดซ
TYJ001,สองชั้น เที่ยวแรก,119,ซด29,ซด
TYJ001,สองชั้น เที่ยวแรก,120,มซ19,มซ
TYJ001,สองชั้น เที่ยวแรก,121,ดซ05,ดซ
TYJ001,สองชั้น เที่ยวแรก,122,ดซ05,ดซ
TYJ001,สองชั้น เที่ยวแรก,123,ลซ40,ลซ
TYJ001,สองชั้น เที่ยวแรก,124,ดด01,ดด
TYJ001,สองชั้น เที่ยวแรก,125,ดด01,ดด
TYJ001,สองชั้น เที่ยวแรก,126,ดด01,ดด
TYJ001,สองชั้น เที่ยวแรก,127,ดด01,ดด
TYJ001,สองชั้น เที่ยวแรก,128,ดด01,ดด
TYJ001,สองชั้น เที่ยวแรก,129,ดด01,ดด
TYJ001,สองชั้น เที่ยวแรก,130,ซร30,ซร
TYJ001,สองชั้น เที่ยวแรก,131,ซซ33,ซซ
TYJ001,สองชั้น เที่ยวแรก,132,ซล34,ซล
TYJ001,สองชั้น เที่ยวแรก,133,ซด29,ซด
TYJ001,สองชั้น เที่ยวแรก,134,ดด01,ดด
TYJ001,สองชั้น เที่ยวแรก,135,ซร30,ซร
TYJ001,สองชั้น เที่ยวแรก,136,ซซ33,ซซ
TYJ001,สองชั้น เที่ยวแรก,137,ซซ33,ซซ
TYJ001,สองชั้น เที่ยวแรก,138,ซซ33,ซซ
TYJ001,สองชั้น เที่ยวแรก,139,ซซ33,ซซ
TYJ001,สองชั้น เที่ยวแรก,140,ซซ33,ซซ
TYJ001,สองชั้น เที่ยวแรก,141,ซซ33,ซซ
TYJ001,สองชั้น เที่ยวแรก,142,ซซ33,ซซ
TYJ001,สองชั้น เที่ยวแรก,143,ซซ33,ซซ
TYJ001,สองชั้น เที่ยวแรก,144,ลซ40,ลซ
TYJ001,สองชั้น เที่ยวแรก,145,ดด01,ดด
TYJ001,สองชั้น เที่ยวแรก,146,ซด29,ซด
TYJ001,สองชั้น เที่ยวแรก,147,ซด29,ซด
TYJ001,สองชั้น เที่ยวแรก,148,ซด29,ซด
TYJ001,สองชั้น เที่ยวแรก,149,ซด29,ซด
TYJ001,สองชั้น เที่ยวแรก,150,ซด29,ซด
TYJ001,สองชั้น เที่ยวแรก,151,ซด29,ซด
TYJ001,สองชั้น เที่ยวแรก,152,ดด01,ดด
TYJ001,สองชั้น เที่ยวแรก,153,ดด01,ดด
TYJ001,สองชั้น เที่ยวแรก,154,ดด01,ดด
TYJ001,สองชั้น เที่ยวแรก,155,ดด01,ดด
TYJ001,ชั้นเดียว เที่ยวแรก,156,รซ12,รซ
TYJ001,ชั้นเดียว เที่ยวแรก,157,ซซ33,ซซ
TYJ001,ชั้นเดียว เที่ยวแรก,158,ดด01,ดด
TYJ001,ชั้นเดียว เที่ยวแรก,159,รซ12,รซ
TYJ001,ชั้นเดียว เที่ยวแรก,160,ซซ33,ซซ
TYJ001,ชั้นเดียว เที่ยวแรก,161,ซซ33,ซซ
TYJ001,ชั้นเดียว เที่ยวแรก,162,ดด01,ดด
TYJ001,ชั้นเดียว เที่ยวแรก,163,ดร02,ดร
TYJ001,ชั้นเดียว เที่ยวแรก,164,ซซ33,ซซ
TYJ001,ชั้นเดียว เที่ยวแรก,165,ซด29,ซด
TYJ001,ชั้นเดียว เที่ยวแรก,166,ดร02,ดร
TYJ001,ชั้นเดียว เที่ยวแรก,167,ซซ33,ซซ
TYJ001,ชั้นเดียว เที่ยวแรก,168,ซซ33,ซซ
TYJ001,ชั้นเดียว เที่ยวแรก,169,ซซ33,ซซ
TYJ001,ชั้นเดียว เที่ยวแรก,170,ดด01,ดด
TYJ001,ชั้นเดียว เที่ยวแรก,171,ดด01,ดด
TYJ001,ชั้นเดียว เที่ยวแรก,172,ดร02,ดร
TYJ001,ชั้นเดียว เที่ยวแรก,173,ซล34,ซล
TYJ001,ชั้นเดียว เที่ยวแรก,174,ดร02,ดร
TYJ001,ชั้นเดียว เที่ยวแรก,175,ซล34,ซล
TYJ001,ชั้นเดียว เที่ยวแรก,176,ดซ05,ดซ
TYJ001,ชั้นเดียว เที่ยวแรก,177,ซล34,ซล
TYJ001,ชั้นเดียว เที่ยวแรก,178,ลด36,ลด
TYJ001,ชั้นเดียว เที่ยวแรก,179,ดร02,ดร
TYJ001,ชั้นเดียว เที่ยวแรก,180,รซ12,รซ
TYJ001,ชั้นเดียว เที่ยวแรก,181,ซล34,ซล
TYJ001,ชั้นเดียว เที่ยวแรก,182,ลด36,ลด
TYJ001,ชั้นเดียว เที่ยวแรก,183,ดร02,ดร
TYJ001,ชั้นเดียว เที่ยวแรก,184,รซ12,รซ
TYJ001,ชั้นเดียว เที่ยวแรก,185,ลด36,ลด
TYJ001,ชั้นเดียว เที่ยวแรก,186,รซ12,รซ
TYJ001,ชั้นเดียว เที่ยวแรก,187,ลด36,ลด
TYJ001,ชั้นเดียว เที่ยวแรก,188,รล13,รล
TYJ001,ชั้นเดียว เที่ยวแรก,189,รล13,รล
TYJ001,ชั้นเดียว เที่ยวแรก,190,รร09,รร
TYJ001,ชั้นเดียว เที่ยวแรก,191,รร09,รร
TYJ001,ลูกหมด,192,รร09,รร
TYJ001,ลูกหมด,193,ทร44,ทร
RCF001,ครวญหา,1,ซซ33,ซซ
RCF001,ครวญหา,2,มด15,มด
RCF001,ครวญหา,3,ลม38,ลม
RCF001,ครวญหา,4,ซร30,ซร
RCF001,ครวญหา,5,มด15,มด
RCF001,ครวญหา,6,ลล41,ลล
RCF001,จีนถอน,7,ลม38,ลม
RCF001,จีนถอน,8,ลม38,ลม
RCF001,จีนถอน,9,ลม38,ลม
RCF001,จีนถอน,10,ลล41,ลล
RCF001,จีนถอน,11,รร09,รร
RCF001,จีนถอน,12,รซ12,รซ
RCF001,จีนถอน,13,ลซ40,ลซ
RCF001,จีนถอน,14,ซร30,ซร
RCF001,จีนถอน,15,ลล41,ลล
RCF001,จีนถอน,16,รม10,รม
RCF001,จีนรัว,17,รร09,รร
RCF001,จีนรัว,18,รซ12,รซ
RCF001,จีนรัว,19,ซซ33,ซซ
RCF001,จีนรัว,20,ซม31,ซม
RCF001,จีนรัว,21,มร16,มร
RCF001,วรรคจบเพลง,22,รร09,รร
RCG001,สองชั้น,1,รม10,รม
RCG001,สองชั้น,2,ซล34,ซล
RCG001,สองชั้น,3,ซด29,ซด
RCG001,สองชั้น,4,ดล06,ดล
RCG001,ชั้นเดียว ท่อน 1,5,รม10,รม
RCG001,ชั้นเดียว ท่อน 1,6,ซล34,ซล
RCG001,ชั้นเดียว ท่อน 1,7,ซด29,ซด
RCG001,ชั้นเดียว ท่อน 1,8,ดล06,ดล
RCG001,ชั้นเดียว ท่อน 2,9,มล20,มล
RCG001,ชั้นเดียว ท่อน 2,10,มล20,มล
RCG001,ชั้นเดียว ท่อน 2,11,ดล06,ดล
RCG001,ชั้นเดียว ท่อน 2,12,ดล06,ดล
RCG001,วรรคจบเพลง,13,ลร37,ลร
RCG001,วรรคจบเพลง,14,รร09,รร
RCG001,วรรคจบเพลง,15,รร09,รร
RCG001,วรรคจบเพลง,16,ทซ47,ทซ
RCH001,ท่อน 1 วรรคที่ 1,1,ฟร23,ฟร
RCH001,ท่อน 1 วรรคที่ 1,2,ลฟ39,ลฟ
RCH001,ท่อน 1 วรรคที่ 2,3,ลล41,ลล
RCH001,ท่อน 1 วรรคที่ 2,4,ลร37,ลร
RCH001,ท่อน 2,5,รล13,รล
RCH001,ท่อน 2,6,ลร37,ลร
RCH001,ท่อน 2,7,รด08,รด
RCH001,ท่อน 2,8,รฟ11,รฟ
RCH001,ชั้นเดียว วรรคที่ 1,9,ฟล27,ฟล
RCH001,ชั้นเดียว วรรคที่ 1,10,ลฟ39,ลฟ
RCH001,ชั้นเดียว วรรคที่ 2,11,ลฟ39,ลฟ
RCH001,ชั้นเดียว วรรคที่ 3,12,ลฟ39,ลฟ
RCH001,ชั้นเดียว วรรคที่ 4,13,ฟฟ25,ฟฟ
RCH001,วรรคจบเพลง,14,ดฟ04,ดฟ
RCI001,วรรคขึ้นเพลง,1,มฟ18,มฟ
RCI001,วรรคขึ้นเพลง,2,ดซ05,ดซ
RCI001,วรรคขึ้นเพลง,3,ซด29,ซด
RCI001,วรรคขึ้นเพลง,4,ลฟ39,ลฟ
RCI001,ไถนา ท่อน 1,5,ฟฟ25,ฟฟ
RCI001,ไถนา ท่อน 1,6,ฟฟ25,ฟฟ
RCI001,ไถนา ท่อน 1,7,ฟล27,ฟล
RCI001,ไถนา ท่อน 1,8,ลฟ39,ลฟ
RCI001,ไถนา ท่อน 2,9,มด15,มด
RCI001,ไถนา ท่อน 2,10,ดล06,ดล
RCI001,ไถนา ท่อน 2,11,ลล41,ลล
RCI001,ไถนา ท่อน 2,12,ลฟ39,ลฟ
RCI001,หว่านข้าว ท่อน 1,13,ซล34,ซล
RCI001,หว่านข้าว ท่อน 1,14,ลซ40,ลซ
RCI001,หว่านข้าว ท่อน 1,15,ดซ05,ดซ
RCI001,หว่านข้าว ท่อน 1,16,รฟ11,รฟ
RCI001,หว่านข้าว ท่อน 2,17,รล13,รล
RCI001,หว่านข้าว ท่อน 2,18,ลซ40,ลซ
RCI001,หว่านข้าว ท่อน 2,19,ซด29,ซด
RCI001,หว่านข้าว ท่อน 2,20,ซฟ32,ซฟ
RCI001,ทำขวัญข้าว ท่อน 1,21,รล13,รล
RCI001,ทำขวัญข้าว ท่อน 1,22,ดซ05,ดซ
RCI001,ทำขวัญข้าว ท่อน 1,23,ซซ33,ซซ
RCI001,ทำขวัญข้าว ท่อน 1,24,ฟล27,ฟล
RCI001,ทำขวัญข้าว ท่อน 2,25,ลด36,ลด
RCI001,ทำขวัญข้าว ท่อน 2,26,ลฟ39,ลฟ
RCI001,เกี่ยวข้าว ท่อน 1,27,ฟฟ25,ฟฟ
RCI001,เกี่ยวข้าว ท่อน 1,28,ดล06,ดล
RCI001,เกี่ยวข้าว ท่อน 1,29,ซฟ32,ซฟ
RCI001,เกี่ยวข้าว ท่อน 2,30,ดซ05,ดซ
RCI001,เกี่ยวข้าว ท่อน 2,31,รล13,รล
RCI001,เกี่ยวข้าว ท่อน 2,32,ซฟ32,ซฟ
RCI001,ท้ายเพลงเต้นกำรำเคียว,33,ดด01,ดด
RCI001,ท้ายเพลงเต้นกำรำเคียว,34,ดด01,ดด
RCI001,ท้ายเพลงเต้นกำรำเคียว,35,ดด01,ดด
RCI001,ท้ายเพลงเต้นกำรำเคียว,36,ฟซ26,ฟซ
RCI001,ท้ายเพลงเต้นกำรำเคียว,37,ดด01,ดด
LMP001,-,1,ลร37,ลร
LMP001,-,2,ฟด22,ฟด
LMP001,-,3,ลซ40,ลซ
LMP001,-,4,รร09,รร
LMM001,-,1,ฟร23,ฟร
LMM001,-,2,รซ12,รซ
LMM001,-,3,ซท35,ซท
LMM001,-,4,ลฟ39,ลฟ
NGR001,ต้นบท ปี่ขึ้น,1,รซ12,รซ
NGR001,ต้นบท ปี่ขึ้น,2,รซ12,รซ
NGR001,ต้นบท ระนาดเอก,3,มซ19,มซ
NGR001,ต้นบท รับพร้อมกัน,4,ลล41,ลล
NGR001,ต้นบท รับพร้อมกัน,5,ลล41,ลล
NGR001,สามชั้น เที่ยวแรก (สร้อย),6,ลด36,ลด
NGR001,สามชั้น เที่ยวแรก (สร้อย),7,ดล06,ดล
NGR001,สามชั้น ทำนองเที่ยวแรก,8,มล20,มล
NGR001,สามชั้น ทำนองเที่ยวแรก,9,มด15,มด
NGR001,สามชั้น ทำนองเที่ยวแรก,10,มล20,มล
NGR001,สามชั้น ทำนองเที่ยวแรก,11,ลซ40,ลซ
NGR001,สามชั้น ทำนองเที่ยวแรก,12,ลด36,ลด
NGR001,สามชั้น ทำนองเที่ยวแรก,13,รม10,รม
NGR001,สามชั้น ทำนองเที่ยวแรก,14,ลด36,ลด
NGR001,สามชั้น ทำนองเที่ยวแรก,15,รล13,รล
NGR001,สามชั้น เที่ยวกลับ (สร้อย),16,ลด36,ลด
NGR001,สามชั้น เที่ยวกลับ (สร้อย),17,ดล06,ดล
NGR001,สามชั้น ทำนองเที่ยวกลับ,18,มล20,มล
NGR001,สามชั้น ทำนองเที่ยวกลับ,19,มล20,มล
NGR001,สามชั้น ทำนองเที่ยวกลับ,20,มล20,มล
NGR001,สามชั้น ทำนองเที่ยวกลับ,21,ลซ40,ลซ
NGR001,สามชั้น ทำนองเที่ยวกลับ,22,ลด36,ลด
NGR001,สามชั้น ทำนองเที่ยวกลับ,23,รม10,รม
NGR001,สามชั้น ทำนองเที่ยวกลับ,24,ลด36,ลด
NGR001,สามชั้น ทำนองเที่ยวกลับ,25,รล13,รล
NGR001,สองชั้น เที่ยวแรก (สร้อย),26,ดล06,ดล
NGR001,สองชั้น ทำนองเที่ยวแรก,27,ลล41,ลล
NGR001,สองชั้น ทำนองเที่ยวแรก,28,ลซ40,ลซ
NGR001,สองชั้น ทำนองเที่ยวแรก,29,ลม38,ลม
NGR001,สองชั้น ทำนองเที่ยวแรก,30,ดล06,ดล
NGR001,สองชั้น เที่ยวกลับ (สร้อย),31,ดล06,ดล
NGR001,สองชั้น ทำนองเที่ยวกลับ,32,ดด01,ดด
NGR001,สองชั้น ทำนองเที่ยวกลับ,33,ลซ40,ลซ
NGR001,สองชั้น ทำนองเที่ยวกลับ,34,ลม38,ลม
NGR001,สองชั้น ทำนองเที่ยวกลับ,35,ดล06,ดล
NGR001,ชั้นเดียว ทำนองเที่ยวแรก,36,ลซ40,ลซ
NGR001,ชั้นเดียว ทำนองเที่ยวแรก,37,มล20,มล
NGR001,ชั้นเดียว ทำนองเที่ยวกลับ,38,ลซ40,ลซ
NGR001,ชั้นเดียว ทำนองเที่ยวกลับ,39,มล20,มล
NGR001,ลูกหมด,40,ลล41,ลล
NGR001,ลูกหมด,41,ลร37,ลร
NGR001,ลูกหมด,42,รร09,รร
NGR001,ลูกหมด,43,รร09,รร
NGR001,ลูกหมด,44,รร09,รร
NGR001,ลูกหมด,45,รร09,รร
CDJ001,ตัวที่ 1,1,มม17,มม
CDJ001,ตัวที่ 1,2,มม17,มม
CDJ001,ตัวที่ 1,3,ซล34,ซล
CDJ001,ตัวที่ 1,4,ลม38,ลม
CDJ001,ตัวที่ 1,5,รล13,รล
CDJ001,ตัวที่ 1,6,รล13,รล
CDJ001,ตัวที่ 1,7,ลด36,ลด
CDJ001,ตัวที่ 1,8,มม17,มม
CDJ001,ตัวที่ 1,9,ดม03,ดม
CDJ001,ตัวที่ 1,10,ลซ40,ลซ
CDJ001,ตัวที่ 1,11,มม17,มม
CDJ001,ตัวที่ 1,12,รล13,รล
CDJ001,ตัวที่ 1,13,รม10,รม
CDJ001,ตัวที่ 1,14,ลร37,ลร
CDJ001,ตัวที่ 1,15,มด15,มด
CDJ001,ตัวที่ 1,16,มม17,มม
CDJ001,ตัวที่ 1,17,มด15,มด
CDJ001,ตัวที่ 1,18,มม17,มม
CDJ001,ตัวที่ 1,19,มร16,มร
CDJ001,ตัวที่ 1,20,ดร02,ดร
CDJ001,ตัวที่ 1,21,ดล06,ดล
CDJ001,ตัวที่ 1,22,รซ12,รซ
CDJ001,ตัวที่ 2,23,รร09,รร
CDJ001,ตัวที่ 2,24,รร09,รร
CDJ001,ตัวที่ 2,25,รร09,รร
CDJ001,ตัวที่ 2,26,รร09,รร
CDJ001,ตัวที่ 2,27,รร09,รร
CDJ001,ตัวที่ 2,28,รร09,รร
CDJ001,ตัวที่ 2,29,รร09,รร
CDJ001,ตัวที่ 2,30,รล13,รล
CDJ001,ตัวที่ 2,31,ลล41,ลล
CDJ001,ตัวที่ 2,32,ลล41,ลล
CDJ001,ตัวที่ 2,33,ลล41,ลล
CDJ001,ตัวที่ 2,34,ลล41,ลล
CDJ001,ตัวที่ 2,35,ลล41,ลล
CDJ001,ตัวที่ 2,36,ลล41,ลล
CDJ001,ตัวที่ 2,37,ลล41,ลล
CDJ001,ตัวที่ 2,38,ลล41,ลล
CDJ001,ตัวที่ 2,39,ลล41,ลล
CDJ001,ตัวที่ 2,40,ลล41,ลล
CDJ001,ตัวที่ 2,41,รม10,รม
CDJ001,ตัวที่ 2,42,รล13,รล
CDJ001,ตัวที่ 2,43,ลด36,ลด
CDJ001,ตัวที่ 2,44,ลล41,ลล
CDJ001,ตัวที่ 2,45,ลล41,ลล
CDJ001,ตัวที่ 2,46,ลล41,ลล
CDJ001,ตัวที่ 2,47,ลล41,ลล
CDJ001,ตัวที่ 2,48,ลล41,ลล
CDJ001,ตัวที่ 2,49,ดล06,ดล
CDJ001,ตัวที่ 2,50,ดล06,ดล
CDJ001,ตัวที่ 2,51,ลล41,ลล
CDJ001,ตัวที่ 2,52,ลล41,ลล
CDJ001,ตัวที่ 2,53,ลล41,ลล
CDJ001,ตัวที่ 2,54,ลล41,ลล
CDJ001,ตัวที่ 2,55,ลล41,ลล
CDJ001,ตัวที่ 2,56,รร09,รร
CDJ001,ตัวที่ 2,57,รร09,รร
CDJ001,ตัวที่ 2,58,ซม31,ซม
CDJ001,ตัวที่ 2,59,รม10,รม
CDJ001,ตัวที่ 2,60,มซ19,มซ
CDJ001,ตัวที่ 2,61,มม17,มม
CDJ001,ตัวที่ 2,62,มม17,มม
CDJ001,ตัวที่ 2,63,มม17,มม
CDJ001,ตัวที่ 2,64,มม17,มม
CDJ001,ตัวที่ 2,65,ดม03,ดม
CDJ001,ตัวที่ 2,66,ดม03,ดม
CDJ001,ตัวที่ 2,67,ซม31,ซม
CDJ001,ตัวที่ 2,68,ซม31,ซม
CDJ001,ตัวที่ 2,69,มม17,มม
CDJ001,ตัวที่ 2,70,มม17,มม
CDJ001,ตัวที่ 2,71,มม17,มม
CDJ001,ตัวที่ 2,72,รม10,รม
CDJ001,ตัวที่ 2,73,รล13,รล
CDJ001,ตัวที่ 2,74,ดล06,ดล
CDJ001,ตัวที่ 2,75,ดล06,ดล
CDJ001,ตัวที่ 2,76,รซ12,รซ
CDJ001,ตัวที่ 3,77,ซด29,ซด
CDJ001,ตัวที่ 3,78,ซด29,ซด
CDJ001,ตัวที่ 3,79,ลล41,ลล
CDJ001,ตัวที่ 3,80,ดม03,ดม
CDJ001,ตัวที่ 3,81,ซด29,ซด
CDJ001,ตัวที่ 3,82,ดด01,ดด
CDJ001,ตัวที่ 3,83,ดด01,ดด
CDJ001,ตัวที่ 3,84,ดด01,ดด
CDJ001,ตัวที่ 3,85,ดด01,ดด
CDJ001,ตัวที่ 3,86,ดด01,ดด
CDJ001,ตัวที่ 3,87,ลล41,ลล
CDJ001,ตัวที่ 3,88,ดล06,ดล
CDJ001,ตัวที่ 3,89,ลล41,ลล
CDJ001,ตัวที่ 3,90,ลล41,ลล
CDJ001,ตัวที่ 3,91,รด08,รด
CDJ001,ตัวที่ 3,92,รด08,รด
CDJ001,ตัวที่ 3,93,รด08,รด
CDJ001,ตัวที่ 3,94,รด08,รด
CDJ001,ตัวที่ 3,95,รด08,รด
CDJ001,ตัวที่ 3,96,รด08,รด
CDJ001,ตัวที่ 3,97,ดด01,ดด
CDJ001,ตัวที่ 3,98,ดด01,ดด
CDJ001,ตัวที่ 3,99,ลล41,ลล
CDJ001,ตัวที่ 3,100,ลล41,ลล
CDJ001,ตัวที่ 3,101,ลล41,ลล
CDJ001,ตัวที่ 3,102,ลล41,ลล
CDJ001,ตัวที่ 3,103,ลล41,ลล
CDJ001,ตัวที่ 3,104,ลล41,ลล
CDJ001,ตัวที่ 3,105,ลล41,ลล
CDJ001,ตัวที่ 3,106,ลล41,ลล
CDJ001,ตัวที่ 3,107,ซร30,ซร
CDJ001,ตัวที่ 3,108,ลล41,ลล
CDJ001,ตัวที่ 3,109,มล20,มล
CDJ001,ตัวที่ 3,110,ลด36,ลด
CDJ001,ตัวที่ 3,111,ลล41,ลล
CDJ001,ตัวที่ 3,112,ลด36,ลด
CDJ001,ตัวที่ 3,113,ลด36,ลด
CDJ001,ตัวที่ 3,114,ลร37,ลร
CDJ001,ตัวที่ 4,115,ซม31,ซม
CDJ001,ตัวที่ 4,116,ดซ05,ดซ
CDJ001,ตัวที่ 4,117,มร16,มร
CDJ001,ตัวที่ 4,118,รร09,รร
CDJ001,ตัวที่ 4,119,รร09,รร
CDJ001,ตัวที่ 4,120,รร09,รร
CDJ001,ตัวที่ 4,121,รร09,รร
CDJ001,ตัวที่ 4,122,รร09,รร
CDJ001,ตัวที่ 4,123,ดร02,ดร
CDJ001,ตัวที่ 4,124,รร09,รร
CDJ001,ตัวที่ 4,125,มม17,มม
CDJ001,ตัวที่ 4,126,ดด01,ดด
CDJ001,ตัวที่ 4,127,ดด01,ดด
CDJ001,ตัวที่ 4,128,ดม03,ดม
CDJ001,ตัวที่ 4,129,มม17,มม
CDJ001,ตัวที่ 4,130,มม17,มม
CDJ001,ตัวที่ 4,131,มม17,มม
CDJ001,ตัวที่ 4,132,มด15,มด
CDJ001,ตัวที่ 4,133,ดด01,ดด
CDJ001,ตัวที่ 4,134,ดด01,ดด
CDJ001,ตัวที่ 4,135,ดด01,ดด
CDJ001,ตัวที่ 4,136,ดล06,ดล
CDJ001,ตัวที่ 4,137,มม17,มม
CDJ001,ตัวที่ 4,138,มด15,มด
CDJ001,ตัวที่ 4,139,ลร37,ลร
CDJ001,ตัวที่ 4,140,ซม31,ซม
CDJ001,ตัวที่ 4,141,มร16,มร
CDJ001,ตัวที่ 4,142,ดร02,ดร
CDJ001,ตัวที่ 4,143,ดร02,ดร
CDJ001,ตัวที่ 4,144,ซด29,ซด
CDJ001,ตัวที่ 4,145,ดด01,ดด
CDJ001,ตัวที่ 4,146,ดด01,ดด
CDJ001,ตัวที่ 4,147,ดด01,ดด
CDJ001,ตัวที่ 4,148,ดม03,ดม
CDJ001,เดี่ยวรอบวง,149,มด15,มด
CDJ001,รับพร้อมกัน,150,ดด01,ดด
CDJ001,รับพร้อมกัน,151,ดด01,ดด
CDJ001,รับพร้อมกัน,152,ดด01,ดด
CDJ001,รับพร้อมกัน,153,ดด01,ดด
CDJ001,รับพร้อมกัน,154,ดด01,ดด
CDJ001,รับพร้อมกัน,155,ดด01,ดด
CDJ001,รับพร้อมกัน,156,ลด36,ลด
CDJ001,รับพร้อมกัน,157,ลด36,ลด
CDJ001,รับพร้อมกัน,158,ดม03,ดม
CDJ001,รับพร้อมกัน,159,ดม03,ดม
CDJ001,รับพร้อมกัน,160,ดม03,ดม
CDJ001,รับพร้อมกัน,161,ดม03,ดม
CDJ001,รับพร้อมกัน,162,ดด01,ดด
CDJ001,รับพร้อมกัน,163,ดด01,ดด
CDJ001,รับพร้อมกัน,164,ดซ05,ดซ
CDJ001,รับพร้อมกัน,165,มด15,มด
CDJ001,รับพร้อมกัน,166,ซร30,ซร
CDJ001,รับพร้อมกัน,167,ลด36,ลด
CDJ001,รับพร้อมกัน,168,มร16,มร
CDJ001,รับพร้อมกัน,169,มร16,มร
CDJ001,รับพร้อมกัน,170,ดล06,ดล
CDJ001,รับพร้อมกัน,171,ดล06,ดล
CDJ001,รับพร้อมกัน,172,รซ12,รซ
TPN001,สามชั้น ท่อน 1,1,ดม03,ดม
TPN001,สามชั้น ท่อน 1,2,มซ19,มซ
TPN001,สามชั้น ท่อน 1,3,ลซ40,ลซ
TPN001,สามชั้น ท่อน 1,4,ซซ33,ซซ
TPN001,สามชั้น ท่อน 1,5,ลม38,ลม
TPN001,สามชั้น ท่อน 1,6,ลม38,ลม
TPN001,สามชั้น ท่อน 1,7,มด15,มด
TPN001,สามชั้น ท่อน 1,8,รด08,รด
TPN001,สามชั้น ท่อน 2,9,รล13,รล
TPN001,สามชั้น ท่อน 2,10,มล20,มล
TPN001,สามชั้น ท่อน 2,11,ลด36,ลด
TPN001,สามชั้น ท่อน 2,12,ดม03,ดม
TPN001,สามชั้น ท่อน 2,13,ลม38,ลม
TPN001,สามชั้น ท่อน 2,14,ลร37,ลร
TPN001,สามชั้น ท่อน 2,15,มด15,มด
TPN001,สามชั้น ท่อน 2,16,รด08,รด
TPN001,สองชั้น ท่อน 1,17,มซ19,มซ
TPN001,สองชั้น ท่อน 1,18,ซซ33,ซซ
TPN001,สองชั้น ท่อน 1,19,มม17,มม
TPN001,สองชั้น ท่อน 1,20,ดด01,ดด
TPN001,สองชั้น ท่อน 2,21,ลล41,ลล
TPN001,สองชั้น ท่อน 2,22,ดม03,ดม
TPN001,สองชั้น ท่อน 2,23,มร16,มร
TPN001,สองชั้น ท่อน 2,24,ดด01,ดด
TPN001,ชั้นเดียว ท่อน 1,25,มซ19,มซ
TPN001,ชั้นเดียว ท่อน 1,26,มด15,มด
TPN001,ชั้นเดียว ท่อน 2,27,ลม38,ลม
TPN001,ชั้นเดียว ท่อน 2,28,รด08,รด
TPN001,ลูกหมด,29,มร16,มร
TPN001,ลูกหมด,30,รร09,รร
KRB001,ท่อน 1,1,มม17,มม
KRB001,ท่อน 1,2,ทซ47,ทซ
KRB001,ท่อน 1,3,ซร30,ซร
KRB001,ท่อน 1,4,รร09,รร
KRB001,ท่อน 1,5,รร09,รร
KRB001,ท่อน 1,6,รร09,รร
KRB001,ท่อน 1,7,รร09,รร
KRB001,ท่อน 1,8,รร09,รร
KRB001,ท่อน 1,9,มม17,มม
KRB001,ท่อน 1,10,ทร44,ทร
KRB001,ท่อน 1,11,มร16,มร
KRB001,ท่อน 1,12,ทซ47,ทซ
KRB001,ท่อน 1,13,ซซ33,ซซ
KRB001,ท่อน 1,14,ดซ05,ดซ
KRB001,ท่อน 1,15,ดซ05,ดซ
KRB001,ท่อน 1,16,ดซ05,ดซ
KRB001,ท่อน 1,17,ดซ05,ดซ
KRB001,ท่อน 1,18,ซซ33,ซซ
KRB001,ท่อน 1,19,ซซ33,ซซ
KRB001,ท่อน 1,20,ซซ33,ซซ
KRB001,ท่อน 1,21,ซซ33,ซซ
KRB001,ท่อน 1,22,ซซ33,ซซ
KRB001,ท่อน 1,23,ทท49,ทท
KRB001,ท่อน 1,24,ลซ40,ลซ
KRB001,ท่อน 1,25,ดร02,ดร
KRB001,ท่อน 1,26,ซซ33,ซซ
KRB001,ท่อน 1,27,ซซ33,ซซ
KRB001,ท่อน 1,28,ซซ33,ซซ
KRB001,ท่อน 1,29,ซซ33,ซซ
KRB001,ท่อน 1,30,ซซ33,ซซ
KRB001,ท่อน 1,31,ซซ33,ซซ
KRB001,ท่อน 1,32,ทท49,ทท
KRB001,ท่อน 1,33,ลซ40,ลซ
KRB001,ท่อน 1,34,ลซ40,ลซ
KRB001,ท่อน 1,35,มร16,มร
KRB001,ท่อน 1,36,ซร30,ซร
KRB001,ท่อน 1,37,รร09,รร
KRB001,ท่อน 1,38,รร09,รร
KRB001,ท่อน 1,39,รร09,รร
KRB001,ท่อน 1,40,มม17,มม
KRB001,ท่อน 1,41,ทร44,ทร
KRB001,ท่อน 1,42,มร16,มร
KRB001,ท่อน 1,43,มร16,มร
KRB001,ท่อน 1,44,รร09,รร
KRB001,ท่อน 1,45,รร09,รร
KRB001,ท่อน 1,46,รร09,รร
KRB001,ท่อน 1,47,มม17,มม
KRB001,ท่อน 1,48,ทร44,ทร
KRB001,ท่อน 1,49,มร16,มร
KRB001,ท่อน 1,50,ลซ40,ลซ
KRB001,ท่อน 1,51,ทร44,ทร
KRB001,ท่อน 1,52,ซซ33,ซซ
KRB001,ท่อน 1,53,ซซ33,ซซ
KRB001,ท่อน 1,54,ซซ33,ซซ
KRB001,ท่อน 1,55,ซซ33,ซซ
KRB001,ท่อน 1,56,ซซ33,ซซ
KRB001,ท่อน 1,57,ซซ33,ซซ
KRB001,ท่อน 1,58,ซซ33,ซซ
KRB001,ท่อน 1,59,ซซ33,ซซ
KRB001,ท่อน 1,60,ซซ33,ซซ
KRB001,ท่อน 1,61,ซซ33,ซซ
KRB001,ท่อน 1,62,ทท49,ทท
KRB001,ท่อน 1,63,ลซ40,ลซ
KRB001,ท่อน 1,64,ดซ05,ดซ
KRB001,ท่อน 1,65,ดซ05,ดซ
KRB001,ท่อน 1,66,ซซ33,ซซ
KRB001,ท่อน 1,67,ซซ33,ซซ
KRB001,ท่อน 1,68,ซซ33,ซซ
KRB001,ท่อน 1,69,ทท49,ทท
KRB001,ท่อน 1,70,ลซ40,ลซ
KRB001,ท่อน 1,71,ลซ40,ลซ
KRB001,ท่อน 1,72,มร16,มร
KRB001,ท่อน 1,73,ซร30,ซร
KRB001,ท่อน 2,74,ดด01,ดด
KRB001,ท่อน 2,75,ดล06,ดล
KRB001,ท่อน 2,76,ลล41,ลล
KRB001,ท่อน 2,77,ดล06,ดล
KRB001,ท่อน 2,78,ดล06,ดล
KRB001,ท่อน 2,79,ดม03,ดม
KRB001,ท่อน 2,80,มม17,มม
KRB001,ท่อน 2,81,ลม38,ลม
KRB001,ท่อน 2,82,ลม38,ลม
KRB001,ท่อน 2,83,มม17,มม
KRB001,ท่อน 2,84,มม17,มม
KRB001,ท่อน 2,85,มม17,มม
KRB001,ท่อน 2,86,มม17,มม
KRB001,ท่อน 2,87,มม17,มม
KRB001,ท่อน 2,88,มด15,มด
KRB001,ท่อน 2,89,ลร37,ลร
KRB001,ท่อน 2,90,รด08,รด
KRB001,ท่อน 2,91,รด08,รด
KRB001,ท่อน 2,92,ลร37,ลร
KRB001,ท่อน 2,93,รด08,รด
KRB001,ท่อน 2,94,รด08,รด
KRB001,ท่อน 2,95,ดร02,ดร
KRB001,ท่อน 2,96,ซซ33,ซซ
KRB001,ท่อน 2,97,ซซ33,ซซ
KRB001,ท่อน 2,98,มซ19,มซ
KRB001,ท่อน 2,99,ซซ33,ซซ
KRB001,ท่อน 2,100,มซ19,มซ
KRB001,ท่อน 2,101,มซ19,มซ
KRB001,ท่อน 2,102,ซซ33,ซซ
KRB001,ท่อน 2,103,ซซ33,ซซ
KRB001,ท่อน 2,104,ซซ33,ซซ
KRB001,ท่อน 2,105,ซซ33,ซซ
KRB001,ท่อน 2,106,ซซ33,ซซ
KRB001,ท่อน 2,107,ทท49,ทท
KRB001,ท่อน 2,108,ลซ40,ลซ
KRB001,ท่อน 2,109,ลซ40,ลซ
KRB001,ท่อน 2,110,มร16,มร
KRB001,ท่อน 2,111,ซร30,ซร
KRB001,ท่อน 2,112,ดด01,ดด
KRB001,ท่อน 2,113,ดล06,ดล
KRB001,ท่อน 2,114,ลล41,ลล
KRB001,ท่อน 2,115,ดล06,ดล
KRB001,ท่อน 2,116,ดล06,ดล
KRB001,ท่อน 2,117,ดม03,ดม
KRB001,ท่อน 2,118,มม17,มม
KRB001,ท่อน 2,119,มม17,มม
KRB001,ท่อน 2,120,มม17,มม
KRB001,ท่อน 2,121,มม17,มม
KRB001,ท่อน 2,122,มม17,มม
KRB001,ท่อน 2,123,มม17,มม
KRB001,ท่อน 2,124,มม17,มม
KRB001,ท่อน 2,125,มม17,มม
KRB001,ท่อน 2,126,มม17,มม
KRB001,ท่อน 2,127,มม17,มม
KRB001,ท่อน 2,128,มม17,มม
KRB001,ท่อน 2,129,มม17,มม
KRB001,ท่อน 2,130,มม17,มม
KRB001,ท่อน 2,131,มด15,มด
KRB001,ท่อน 2,132,ลร37,ลร
KRB001,ท่อน 2,133,รด08,รด
KRB001,ท่อน 2,134,รด08,รด
KRB001,ท่อน 2,135,ลร37,ลร
KRB001,ท่อน 2,136,รด08,รด
KRB001,ท่อน 2,137,รด08,รด
KRB001,ท่อน 2,138,ดร02,ดร
KRB001,ท่อน 2,139,ซซ33,ซซ
KRB001,ท่อน 2,140,รซ12,รซ
KRB001,ท่อน 2,141,รซ12,รซ
KRB001,ท่อน 2,142,รซ12,รซ
KRB001,ท่อน 2,143,รซ12,รซ
KRB001,ท่อน 2,144,ซซ33,ซซ
KRB001,ท่อน 2,145,ซซ33,ซซ
KRB001,ท่อน 2,146,ซซ33,ซซ
KRB001,ท่อน 2,147,ซซ33,ซซ
KRB001,ท่อน 2,148,ซซ33,ซซ
KRB001,ท่อน 2,149,ทท49,ทท
KRB001,ท่อน 2,150,ลซ40,ลซ
KRB001,ท่อน 2,151,ลซ40,ลซ
KRB001,ลูกหมด,152,ลร37,ลร
KRB001,ลูกหมด,153,รร09,รร
KRB001,ลูกหมด,154,ลร37,ลร
